booking_id,passenger_id,flight_id,booking_date_id,status,seat_number,amount,amount_is_missing,payment_method
B1000,P1591,AI192,20250614,CANCELLED,3D,,,
B1001,P1803,6F026,20251102,CANCELLED,18A,,,
B1002,P1083,SJ010,20250825,CANCELLED,30C,6087.22,False,UPI
B1002,P1083,SJ010,20250825,CANCELLED,30C,2505.86,False,NETBANKING
B1003,P1364,AI069,20251230,CONFIRMED,33A,,,
B1004,P1885,UK003,20251002,PENDING,25C,12222.48,False,UPI
B1005,P1548,AI048,20250831,CONFIRMED,13D,13378.9,False,UPI
B1006,P1341,AI140,20250629,CANCELLED,17F,14980.37,False,NETBANKING
B1007,P1838,UK167,20260312,CONFIRMED,22E,,,
B1008,P1406,AI245,20250907,PENDING,34F,,,
B1009,P1424,SJ158,20250428,CANCELLED,33C,,,
B1010,P1743,AI155,20251124,CONFIRMED,15B,,True,NETBANKING
B1011,P1092,AI179,20251025,CONFIRMED,22C,2115.18,False,CARD
B1012,P1847,AI137,20250815,PENDING,28B,,True,CARD
B1012,P1847,AI137,20250815,PENDING,28B,4074.67,False,CARD
B1012,P1847,AI137,20250815,PENDING,28B,12647.86,False,CARD
B1012,P1847,AI137,20250815,PENDING,28B,6979.86,False,CARD
B1013,P1613,SJ001,20250720,CONFIRMED,26E,1176.33,False,UPI
B1014,P1411,SJ172,20250915,PENDING,21E,,,
B1015,P1431,UK094,20251021,UNKNOWN,6F,12008.1,False,CARD
B1015,P1431,UK094,20251021,UNKNOWN,6F,7601.56,False,CARD
B1016,P1677,UK027,20260113,CANCELLED,6A,14076.51,False,CARD
B1016,P1677,UK027,20260113,CANCELLED,6A,9724.26,False,NETBANKING
B1017,P1158,UK067,20260404,CONFIRMED,13B,,,
B1018,P1013,6F196,20260325,CANCELLED,19B,2588.63,False,UPI
B1019,P1372,6F164,20250731,CANCELLED,19A,14810.27,False,UPI
B1019,P1372,6F164,20250731,CANCELLED,19A,,True,UPI
B1019,P1372,6F164,20250731,CANCELLED,19A,3810.73,False,CARD
B1020,P1224,SJ112,20251206,CONFIRMED,27B,8150.35,False,NETBANKING
B1021,P1504,6F190,20251207,CANCELLED,4E,6949.93,False,UPI
B1022,P1072,AI080,20260325,CONFIRMED,16F,,,
B1023,P1248,6F213,20260203,PENDING,24B,13057.27,False,CARD
B1024,P1510,AI115,20250621,PENDING,30F,4857.79,False,UPI
B1025,P1602,SJ049,20260318,PENDING,1B,9721.62,False,CARD
B1025,P1602,SJ049,20260318,PENDING,1B,11899.89,False,UPI
B1025,P1602,SJ049,20260318,PENDING,1B,14501.45,False,CARD
B1026,P1215,AI058,20250627,CONFIRMED,32C,2015.66,False,NETBANKING
B1026,P1215,AI058,20250627,CONFIRMED,32C,11188.7,False,UPI
B1027,P1972,UK036,20250725,CONFIRMED,22A,7503.17,False,UPI
B1028,P1601,SJ239,20250525,CANCELLED,26E,,,
B1029,P1540,6F025,20250606,CANCELLED,19C,,,
B1030,P1946,6F236,20260318,CANCELLED,21E,,,
B1031,P1816,AI060,20251116,CANCELLED,1E,7056.42,False,CARD
B1032,P1938,UK021,20250903,CANCELLED,18E,,,
B1033,P1987,UK026,20250506,UNKNOWN,19A,9352.83,False,CARD
B1033,P1987,UK026,20250506,UNKNOWN,19A,,True,UPI
B1033,P1987,UK026,20250506,UNKNOWN,19A,7723.56,False,UPI
B1034,P1219,SJ179,20251231,CONFIRMED,22F,,,
B1035,P1839,6F251,20250821,PENDING,11D,,,
B1036,P1726,SJ149,20251124,PENDING,5B,5144.89,False,CARD
B1037,P1220,AI188,20260320,PENDING,33E,,,
B1038,P1388,SJ093,20260101,PENDING,12D,,,
B1039,P1553,SJ205,20250821,CONFIRMED,11E,6604.98,False,CARD
B1039,P1553,SJ205,20250821,CONFIRMED,11E,8185.34,False,UPI
B1039,P1553,SJ205,20250821,CONFIRMED,11E,9866.37,False,CARD
B1040,P1646,6F099,20250808,CONFIRMED,26B,,,
B1041,P1041,UK176,20250528,CONFIRMED,25C,13829.91,False,UPI
B1041,P1041,UK176,20250528,CONFIRMED,25C,9750.27,False,NETBANKING
B1042,P1675,UK200,20251202,CANCELLED,24F,14402.39,False,CARD
B1043,P1872,6F195,20251122,CANCELLED,8E,8291.6,False,UPI
B1044,P1282,6F174,20260412,PENDING,16C,1199.88,False,UPI
B1045,P1057,SJ214,20260319,UNKNOWN,18C,2330.65,False,NETBANKING
B1045,P1057,SJ214,20260319,UNKNOWN,18C,4401.56,False,UPI
B1045,P1057,SJ214,20260319,UNKNOWN,18C,,True,NETBANKING
B1046,P1813,UK059,20251014,CONFIRMED,2C,13689.48,False,UPI
B1046,P1813,UK059,20251014,CONFIRMED,2C,12592.83,False,UPI
B1047,P1833,6F151,20251229,PENDING,7C,,,
B1048,P1536,SJ236,20250919,PENDING,18C,,,
B1049,P1072,SJ153,20250728,UNKNOWN,3C,,,
B1050,P1884,AI220,20260115,PENDING,7D,13350.33,False,NETBANKING
B1051,P1922,6F028,20250705,CANCELLED,16A,10875.08,False,CARD
B1052,P1128,UK209,20251230,CANCELLED,33B,9827.3,False,CARD
B1053,P1598,UK216,20260401,PENDING,28B,4621.1,False,UPI
B1053,P1598,UK216,20260401,PENDING,28B,3081.42,False,CARD
B1054,P1841,AI132,20260411,CANCELLED,19C,,,
B1055,P1425,6F012,20251014,CANCELLED,13F,,,
B1056,P1947,UK173,20260324,CANCELLED,15B,3173.87,False,NETBANKING
B1056,P1947,UK173,20260324,CANCELLED,15B,,True,CARD
B1057,P1664,SJ047,20250820,CANCELLED,14F,1987.07,False,UPI
B1057,P1664,SJ047,20250820,CANCELLED,14F,10224.13,False,CARD
B1058,P1693,SJ043,20251207,PENDING,8C,,,
B1059,P1124,UK140,20260103,CONFIRMED,23B,10839.07,False,UPI
B1060,P1066,6F086,20251230,CONFIRMED,11A,11681.98,False,UPI
B1061,P1005,6F114,20260405,CANCELLED,19C,12021.5,False,CARD
B1061,P1005,6F114,20260405,CANCELLED,19C,6835.68,False,CARD
B1061,P1005,6F114,20260405,CANCELLED,19C,12722.62,False,NETBANKING
B1062,P1636,UK153,20250612,CANCELLED,15D,,,
B1063,P1313,6F149,20250519,CANCELLED,9A,,,
B1064,P1325,UK145,20250914,CONFIRMED,24E,14413.72,False,UPI
B1065,P1564,UK010,20260306,CANCELLED,7B,,,
B1066,P1577,SJ003,20251105,PENDING,1B,,,
B1067,P1825,SJ160,20250723,PENDING,7F,4488.44,False,UPI
B1067,P1825,SJ160,20250723,PENDING,7F,7570.06,False,UPI
B1067,P1825,SJ160,20250723,PENDING,7F,5374.84,False,NETBANKING
B1068,P1505,UK224,20251122,PENDING,23A,5274.94,False,NETBANKING
B1069,P1081,UK152,20250802,CONFIRMED,16E,14992.95,False,UPI
B1070,P1598,SJ034,20250922,CANCELLED,15D,5631.13,False,NETBANKING
B1071,P1001,UK215,20251221,CANCELLED,15F,,,
B1072,P1203,UK089,20250810,CANCELLED,18F,,,
B1073,P1661,6F180,20251204,CONFIRMED,16A,,,
B1074,P1804,6F188,20250925,CONFIRMED,7A,,,
B1075,P1403,UK131,20260103,CONFIRMED,2F,,,
B1076,P1102,UK055,20250504,CONFIRMED,12B,8247.5,False,CARD
B1077,P1535,UK181,20250503,PENDING,3A,2981.73,False,NETBANKING
B1077,P1535,UK181,20250503,PENDING,3A,8279.97,False,CARD
B1078,P1367,6F077,20250921,CONFIRMED,1B,,,
B1079,P1211,SJ085,20250603,CONFIRMED,10D,,,
B1080,P1576,SJ023,20250605,CONFIRMED,22D,6604.5,False,UPI
B1080,P1576,SJ023,20250605,CONFIRMED,22D,14564.92,False,CARD
B1081,P1960,SJ202,20251113,CANCELLED,29C,,,
B1082,P1208,SJ150,20250909,CANCELLED,30A,,,
B1083,P1762,SJ116,20250512,CANCELLED,9A,6777.38,False,NETBANKING
B1084,P1896,6F270,20250614,PENDING,16E,,,
B1085,P1116,UK150,20260324,PENDING,12A,11410.8,False,NETBANKING
B1086,P1627,SJ237,20260216,CONFIRMED,5D,3704.21,False,UPI
B1086,P1627,SJ237,20260216,CONFIRMED,5D,1169.75,False,UPI
B1087,P1748,AI221,20250508,CANCELLED,2F,1154.4,False,NETBANKING
B1087,P1748,AI221,20250508,CANCELLED,2F,2037.52,False,UPI
B1088,P1477,SJ081,20260325,PENDING,31A,7375.1,False,UPI
B1089,P1104,UK189,20250903,CANCELLED,25F,,,
B1090,P1494,SJ068,20250516,PENDING,31C,,,
B1091,P1770,6F043,20250818,PENDING,25D,,,
B1092,P1045,UK187,20260318,CONFIRMED,16D,9120.54,False,UPI
B1092,P1045,UK187,20260318,CONFIRMED,16D,5439.03,False,CARD
B1092,P1045,UK187,20260318,CONFIRMED,16D,1339.36,False,NETBANKING
B1093,P1822,UK074,20250511,CONFIRMED,25E,,,
B1094,P1330,UK004,20260107,PENDING,24C,6923.06,False,CARD
B1094,P1330,UK004,20260107,PENDING,24C,10637.23,False,CARD
B1095,P1215,6F194,20250730,CONFIRMED,14B,,,
B1096,P1981,UK068,20260103,PENDING,12B,9995.45,False,NETBANKING
B1096,P1981,UK068,20260103,PENDING,12B,8168.44,False,UPI
B1097,P1959,6F017,20250826,UNKNOWN,34F,,,
B1098,P1491,6F245,20251015,UNKNOWN,13D,10455.66,False,CARD
B1099,P1812,6F254,20251207,CONFIRMED,26E,,,
B1100,P1921,UK077,20260305,CONFIRMED,16D,,,
B1101,P1844,AI029,20250719,CONFIRMED,3D,2214.47,False,CARD
B1102,P1448,SJ196,20251006,UNKNOWN,15F,10265.07,False,UPI
B1102,P1448,SJ196,20251006,UNKNOWN,15F,14361.62,False,CARD
B1103,P1535,AI242,20250808,CANCELLED,20D,10750.13,False,NETBANKING
B1103,P1535,AI242,20250808,CANCELLED,20D,3312.42,False,NETBANKING
B1104,P1510,AI242,20250912,CANCELLED,16E,,,
B1105,P1457,SJ044,20250911,CONFIRMED,19F,14294.21,False,UPI
B1106,P1546,UK063,20250901,CONFIRMED,21F,,True,UPI
B1107,P1535,AI056,20250519,CONFIRMED,30F,,,
B1108,P1539,UK207,20251011,CANCELLED,14B,,,
B1109,P1483,UK166,20251203,CANCELLED,33D,13080.08,False,NETBANKING
B1110,P1975,6F261,20251217,PENDING,12B,,,
B1111,P1999,UK134,20251225,CANCELLED,34A,,True,NETBANKING
B1112,P1015,6F152,20251002,PENDING,27A,10855.19,False,UPI
B1112,P1015,6F152,20251002,PENDING,27A,9807.59,False,NETBANKING
B1113,P1570,SJ089,20251123,CONFIRMED,5A,9457.62,False,UPI
B1114,P1976,6F123,20250926,CANCELLED,2E,8187.33,False,NETBANKING
B1115,P1242,AI025,20250823,CONFIRMED,10A,8185.02,False,UPI
B1116,P1949,6F030,20251205,CONFIRMED,19B,9883.49,False,NETBANKING
B1117,P1206,SJ222,20250902,CONFIRMED,28F,11125.21,False,CARD
B1117,P1206,SJ222,20250902,CONFIRMED,28F,13517.5,False,UPI
B1118,P1911,UK109,20260403,CONFIRMED,34B,,True,NETBANKING
B1119,P1270,SJ117,20251125,CANCELLED,21F,14344.34,False,NETBANKING
B1119,P1270,SJ117,20251125,CANCELLED,21F,7924.37,False,CARD
B1120,P1760,SJ142,20250812,CONFIRMED,12D,,True,CARD
B1120,P1760,SJ142,20250812,CONFIRMED,12D,1037.82,False,CARD
B1120,P1760,SJ142,20250812,CONFIRMED,12D,1533.66,False,UPI
B1121,P1993,SJ142,20250601,PENDING,17C,,,
B1122,P1778,AI030,20250502,CANCELLED,20B,,,
B1123,P1704,6F097,20250923,CONFIRMED,8A,6074.04,False,UPI
B1123,P1704,6F097,20250923,CONFIRMED,8A,8451.44,False,NETBANKING
B1124,P1846,6F129,20250523,CANCELLED,5C,,True,CARD
B1124,P1846,6F129,20250523,CANCELLED,5C,2030.14,False,UPI
B1124,P1846,6F129,20250523,CANCELLED,5C,13723.54,False,UPI
B1125,P1729,6F181,20260115,PENDING,27E,,,
B1126,P1114,AI072,20251020,CONFIRMED,10E,,,
B1127,P1579,SJ154,20250629,PENDING,2E,,,
B1128,P1298,AI031,20260408,CONFIRMED,10D,,,
B1129,P1836,AI031,20250918,PENDING,26F,12008.51,False,UPI
B1130,P1482,6F158,20251226,CONFIRMED,34E,,,
B1131,P1396,6F184,20250616,CANCELLED,1C,3592.91,False,UPI
B1132,P1393,UK141,20250620,CONFIRMED,10D,,True,UPI
B1132,P1393,UK141,20250620,CONFIRMED,10D,2045.26,False,UPI
B1132,P1393,UK141,20250620,CONFIRMED,10D,2632.44,False,UPI
B1133,P1074,6F168,20251229,CANCELLED,23D,12903.74,False,NETBANKING
B1133,P1074,6F168,20251229,CANCELLED,23D,1296.69,False,NETBANKING
B1134,P1977,6F051,20250728,CONFIRMED,34C,,,
B1135,P1481,6F047,20251202,CONFIRMED,20E,10501.09,False,CARD
B1136,P1102,UK156,20251026,PENDING,28E,2857.01,False,NETBANKING
B1137,P1296,AI094,20250901,PENDING,13E,6179.22,False,CARD
B1137,P1296,AI094,20250901,PENDING,13E,3913.54,False,UPI
B1138,P1177,AI038,20250714,PENDING,6C,,,
B1139,P1214,6F255,20260119,CONFIRMED,29F,6016.05,False,UPI
B1140,P1966,SJ025,20260123,CONFIRMED,29D,8447.38,False,NETBANKING
B1140,P1966,SJ025,20260123,CONFIRMED,29D,,True,CARD
B1141,P1314,SJ185,20251028,CONFIRMED,9C,,,
B1142,P1038,6F259,20260121,CANCELLED,5C,4506.21,False,CARD
B1143,P1258,6F073,20260407,CANCELLED,15A,6360.73,False,NETBANKING
B1144,P1715,AI091,20250926,CONFIRMED,6D,,True,CARD
B1145,P1006,6F191,20250823,PENDING,15D,,,
B1146,P1048,UK228,20250830,PENDING,25A,,True,UPI
B1147,P1537,6F146,20260325,PENDING,11E,,,
B1148,P1160,6F068,20251013,CONFIRMED,19A,,,
B1149,P1868,SJ218,20260108,PENDING,30F,3280.83,False,UPI
B1149,P1868,SJ218,20260108,PENDING,30F,9112.92,False,CARD
B1150,P1175,UK083,20250925,CONFIRMED,12A,12535.73,False,NETBANKING
B1151,P1590,SJ007,20260118,CANCELLED,29B,,True,CARD
B1152,P1001,AI077,20250814,PENDING,27A,,,
B1153,P1894,UK017,20251220,CANCELLED,8D,5774.24,False,NETBANKING
B1154,P1454,6F229,20260217,PENDING,24A,9979.51,False,UPI
B1155,P1927,6F074,20251008,CONFIRMED,6D,,,
B1156,P1643,SJ088,20260325,CONFIRMED,5E,3413.47,False,NETBANKING
B1157,P1275,SJ167,20250628,CONFIRMED,18B,7902.25,False,NETBANKING
B1158,P1497,6F234,20250720,CONFIRMED,22A,14265.47,False,UPI
B1159,P1628,UK071,20251210,PENDING,22F,8897.78,False,CARD
B1159,P1628,UK071,20251210,PENDING,22F,,True,CARD
B1159,P1628,UK071,20251210,PENDING,22F,8064.97,False,CARD
B1160,P1675,AI178,20251121,CANCELLED,29A,5267.38,False,UPI
B1161,P1799,UK104,20251114,CONFIRMED,12A,7144.72,False,UPI
B1161,P1799,UK104,20251114,CONFIRMED,12A,9652.61,False,UPI
B1161,P1799,UK104,20251114,CONFIRMED,12A,7842.91,False,CARD
B1162,P1027,AI146,20250422,UNKNOWN,32D,,,
B1163,P1332,SJ235,20251110,CANCELLED,13D,,,
B1164,P1000,6F209,20250424,CONFIRMED,24A,2684.77,False,UPI
B1165,P1187,AI129,20250820,CANCELLED,2F,10424.86,False,NETBANKING
B1165,P1187,AI129,20250820,CANCELLED,2F,9442.05,False,UPI
B1165,P1187,AI129,20250820,CANCELLED,2F,13603.29,False,CARD
B1165,P1187,AI129,20250820,CANCELLED,2F,9627.79,False,CARD
B1166,P1055,SJ141,20260123,CONFIRMED,34D,5530.81,False,NETBANKING
B1167,P1546,SJ018,20260202,CANCELLED,9F,7043.11,False,CARD
B1167,P1546,SJ018,20260202,CANCELLED,9F,12224.46,False,UPI
B1167,P1546,SJ018,20260202,CANCELLED,9F,8032.22,False,NETBANKING
B1168,P1111,UK120,20251014,CANCELLED,11C,5435.83,False,CARD
B1169,P1797,AI078,20251115,CONFIRMED,11E,3795.6,False,NETBANKING
B1170,P1309,AI079,20250914,PENDING,15E,,,
B1171,P1035,UK087,20250919,CANCELLED,21A,7227.28,False,UPI
B1171,P1035,UK087,20250919,CANCELLED,21A,12677.76,False,UPI
B1171,P1035,UK087,20250919,CANCELLED,21A,3406.0,False,UPI
B1172,P1438,UK133,20260117,CONFIRMED,8F,9220.51,False,NETBANKING
B1172,P1438,UK133,20260117,CONFIRMED,8F,10384.47,False,NETBANKING
B1172,P1438,UK133,20260117,CONFIRMED,8F,5872.42,False,UPI
B1173,P1728,AI222,20250601,CANCELLED,22E,,True,UPI
B1174,P1591,6F049,20260412,CANCELLED,19D,,True,NETBANKING
B1175,P1825,6F105,20260129,PENDING,27D,10654.9,False,UPI
B1176,P1594,SJ226,20250417,CANCELLED,7C,,,
B1177,P1576,SJ227,20250729,CANCELLED,34D,12412.89,False,NETBANKING
B1178,P1324,6F034,20260205,CONFIRMED,34E,,True,NETBANKING
B1179,P1639,SJ078,20251003,CONFIRMED,33D,3495.66,False,UPI
B1179,P1639,SJ078,20251003,CONFIRMED,33D,4786.25,False,NETBANKING
B1179,P1639,SJ078,20251003,CONFIRMED,33D,2337.61,False,UPI
B1180,P1306,AI240,20260410,PENDING,22F,,,
B1181,P1533,SJ002,20260329,CANCELLED,12E,,,
B1182,P1727,AI044,20250811,CANCELLED,3A,9005.88,False,UPI
B1183,P1618,UK076,20250622,CANCELLED,8C,,,
B1184,P1108,6F232,20250801,PENDING,28E,,,
B1185,P1371,SJ228,20250816,CANCELLED,25E,13080.31,False,CARD
B1186,P1356,SJ074,20260404,CONFIRMED,1B,,,
B1187,P1180,UK229,20250804,PENDING,7F,6625.76,False,NETBANKING
B1188,P1355,AI208,20260404,CONFIRMED,6A,,,
B1189,P1675,AI019,20251123,CONFIRMED,14F,,,
B1190,P1067,6F029,20250523,PENDING,12B,,,
B1191,P1291,6F018,20250427,CONFIRMED,25B,,,
B1192,P1691,AI059,20250623,CANCELLED,7D,,True,UPI
B1193,P1180,AI159,20250522,PENDING,13D,,,
B1194,P1465,6F091,20250711,CONFIRMED,14F,,,
B1195,P1433,6F084,20250720,CANCELLED,10B,13205.17,False,UPI
B1195,P1433,6F084,20250720,CANCELLED,10B,6019.11,False,CARD
B1196,P1463,UK170,20260115,CANCELLED,20C,,,
B1197,P1680,UK212,20250519,CONFIRMED,2E,8876.86,False,CARD
B1198,P1913,SJ022,20250616,UNKNOWN,29A,1830.32,False,CARD
B1199,P1533,SJ075,20251213,PENDING,30E,12300.69,False,NETBANKING
B1199,P1533,SJ075,20251213,PENDING,30E,1198.83,False,CARD
B1200,P1065,UK177,20250917,CONFIRMED,16B,10067.38,False,NETBANKING
B1200,P1065,UK177,20250917,CONFIRMED,16B,14034.27,False,CARD
B1200,P1065,UK177,20250917,CONFIRMED,16B,6711.92,False,NETBANKING
B1201,P1020,UK206,20260201,CANCELLED,3A,7338.75,False,CARD
B1202,P1611,UK079,20250429,CANCELLED,29C,1973.12,False,UPI
B1203,P1383,UK040,20250621,CONFIRMED,3B,12774.63,False,NETBANKING
B1204,P1811,AI034,20250725,CONFIRMED,30A,14106.07,False,CARD
B1205,P1614,UK034,20251018,CONFIRMED,23F,10452.65,False,UPI
B1206,P1558,AI088,20250702,CONFIRMED,13A,,,
B1207,P1038,AI128,20250611,PENDING,26A,10823.99,False,CARD
B1208,P1284,SJ052,20250722,UNKNOWN,9A,9105.12,False,NETBANKING
B1208,P1284,SJ052,20250722,UNKNOWN,9A,12966.45,False,CARD
B1209,P1821,AI233,20251215,PENDING,3A,10307.2,False,NETBANKING
B1210,P1601,AI012,20260120,PENDING,3C,,,
B1211,P1596,AI084,20250707,CONFIRMED,34A,,,
B1212,P1784,6F126,20250708,PENDING,34B,8421.62,False,NETBANKING
B1213,P1335,SJ061,20250616,CONFIRMED,2E,,,
B1214,P1187,UK194,20250814,UNKNOWN,23B,,,
B1215,P1670,AI135,20250808,CANCELLED,28C,9065.13,False,NETBANKING
B1215,P1670,AI135,20250808,CANCELLED,28C,2886.02,False,NETBANKING
B1216,P1242,6F238,20251209,CONFIRMED,10A,1149.69,False,CARD
B1216,P1242,6F238,20251209,CONFIRMED,10A,12779.83,False,UPI
B1216,P1242,6F238,20251209,CONFIRMED,10A,5236.29,False,NETBANKING
B1217,P1072,6F092,20260319,CANCELLED,32C,,,
B1218,P1478,AI213,20251113,PENDING,2D,,,
B1219,P1973,UK193,20260215,CANCELLED,1B,,,
B1220,P1560,6F178,20260404,PENDING,29C,11075.72,False,UPI
B1221,P1100,AI158,20260306,CONFIRMED,19D,13658.68,False,UPI
B1221,P1100,AI158,20260306,CONFIRMED,19D,5138.43,False,UPI
B1222,P1513,UK208,20260330,PENDING,8A,,,
B1223,P1755,6F056,20260409,UNKNOWN,15A,1794.08,False,UPI
B1224,P1175,UK185,20251026,CONFIRMED,1E,,,
B1225,P1237,AI163,20260113,PENDING,4D,,True,CARD
B1225,P1237,AI163,20260113,PENDING,4D,3894.65,False,CARD
B1226,P1909,AI112,20250823,CONFIRMED,15C,8968.11,False,NETBANKING
B1227,P1058,AI227,20251023,CANCELLED,12A,,True,CARD
B1228,P1864,SJ083,20260417,CONFIRMED,29D,4629.36,False,CARD
B1228,P1864,SJ083,20260417,CONFIRMED,29D,7087.22,False,UPI
B1229,P1098,UK073,20260207,CONFIRMED,13F,,,
B1230,P1953,6F169,20250429,PENDING,6C,4531.77,False,CARD
B1231,P1870,UK154,20260406,CANCELLED,27D,6547.3,False,UPI
B1231,P1870,UK154,20260406,CANCELLED,27D,5009.12,False,UPI
B1232,P1953,SJ169,20251006,CONFIRMED,32F,,,
B1233,P1494,6F187,20250513,CANCELLED,5F,1617.29,False,NETBANKING
B1234,P1946,UK210,20251121,CANCELLED,33A,7984.22,False,CARD
B1235,P1979,6F250,20251223,PENDING,13D,,True,NETBANKING
B1235,P1979,6F250,20251223,PENDING,13D,1236.74,False,CARD
B1236,P1513,AI062,20250705,CONFIRMED,25A,,,
B1237,P1754,AI047,20251116,UNKNOWN,15B,,,
B1238,P1296,SJ186,20251020,UNKNOWN,8E,3231.46,False,UPI
B1239,P1210,AI217,20251117,CANCELLED,30A,8821.9,False,UPI
B1240,P1122,UK100,20251231,CONFIRMED,17A,12241.53,False,UPI
B1241,P1228,UK116,20251216,CONFIRMED,10A,,True,NETBANKING
B1242,P1593,6F036,20251201,CANCELLED,26C,,,
B1243,P1655,AI175,20260122,CANCELLED,29E,,,
B1244,P1387,UK051,20250818,CONFIRMED,27D,4953.56,False,CARD
B1245,P1139,6F201,20260417,UNKNOWN,26A,3162.91,False,CARD
B1246,P1540,6F230,20260409,CONFIRMED,33B,11516.06,False,CARD
B1247,P1390,SJ138,20250813,CANCELLED,15F,7658.69,False,CARD
B1248,P1269,AI246,20260304,PENDING,16B,,,
B1249,P1758,6F179,20250606,CANCELLED,26B,1969.22,False,UPI
B1249,P1758,6F179,20250606,CANCELLED,26B,3055.22,False,NETBANKING
B1250,P1011,6F031,20260128,CANCELLED,16F,6497.92,False,NETBANKING
B1251,P1866,UK015,20250830,PENDING,29A,6952.65,False,UPI
B1252,P1388,UK001,20250421,CANCELLED,27C,1480.08,False,CARD
B1253,P1336,6F133,20260227,CANCELLED,15E,2152.89,False,NETBANKING
B1253,P1336,6F133,20260227,CANCELLED,15E,14029.28,False,NETBANKING
B1254,P1505,6F143,20250722,CANCELLED,5D,,True,UPI
B1255,P1105,UK165,20250922,CANCELLED,23F,1412.67,False,CARD
B1256,P1031,6F083,20250810,CANCELLED,22B,2040.64,False,NETBANKING
B1257,P1073,AI082,20250819,CANCELLED,11C,13028.65,False,NETBANKING
B1258,P1170,AI164,20251028,CANCELLED,21F,,,
B1259,P1848,SJ155,20260119,CANCELLED,31F,12805.67,False,CARD
B1260,P1068,AI189,20260104,CANCELLED,1D,9458.88,False,NETBANKING
B1260,P1068,AI189,20260104,CANCELLED,1D,2117.99,False,NETBANKING
B1260,P1068,AI189,20260104,CANCELLED,1D,4716.99,False,NETBANKING
B1261,P1812,SJ057,20251221,CONFIRMED,34A,,,
B1262,P1361,SJ198,20250507,CONFIRMED,16F,3896.83,False,UPI
B1262,P1361,SJ198,20250507,CONFIRMED,16F,6722.37,False,UPI
B1263,P1648,6F122,20260103,CANCELLED,6C,1483.05,False,NETBANKING
B1263,P1648,6F122,20260103,CANCELLED,6C,10997.85,False,UPI
B1264,P1432,SJ097,20260415,CONFIRMED,12A,3936.86,False,NETBANKING
B1264,P1432,SJ097,20260415,CONFIRMED,12A,4662.75,False,UPI
B1265,P1928,UK203,20250806,PENDING,28F,,,
B1266,P1995,UK093,20260116,CONFIRMED,27F,14431.32,False,UPI
B1267,P1099,AI205,20250521,CANCELLED,32A,2158.29,False,CARD
B1267,P1099,AI205,20250521,CANCELLED,32A,14150.69,False,UPI
B1268,P1657,AI102,20260116,UNKNOWN,12A,13289.27,False,CARD
B1269,P1008,6F046,20250906,CONFIRMED,4C,6692.76,False,UPI
B1269,P1008,6F046,20250906,CONFIRMED,4C,14606.94,False,CARD
B1270,P1573,SJ017,20250602,UNKNOWN,22E,,,
B1271,P1696,6F156,20251020,PENDING,28B,12211.33,False,NETBANKING
B1272,P1028,AI068,20250718,PENDING,19A,7902.41,False,UPI
B1272,P1028,AI068,20250718,PENDING,19A,12486.95,False,UPI
B1272,P1028,AI068,20250718,PENDING,19A,,True,UPI
B1272,P1028,AI068,20250718,PENDING,19A,10043.5,False,CARD
B1273,P1892,AI150,20250605,UNKNOWN,28B,5268.31,False,UPI
B1273,P1892,AI150,20250605,UNKNOWN,28B,3873.81,False,CARD
B1274,P1113,UK008,20251015,PENDING,20D,8582.34,False,NETBANKING
B1275,P1461,6F166,20250711,PENDING,18F,,,
B1276,P1920,6F177,20250715,CONFIRMED,1A,9396.07,False,UPI
B1277,P1142,AI196,20260119,PENDING,12E,,,
B1278,P1389,SJ191,20250809,CONFIRMED,5B,,,
B1279,P1631,6F019,20250510,UNKNOWN,28C,5467.05,False,UPI
B1280,P1681,AI226,20260412,CONFIRMED,33B,,,
B1281,P1156,SJ207,20260121,CANCELLED,4A,4413.8,False,CARD
B1282,P1334,AI009,20251230,CANCELLED,8B,,,
B1283,P1860,AI103,20250508,UNKNOWN,29D,1369.37,False,NETBANKING
B1283,P1860,AI103,20250508,UNKNOWN,29D,7236.69,False,CARD
B1284,P1259,SJ127,20260222,CANCELLED,25F,4189.8,False,UPI
B1284,P1259,SJ127,20260222,CANCELLED,25F,8516.93,False,CARD
B1285,P1081,UK188,20260326,CANCELLED,25B,1207.32,False,NETBANKING
B1286,P1753,6F010,20250925,UNKNOWN,33B,,,
B1287,P1440,SJ098,20251213,CANCELLED,5F,14610.33,False,CARD
B1287,P1440,SJ098,20251213,CANCELLED,5F,7693.36,False,CARD
B1288,P1944,6F058,20251211,PENDING,18C,1114.05,False,CARD
B1288,P1944,6F058,20251211,PENDING,18C,8140.84,False,NETBANKING
B1289,P1171,SJ030,20260323,PENDING,24F,,True,UPI
B1289,P1171,SJ030,20260323,PENDING,24F,12016.99,False,NETBANKING
B1290,P1230,UK175,20250726,CANCELLED,16F,13471.57,False,UPI
B1291,P1719,SJ108,20260401,PENDING,28E,4129.39,False,NETBANKING
B1292,P1074,6F075,20250803,CONFIRMED,7C,13787.78,False,NETBANKING
B1292,P1074,6F075,20250803,CONFIRMED,7C,8321.74,False,UPI
B1293,P1269,UK222,20250831,CONFIRMED,25F,6227.3,False,NETBANKING
B1294,P1898,6F250,20250713,CANCELLED,34B,,,
B1295,P1625,AI096,20251229,CANCELLED,14B,,,
B1296,P1061,AI216,20251223,CANCELLED,1B,,,
B1297,P1873,6F193,20260123,PENDING,8A,,,
B1298,P1319,SJ194,20260102,PENDING,6C,,,
B1299,P1101,SJ020,20250911,CONFIRMED,16F,8842.93,False,CARD
B1300,P1428,6F070,20250614,PENDING,21C,,,
B1301,P1873,AI051,20250903,CONFIRMED,12A,14671.03,False,UPI
B1302,P1721,UK219,20251227,PENDING,3D,6515.83,False,NETBANKING
B1302,P1721,UK219,20251227,PENDING,3D,8423.69,False,NETBANKING
B1302,P1721,UK219,20251227,PENDING,3D,9282.39,False,UPI
B1303,P1953,AI235,20251213,CONFIRMED,20A,5866.4,False,CARD
B1303,P1953,AI235,20251213,CONFIRMED,20A,13806.55,False,NETBANKING
B1304,P1254,6F022,20251213,UNKNOWN,18E,,,
B1305,P1531,SJ114,20250928,PENDING,13C,13844.39,False,NETBANKING
B1306,P1569,SJ076,20251201,CONFIRMED,30A,9753.04,False,NETBANKING
B1307,P1111,UK227,20260126,PENDING,32E,12772.93,False,CARD
B1307,P1111,UK227,20260126,PENDING,32E,13498.4,False,CARD
B1308,P1984,UK135,20250722,CANCELLED,30D,9613.19,False,UPI
B1308,P1984,UK135,20250722,CANCELLED,30D,12097.48,False,UPI
B1309,P1312,AI234,20250506,CONFIRMED,30F,,,
B1310,P1997,6F113,20250820,PENDING,5D,7370.22,False,UPI
B1311,P1460,SJ206,20251116,PENDING,9D,,,
B1312,P1707,AI015,20260329,UNKNOWN,6E,,,
B1313,P1886,6F260,20250516,CANCELLED,33E,,,
B1314,P1461,AI061,20250428,CONFIRMED,19C,,True,NETBANKING
B1314,P1461,AI061,20250428,CONFIRMED,19C,7529.51,False,CARD
B1315,P1864,6F237,20260326,PENDING,9C,,,
B1316,P1091,SJ099,20260106,PENDING,27C,11302.63,False,UPI
B1317,P1051,SJ146,20260224,CANCELLED,21F,12552.7,False,NETBANKING
B1317,P1051,SJ146,20260224,CANCELLED,21F,7684.83,False,UPI
B1317,P1051,SJ146,20260224,CANCELLED,21F,13045.18,False,CARD
B1318,P1804,SJ146,20250523,CANCELLED,29B,4594.77,False,UPI
B1319,P1519,6F071,20250504,CONFIRMED,4C,5359.26,False,UPI
B1320,P1811,6F272,20250813,PENDING,6C,12788.34,False,UPI
B1320,P1811,6F272,20250813,PENDING,6C,9370.75,False,CARD
B1321,P1097,SJ029,20260212,PENDING,13A,,,
B1322,P1235,UK084,20250727,CONFIRMED,6E,,,
B1323,P1900,SJ048,20260206,CONFIRMED,14D,,,
B1324,P1373,AI108,20260204,CANCELLED,33B,7543.0,False,NETBANKING
B1324,P1373,AI108,20260204,CANCELLED,33B,,True,CARD
B1325,P1580,SJ134,20250811,CANCELLED,3B,4503.45,False,UPI
B1326,P1926,UK146,20251031,CONFIRMED,14F,,,
B1327,P1556,SJ036,20250924,CONFIRMED,26C,13822.99,False,UPI
B1328,P1648,6F202,20251101,PENDING,33B,,,
B1329,P1233,UK041,20260213,CONFIRMED,22C,6401.38,False,UPI
B1330,P1031,6F078,20251206,CONFIRMED,23A,,,
B1331,P1288,AI097,20250703,PENDING,22C,7131.5,False,NETBANKING
B1332,P1637,UK159,20260115,CONFIRMED,7D,4183.32,False,NETBANKING
B1333,P1578,UK044,20250906,CANCELLED,12B,2238.82,False,UPI
B1333,P1578,UK044,20250906,CANCELLED,12B,2372.08,False,NETBANKING
B1334,P1541,6F176,20250927,CANCELLED,6F,,,
B1335,P1113,SJ221,20260211,PENDING,4A,,,
B1336,P1203,6F112,20250703,CONFIRMED,22A,,,
B1337,P1028,6F246,20251020,UNKNOWN,4C,,,
B1338,P1642,6F014,20260221,CANCELLED,14C,,,
B1339,P1473,AI237,20250917,CANCELLED,28A,,,
B1340,P1696,6F003,20251214,CANCELLED,12E,,,
B1341,P1252,6F249,20250704,CONFIRMED,5A,9263.24,False,CARD
B1341,P1252,6F249,20250704,CONFIRMED,5A,,True,NETBANKING
B1342,P1797,UK149,20250429,CONFIRMED,4A,,True,NETBANKING
B1342,P1797,UK149,20250429,CONFIRMED,4A,10237.49,False,CARD
B1342,P1797,UK149,20250429,CONFIRMED,4A,8765.79,False,NETBANKING
B1343,P1904,SJ163,20260308,CONFIRMED,9F,,,
B1344,P1921,SJ243,20260328,CONFIRMED,1D,,,
B1345,P1385,UK113,20250606,CANCELLED,1A,,,
B1346,P1061,AI071,20250607,PENDING,30E,,,
B1347,P1514,6F271,20260207,PENDING,22A,12000.54,False,CARD
B1348,P1429,SJ015,20250605,CANCELLED,27E,,,
B1349,P1579,UK047,20251119,CANCELLED,9E,11101.75,False,CARD
B1350,P1536,UK020,20260204,PENDING,12A,13802.17,False,UPI
B1350,P1536,UK020,20260204,PENDING,12A,7709.03,False,CARD
B1350,P1536,UK020,20260204,PENDING,12A,8540.17,False,CARD
B1351,P1690,AI122,20250903,PENDING,27F,14687.44,False,UPI
B1352,P1140,UK223,20251020,CANCELLED,17D,2116.34,False,CARD
B1352,P1140,UK223,20251020,CANCELLED,17D,10103.51,False,UPI
B1353,P1742,6F148,20250919,CANCELLED,15F,,,
B1354,P1299,SJ162,20251214,CONFIRMED,34A,10023.88,False,UPI
B1355,P1674,6F127,20260330,CONFIRMED,28B,5421.14,False,CARD
B1355,P1674,6F127,20260330,CONFIRMED,28B,8877.37,False,CARD
B1356,P1310,AI173,20251110,PENDING,11F,,,
B1357,P1470,6F065,20260205,UNKNOWN,14A,6983.72,False,UPI
B1358,P1392,AI053,20250622,PENDING,20A,,,
B1359,P1641,AI241,20251022,CONFIRMED,14E,,True,CARD
B1359,P1641,AI241,20251022,CONFIRMED,14E,3097.73,False,CARD
B1359,P1641,AI241,20251022,CONFIRMED,14E,8949.59,False,UPI
B1359,P1641,AI241,20251022,CONFIRMED,14E,9519.49,False,UPI
B1360,P1444,AI105,20250615,UNKNOWN,18D,,,
B1361,P1757,AI110,20250824,PENDING,13F,5339.72,False,UPI
B1362,P1808,AI252,20251022,CONFIRMED,15B,,,
B1363,P1171,AI149,20251214,CANCELLED,3B,8554.62,False,NETBANKING
B1364,P1575,AI224,20250909,PENDING,23F,2061.92,False,CARD
B1364,P1575,AI224,20250909,PENDING,23F,10914.38,False,NETBANKING
B1364,P1575,AI224,20250909,PENDING,23F,1147.36,False,NETBANKING
B1365,P1030,UK158,20250703,CANCELLED,15B,,,
B1366,P1046,6F125,20250505,CANCELLED,25E,,,
B1367,P1129,UK164,20251214,CONFIRMED,18A,2379.52,False,CARD
B1367,P1129,UK164,20251214,CONFIRMED,18A,,True,UPI
B1368,P1351,UK007,20251226,CANCELLED,1E,9184.07,False,CARD
B1368,P1351,UK007,20251226,CANCELLED,1E,9111.32,False,CARD
B1368,P1351,UK007,20251226,CANCELLED,1E,3626.55,False,UPI
B1369,P1977,6F118,20260318,PENDING,15F,7583.98,False,UPI
B1369,P1977,6F118,20260318,PENDING,15F,,True,CARD
B1369,P1977,6F118,20260318,PENDING,15F,10519.7,False,UPI
B1370,P1844,SJ004,20260101,CANCELLED,19C,1770.53,False,UPI
B1370,P1844,SJ004,20260101,CANCELLED,19C,14742.11,False,UPI
B1371,P1621,6F206,20250925,CANCELLED,15E,,,
B1372,P1580,SJ130,20250511,CANCELLED,11D,4621.54,False,NETBANKING
B1372,P1580,SJ130,20250511,CANCELLED,11D,5975.68,False,CARD
B1373,P1057,SJ070,20260214,CANCELLED,22F,6540.32,False,UPI
B1374,P1105,AI085,20250424,CANCELLED,7F,,,
B1375,P1811,SJ109,20250902,CONFIRMED,15B,9150.53,False,UPI
B1375,P1811,SJ109,20250902,CONFIRMED,15B,10064.26,False,UPI
B1376,P1329,AI168,20250824,PENDING,16B,12718.31,False,NETBANKING
B1376,P1329,AI168,20250824,PENDING,16B,7199.9,False,UPI
B1376,P1329,AI168,20250824,PENDING,16B,,True,UPI
B1377,P1767,UK123,20251024,CONFIRMED,26A,,,
B1378,P1823,UK110,20260116,PENDING,30D,4050.66,False,UPI
B1378,P1823,UK110,20260116,PENDING,30D,10365.35,False,CARD
B1379,P1682,AI206,20251102,PENDING,31C,,,
B1380,P1382,6F007,20260416,PENDING,6B,14705.02,False,CARD
B1381,P1984,SJ013,20251111,PENDING,33A,7452.89,False,UPI
B1382,P1161,UK061,20250919,PENDING,20D,14862.46,False,UPI
B1383,P1996,AI010,20250924,CANCELLED,8C,,,
B1384,P1285,AI024,20250516,CONFIRMED,11D,5107.55,False,NETBANKING
B1385,P1070,UK130,20250608,CONFIRMED,30B,,,
B1386,P1766,AI161,20260312,CANCELLED,10A,,,
B1387,P1453,SJ208,20250723,PENDING,24F,,,
B1388,P1885,6F038,20250923,UNKNOWN,8D,10389.84,False,NETBANKING
B1388,P1885,6F038,20250923,UNKNOWN,8D,12160.17,False,UPI
B1389,P1566,6F085,20260222,UNKNOWN,30D,,True,NETBANKING
B1390,P1834,SJ028,20260309,CANCELLED,8C,,,
B1391,P1396,SJ084,20251126,CONFIRMED,21F,10930.16,False,CARD
B1391,P1396,SJ084,20251126,CONFIRMED,21F,14307.48,False,UPI
B1391,P1396,SJ084,20251126,CONFIRMED,21F,10231.31,False,CARD
B1392,P1514,AI139,20260327,CONFIRMED,21D,,,
B1393,P1025,UK179,20260406,PENDING,26E,5252.26,False,UPI
B1394,P1312,6F256,20250723,PENDING,23F,,,
B1395,P1125,UK023,20260210,UNKNOWN,23B,10317.13,False,NETBANKING
B1396,P1407,AI039,20250803,UNKNOWN,13E,1731.44,False,CARD
B1396,P1407,AI039,20250803,UNKNOWN,13E,14467.69,False,CARD
B1397,P1564,UK190,20260205,CANCELLED,28D,3065.33,False,NETBANKING
B1398,P1197,6F224,20260204,PENDING,3E,7148.95,False,NETBANKING
B1399,P1810,UK221,20250531,PENDING,7A,,,
B1400,P1187,SJ107,20260402,CANCELLED,12F,3063.78,False,UPI
B1401,P1697,UK155,20250420,UNKNOWN,21D,10393.94,False,CARD
B1401,P1697,UK155,20250420,UNKNOWN,21D,2700.51,False,UPI
B1401,P1697,UK155,20250420,UNKNOWN,21D,7755.08,False,CARD
B1402,P1816,UK183,20260321,CANCELLED,7E,9048.17,False,NETBANKING
B1402,P1816,UK183,20260321,CANCELLED,7E,7010.5,False,UPI
B1403,P1809,SJ203,20250508,PENDING,26A,,,
B1404,P1715,6F253,20260307,UNKNOWN,16A,7473.06,False,UPI
B1405,P1483,AI100,20250826,PENDING,32F,,,
B1406,P1449,6F140,20250624,CONFIRMED,15D,14922.3,False,NETBANKING
B1406,P1449,6F140,20250624,CONFIRMED,15D,6800.32,False,NETBANKING
B1407,P1522,UK048,20250826,CONFIRMED,25A,,,
B1408,P1870,SJ204,20250729,CONFIRMED,12F,6561.39,False,UPI
B1408,P1870,SJ204,20250729,CONFIRMED,12F,1244.03,False,NETBANKING
B1409,P1353,UK105,20260324,CONFIRMED,28C,1095.0,False,UPI
B1410,P1985,AI098,20260413,CONFIRMED,32C,,,
B1411,P1657,6F013,20251012,CANCELLED,1A,5888.25,False,CARD
B1411,P1657,6F013,20251012,CANCELLED,1A,7520.78,False,NETBANKING
B1412,P1596,6F128,20251118,CANCELLED,28E,10616.41,False,NETBANKING
B1413,P1099,SJ038,20251005,UNKNOWN,14A,,,
B1414,P1615,SJ182,20260107,CONFIRMED,25F,6182.07,False,NETBANKING
B1415,P1947,6F199,20260322,PENDING,23B,,,
B1416,P1557,SJ187,20250817,CANCELLED,20B,,,
B1417,P1555,AI182,20250818,PENDING,8E,3361.82,False,UPI
B1417,P1555,AI182,20250818,PENDING,8E,3890.23,False,UPI
B1418,P1277,SJ027,20250504,PENDING,19D,12326.46,False,CARD
B1419,P1692,SJ062,20260120,CONFIRMED,20E,3513.0,False,NETBANKING
B1419,P1692,SJ062,20260120,CONFIRMED,20E,1424.75,False,CARD
B1420,P1698,SJ161,20260224,CONFIRMED,27B,7161.79,False,UPI
B1421,P1989,UK058,20251003,UNKNOWN,23C,,,
B1422,P1625,AI181,20260104,CANCELLED,12D,4826.6,False,UPI
B1423,P1490,AI003,20250612,CONFIRMED,14A,,,
B1424,P1254,6F150,20251105,CANCELLED,11D,,,
B1425,P1380,SJ175,20250628,CANCELLED,34E,,,
B1426,P1891,6F041,20251215,CANCELLED,17C,,True,CARD
B1427,P1541,SJ040,20260415,CANCELLED,16E,,,
B1428,P1263,6F020,20250617,CONFIRMED,27C,,,
B1429,P1609,AI248,20250508,CANCELLED,27B,6939.44,False,CARD
B1429,P1609,AI248,20250508,CANCELLED,27B,9998.44,False,CARD
B1430,P1824,SJ016,20260208,CONFIRMED,11A,,,
B1431,P1878,UK204,20251121,CONFIRMED,31C,9678.57,False,CARD
B1431,P1878,UK204,20251121,CONFIRMED,31C,12583.38,False,NETBANKING
B1432,P1328,6F211,20250902,CANCELLED,9B,,,
B1433,P1114,SJ166,20250507,CONFIRMED,5B,1901.67,False,UPI
B1433,P1114,SJ166,20250507,CONFIRMED,5B,14067.26,False,CARD
B1434,P1275,AI036,20251019,PENDING,30C,4962.24,False,NETBANKING
B1434,P1275,AI036,20251019,PENDING,30C,1027.05,False,UPI
B1435,P1487,SJ215,20250918,CONFIRMED,1E,8589.93,False,CARD
B1436,P1280,AI076,20260105,CONFIRMED,20B,,,
B1437,P1274,SJ012,20251128,CANCELLED,24A,,,
B1438,P1772,AI073,20260401,UNKNOWN,20D,7670.85,False,UPI
B1439,P1842,SJ173,20251109,CONFIRMED,27E,7292.76,False,NETBANKING
B1440,P1718,AI193,20260309,CANCELLED,25E,,,
B1441,P1895,SJ131,20250922,UNKNOWN,13A,,,
B1442,P1327,AI225,20250602,PENDING,11E,11779.89,False,NETBANKING
B1443,P1210,AI190,20251009,CANCELLED,9E,,True,UPI
B1444,P1726,SJ238,20251225,CONFIRMED,7B,,,
B1445,P1922,6F005,20251221,PENDING,5F,9862.4,False,CARD
B1446,P1551,UK136,20250925,PENDING,23C,4197.73,False,UPI
B1446,P1551,UK136,20250925,PENDING,23C,3512.23,False,NETBANKING
B1446,P1551,UK136,20250925,PENDING,23C,,True,UPI
B1447,P1991,SJ063,20250521,CONFIRMED,15F,4676.01,False,NETBANKING
B1447,P1991,SJ063,20250521,CONFIRMED,15F,13762.65,False,NETBANKING
B1448,P1025,6F175,20251121,CANCELLED,9E,,,
B1449,P1026,AI037,20250523,PENDING,19A,,,
B1450,P1701,UK225,20251111,CONFIRMED,21C,,,
B1451,P1082,AI141,20250520,CONFIRMED,15E,10311.86,False,CARD
B1452,P1895,6F172,20260126,PENDING,3E,,,
B1453,P1945,6F219,20260207,CANCELLED,16F,1310.19,False,CARD
B1453,P1945,6F219,20260207,CANCELLED,16F,3957.99,False,UPI
B1454,P1681,AI045,20250816,PENDING,8E,,,
B1455,P1412,AI198,20260412,CONFIRMED,30A,14853.28,False,CARD
B1455,P1412,AI198,20260412,CONFIRMED,30A,12781.22,False,UPI
B1456,P1166,AI120,20250424,PENDING,17F,,,
B1457,P1699,6F134,20250611,CANCELLED,32D,5769.17,False,CARD
B1458,P1168,UK102,20251119,CONFIRMED,10B,8073.17,False,NETBANKING
B1459,P1800,SJ199,20250610,CANCELLED,1F,12554.5,False,CARD
B1459,P1800,SJ199,20250610,CANCELLED,1F,2103.45,False,UPI
B1459,P1800,SJ199,20250610,CANCELLED,1F,4427.75,False,UPI
B1460,P1978,6F235,20251001,PENDING,32E,,,
B1461,P1228,UK065,20251014,PENDING,33F,9618.57,False,UPI
B1461,P1228,UK065,20251014,PENDING,33F,14867.45,False,CARD
B1461,P1228,UK065,20251014,PENDING,33F,5775.44,False,NETBANKING
B1462,P1978,6F135,20251203,CANCELLED,26D,6497.79,False,CARD
B1463,P1608,SJ148,20260210,PENDING,31C,1141.0,False,UPI
B1463,P1608,SJ148,20260210,PENDING,31C,5703.58,False,NETBANKING
B1464,P1366,AI083,20260307,CANCELLED,6B,4535.96,False,CARD
B1465,P1527,UK024,20250702,PENDING,5C,,,
B1466,P1790,UK220,20250427,CANCELLED,28B,,,
B1467,P1646,UK115,20250430,CANCELLED,25A,13307.54,False,CARD
B1468,P1537,AI255,20250716,CONFIRMED,14F,11281.66,False,UPI
B1468,P1537,AI255,20250716,CONFIRMED,14F,14054.88,False,NETBANKING
B1469,P1863,6F001,20251225,CONFIRMED,11A,,,
B1470,P1523,6F132,20250527,CANCELLED,24E,,,
B1471,P1071,UK184,20260328,PENDING,8E,,,
B1472,P1644,6F098,20250606,PENDING,3D,,,
B1473,P1105,SJ168,20250719,PENDING,21F,,,
B1474,P1731,SJ178,20250728,CANCELLED,14C,12076.76,False,CARD
B1474,P1731,SJ178,20250728,CANCELLED,14C,10623.21,False,CARD
B1474,P1731,SJ178,20250728,CANCELLED,14C,10060.35,False,UPI
B1475,P1884,UK111,20260307,CANCELLED,2C,6101.41,False,CARD
B1475,P1884,UK111,20260307,CANCELLED,2C,12511.85,False,UPI
B1475,P1884,UK111,20260307,CANCELLED,2C,2786.72,False,NETBANKING
B1476,P1964,SJ051,20260227,CANCELLED,32E,,,
B1477,P1688,SJ193,20250706,CANCELLED,18E,9314.23,False,CARD
B1477,P1688,SJ193,20250706,CANCELLED,18E,3182.33,False,UPI
B1477,P1688,SJ193,20250706,CANCELLED,18E,4907.19,False,CARD
B1478,P1281,SJ039,20260224,CONFIRMED,28D,2928.68,False,CARD
B1479,P1132,UK066,20251217,CANCELLED,22B,6418.94,False,UPI
B1479,P1132,UK066,20251217,CANCELLED,22B,10059.56,False,NETBANKING
B1480,P1533,SJ050,20260314,PENDING,34B,3112.82,False,CARD
B1481,P1974,6F052,20250611,CONFIRMED,4D,,,
B1482,P1268,SJ170,20250829,PENDING,14E,10093.45,False,UPI
B1482,P1268,SJ170,20250829,PENDING,14E,7655.83,False,UPI
B1483,P1411,SJ119,20250609,UNKNOWN,26B,10562.26,False,CARD
B1484,P1672,AI219,20250507,CONFIRMED,13B,,,
B1485,P1618,6F220,20250705,CANCELLED,12D,,,
B1486,P1790,AI207,20250504,CONFIRMED,3D,6166.79,False,NETBANKING
B1486,P1790,AI207,20250504,CONFIRMED,3D,9435.36,False,CARD
B1486,P1790,AI207,20250504,CONFIRMED,3D,4695.45,False,UPI
B1487,P1864,6F024,20260126,PENDING,5E,,,
B1488,P1746,SJ073,20250504,CANCELLED,27E,9707.48,False,NETBANKING
B1488,P1746,SJ073,20250504,CANCELLED,27E,12915.55,False,NETBANKING
B1489,P1017,SJ201,20250708,CANCELLED,24F,,,
B1490,P1753,AI180,20260310,CONFIRMED,29B,,True,CARD
B1490,P1753,AI180,20260310,CONFIRMED,29B,1217.88,False,CARD
B1491,P1116,UK022,20250716,CONFIRMED,18F,6534.99,False,UPI
B1492,P1797,AI202,20260327,CANCELLED,29C,,,
B1493,P1793,6F212,20250601,CONFIRMED,26D,,,
B1494,P1143,6F163,20250609,CANCELLED,23F,,,
B1495,P1716,UK028,20251015,CONFIRMED,27D,11906.95,False,UPI
B1495,P1716,UK028,20251015,CONFIRMED,27D,5584.17,False,CARD
B1496,P1550,6F243,20260321,PENDING,7D,2901.65,False,UPI
B1497,P1928,AI165,20250902,CONFIRMED,11F,,,
B1498,P1665,UK099,20250718,PENDING,3D,,,
B1499,P1687,AI033,20250617,UNKNOWN,17C,,,
B1500,P1960,UK056,20250430,CONFIRMED,22D,1303.07,False,CARD
B1501,P1752,SJ122,20250904,CANCELLED,23D,,True,UPI
B1501,P1752,SJ122,20250904,CANCELLED,23D,14182.89,False,NETBANKING
B1501,P1752,SJ122,20250904,CANCELLED,23D,13707.55,False,CARD
B1502,P1421,AI086,20251015,CONFIRMED,23F,10714.33,False,CARD
B1502,P1421,AI086,20251015,CONFIRMED,23F,7252.43,False,UPI
B1503,P1897,SJ011,20251017,CONFIRMED,25C,,,
B1504,P1368,SJ021,20250421,PENDING,4E,14087.19,False,NETBANKING
B1504,P1368,SJ021,20250421,PENDING,4E,13855.61,False,NETBANKING
B1504,P1368,SJ021,20250421,PENDING,4E,4316.96,False,NETBANKING
B1505,P1645,SJ106,20251129,CONFIRMED,8F,7472.98,False,UPI
B1506,P1557,SJ026,20260129,CANCELLED,9E,,,
B1507,P1049,SJ245,20251127,PENDING,20A,4865.21,False,NETBANKING
B1508,P1677,AI023,20250731,UNKNOWN,9C,7277.14,False,CARD
B1508,P1677,AI023,20250731,UNKNOWN,9C,2603.09,False,CARD
B1508,P1677,AI023,20250731,UNKNOWN,9C,4799.03,False,CARD
B1509,P1105,AI032,20250925,CANCELLED,14F,,,
B1510,P1215,AI236,20250511,CANCELLED,19F,3179.45,False,CARD
B1511,P1657,6F094,20251224,CANCELLED,15C,12346.57,False,UPI
B1512,P1922,UK163,20251221,PENDING,4A,5747.83,False,CARD
B1513,P1424,UK163,20250630,CONFIRMED,32B,9031.14,False,CARD
B1513,P1424,UK163,20250630,CONFIRMED,32B,13685.53,False,CARD
B1514,P1071,SJ045,20250507,CANCELLED,21E,,True,UPI
B1515,P1987,SJ006,20250706,PENDING,26A,,,
B1516,P1841,SJ103,20250805,CANCELLED,34F,3242.75,False,UPI
B1517,P1784,6F221,20260116,UNKNOWN,31B,,True,CARD
B1518,P1758,SJ147,20260320,UNKNOWN,30A,,,
B1519,P1445,SJ064,20260325,PENDING,3C,5454.29,False,CARD
B1519,P1445,SJ064,20260325,PENDING,3C,9403.54,False,NETBANKING
B1520,P1924,AI028,20260402,CONFIRMED,27A,14340.74,False,CARD
B1521,P1185,AI148,20251108,PENDING,31E,,True,UPI
B1521,P1185,AI148,20251108,PENDING,31E,6664.48,False,CARD
B1521,P1185,AI148,20251108,PENDING,31E,3965.19,False,CARD
B1522,P1069,6F263,20250831,CONFIRMED,1C,,,
B1523,P1973,SJ067,20250519,PENDING,21F,,True,CARD
B1523,P1973,SJ067,20250519,PENDING,21F,10733.84,False,NETBANKING
B1524,P1149,6F061,20250617,PENDING,23D,1289.01,False,NETBANKING
B1524,P1149,6F061,20250617,PENDING,23D,8542.82,False,CARD
B1525,P1245,AI254,20250529,UNKNOWN,11E,7869.06,False,UPI
B1526,P1773,SJ136,20251115,CONFIRMED,17D,4890.14,False,UPI
B1526,P1773,SJ136,20251115,CONFIRMED,17D,7999.68,False,CARD
B1527,P1537,AI046,20250709,PENDING,8A,11891.78,False,CARD
B1528,P1934,UK174,20260328,PENDING,6E,,,
B1529,P1651,6F066,20250430,UNKNOWN,34C,,,
B1530,P1098,UK095,20251208,UNKNOWN,23E,1108.98,False,CARD
B1530,P1098,UK095,20251208,UNKNOWN,23E,14300.97,False,NETBANKING
B1530,P1098,UK095,20251208,UNKNOWN,23E,13655.72,False,CARD
B1531,P1909,6F063,20260401,PENDING,30F,11172.2,False,UPI
B1531,P1909,6F063,20260401,PENDING,30F,,True,UPI
B1531,P1909,6F063,20260401,PENDING,30F,12739.01,False,UPI
B1532,P1277,UK118,20250422,PENDING,30A,9430.36,False,NETBANKING
B1532,P1277,UK118,20250422,PENDING,30A,,True,CARD
B1532,P1277,UK118,20250422,PENDING,30A,14865.24,False,NETBANKING
B1533,P1562,UK218,20250915,PENDING,28D,,,
B1534,P1662,UK031,20250911,CONFIRMED,34E,12347.23,False,NETBANKING
B1535,P1943,UK142,20260402,PENDING,6C,5959.44,False,UPI
B1535,P1943,UK142,20260402,PENDING,6C,13561.41,False,NETBANKING
B1536,P1454,AI002,20250601,UNKNOWN,4C,6548.99,False,NETBANKING
B1537,P1103,UK070,20251008,CONFIRMED,21F,9202.57,False,NETBANKING
B1538,P1945,SJ121,20260317,PENDING,8E,,,
B1539,P1600,UK201,20250611,CONFIRMED,20B,14472.9,False,NETBANKING
B1539,P1600,UK201,20250611,CONFIRMED,20B,3036.88,False,CARD
B1540,P1652,AI138,20260115,CANCELLED,7E,3640.69,False,CARD
B1541,P1724,SJ014,20251216,CONFIRMED,26A,12031.17,False,NETBANKING
B1542,P1232,SJ053,20251213,PENDING,14F,,,
B1543,P1393,SJ241,20250616,CANCELLED,4F,3207.85,False,UPI
B1544,P1500,AI249,20250901,CANCELLED,16A,8020.26,False,CARD
B1544,P1500,AI249,20250901,CANCELLED,16A,3982.8,False,NETBANKING
B1545,P1694,AI176,20260308,PENDING,8A,6767.92,False,NETBANKING
B1545,P1694,AI176,20260308,PENDING,8A,10968.41,False,CARD
B1546,P1250,SJ234,20260402,PENDING,32B,,,
B1547,P1520,6F115,20250418,PENDING,16C,,,
B1548,P1078,AI020,20251004,CONFIRMED,7E,,,
B1549,P1051,AI020,20251216,CONFIRMED,24A,,,
B1550,P1897,6F079,20251206,CONFIRMED,10D,,,
B1551,P1920,6F104,20251114,UNKNOWN,8E,,,
B1552,P1780,UK046,20260206,PENDING,32D,12589.6,False,NETBANKING
B1553,P1225,SJ217,20251115,CONFIRMED,33D,1883.33,False,UPI
B1554,P1050,6F142,20250826,CANCELLED,8D,,,
B1555,P1185,SJ139,20260404,CONFIRMED,3B,13344.12,False,NETBANKING
B1556,P1033,6F059,20260118,CANCELLED,31D,,,
B1557,P1802,6F067,20250810,PENDING,17A,13664.47,False,NETBANKING
B1557,P1802,6F067,20250810,PENDING,17A,4044.27,False,UPI
B1558,P1741,AI007,20250807,PENDING,27A,8770.08,False,UPI
B1558,P1741,AI007,20250807,PENDING,27A,6827.65,False,UPI
B1559,P1130,UK202,20260120,CONFIRMED,5F,3622.91,False,NETBANKING
B1560,P1631,AI200,20260307,CONFIRMED,18C,,,
B1561,P1442,UK172,20260127,PENDING,18C,8371.27,False,CARD
B1561,P1442,UK172,20260127,PENDING,18C,3136.04,False,UPI
B1562,P1837,6F214,20250501,CONFIRMED,10B,6572.09,False,UPI
B1563,P1758,UK037,20250911,PENDING,27B,,,
B1564,P1431,AI022,20250814,PENDING,17F,3514.52,False,NETBANKING
B1565,P1703,AI243,20260206,CANCELLED,20D,3438.58,False,UPI
B1565,P1703,AI243,20260206,CANCELLED,20D,3804.91,False,UPI
B1566,P1496,SJ174,20251008,CONFIRMED,29F,11489.31,False,CARD
B1566,P1496,SJ174,20251008,CONFIRMED,29F,14905.16,False,CARD
B1567,P1402,SJ079,20251113,PENDING,9A,10982.24,False,CARD
B1568,P1322,UK097,20251221,CONFIRMED,21A,,True,NETBANKING
B1569,P1209,AI013,20251226,CANCELLED,14E,,,
B1570,P1614,UK196,20251121,CANCELLED,25E,11109.36,False,UPI
B1570,P1614,UK196,20251121,CANCELLED,25E,3945.41,False,UPI
B1571,P1328,SJ213,20251106,CONFIRMED,2C,,,
B1572,P1371,UK119,20250526,CONFIRMED,5D,,True,NETBANKING
B1572,P1371,UK119,20250526,CONFIRMED,5D,13849.86,False,NETBANKING
B1573,P1459,AI043,20260318,PENDING,19B,7629.97,False,NETBANKING
B1574,P1132,AI043,20250429,CANCELLED,18A,13905.05,False,UPI
B1575,P1834,AI143,20250616,CANCELLED,2B,12516.91,False,CARD
B1576,P1650,SJ032,20251020,UNKNOWN,6F,,True,CARD
B1577,P1120,6F050,20260124,CONFIRMED,23A,,,
B1578,P1605,AI134,20251225,PENDING,6B,,True,UPI
B1578,P1605,AI134,20251225,PENDING,6B,1897.18,False,CARD
B1578,P1605,AI134,20251225,PENDING,6B,2200.51,False,UPI
B1579,P1451,6F182,20250424,CONFIRMED,28E,6611.83,False,CARD
B1579,P1451,6F182,20250424,CONFIRMED,28E,2832.27,False,NETBANKING
B1580,P1964,SJ086,20251008,CONFIRMED,20D,10617.14,False,CARD
B1580,P1964,SJ086,20251008,CONFIRMED,20D,11400.72,False,UPI
B1580,P1964,SJ086,20251008,CONFIRMED,20D,4607.2,False,UPI
B1581,P1128,6F170,20250806,CONFIRMED,3D,,True,UPI
B1581,P1128,6F170,20250806,CONFIRMED,3D,9514.99,False,NETBANKING
B1582,P1090,UK168,20250424,PENDING,34B,13552.0,False,UPI
B1583,P1603,SJ072,20260222,UNKNOWN,33D,,,
B1584,P1574,UK075,20250428,CANCELLED,21C,13317.93,False,NETBANKING
B1584,P1574,UK075,20250428,CANCELLED,21C,13148.95,False,CARD
B1585,P1028,6F233,20260108,CANCELLED,1C,11603.63,False,NETBANKING
B1585,P1028,6F233,20260108,CANCELLED,1C,11914.07,False,UPI
B1585,P1028,6F233,20260108,CANCELLED,1C,,True,UPI
B1586,P1721,SJ143,20251113,CANCELLED,25B,,,
B1587,P1523,SJ246,20250628,PENDING,34E,11740.35,False,NETBANKING
B1588,P1332,SJ247,20251104,CONFIRMED,10B,12810.22,False,UPI
B1589,P1296,UK157,20250831,PENDING,3D,3501.28,False,CARD
B1589,P1296,UK157,20250831,PENDING,3D,11781.84,False,UPI
B1589,P1296,UK157,20250831,PENDING,3D,14149.64,False,UPI
B1590,P1129,UK069,20260401,CONFIRMED,25B,1015.84,False,UPI
B1591,P1292,AI106,20251120,CANCELLED,8A,5274.56,False,UPI
B1591,P1292,AI106,20251120,CANCELLED,8A,11559.24,False,UPI
B1592,P1172,UK085,20251117,CONFIRMED,24F,,,
B1593,P1719,6F087,20250924,UNKNOWN,1A,,,
B1594,P1943,AI067,20250601,CONFIRMED,25E,1448.88,False,NETBANKING
B1595,P1023,6F226,20260107,PENDING,4E,13806.53,False,UPI
B1595,P1023,6F226,20260107,PENDING,4E,11063.32,False,UPI
B1596,P1098,SJ210,20251220,CONFIRMED,15E,3495.5,False,UPI
B1596,P1098,SJ210,20251220,CONFIRMED,15E,14525.4,False,UPI
B1597,P1405,6F269,20251023,CONFIRMED,33A,11103.08,False,CARD
B1597,P1405,6F269,20251023,CONFIRMED,33A,8089.18,False,UPI
B1598,P1355,UK013,20260102,CONFIRMED,11B,1959.04,False,CARD
B1598,P1355,UK013,20260102,CONFIRMED,11B,14019.19,False,NETBANKING
B1599,P1138,UK013,20250930,PENDING,9E,,,
B1600,P1502,UK143,20250720,PENDING,2C,12808.71,False,NETBANKING
B1600,P1502,UK143,20250720,PENDING,2C,11274.54,False,CARD
B1601,P1825,6F262,20250907,PENDING,28D,,,
B1602,P1173,6F042,20250707,UNKNOWN,2A,4028.21,False,NETBANKING
B1603,P1028,SJ118,20251206,CANCELLED,17E,,,
B1604,P1930,SJ118,20251117,CANCELLED,3C,,,
B1605,P1495,SJ082,20251003,CANCELLED,6C,,True,CARD
B1606,P1654,6F015,20250718,CONFIRMED,23E,6829.49,False,CARD
B1606,P1654,6F015,20250718,CONFIRMED,23E,5934.1,False,UPI
B1606,P1654,6F015,20250718,CONFIRMED,23E,8323.82,False,CARD
B1607,P1827,AI101,20260202,UNKNOWN,30F,10198.91,False,CARD
B1607,P1827,AI101,20260202,UNKNOWN,30F,2887.17,False,NETBANKING
B1608,P1350,SJ110,20250628,CANCELLED,10B,,,
B1609,P1553,SJ042,20251021,CANCELLED,19D,,,
B1610,P1298,6F145,20251013,CONFIRMED,27A,5809.44,False,NETBANKING
B1611,P1719,UK029,20260105,CANCELLED,14C,10642.75,False,CARD
B1611,P1719,UK029,20260105,CANCELLED,14C,11754.89,False,NETBANKING
B1612,P1841,SJ200,20250418,CANCELLED,28C,,,
B1613,P1944,SJ209,20260129,CONFIRMED,6A,11718.47,False,UPI
B1613,P1944,SJ209,20260129,CONFIRMED,6A,4590.83,False,NETBANKING
B1614,P1191,AI116,20250511,UNKNOWN,30B,2806.52,False,NETBANKING
B1614,P1191,AI116,20250511,UNKNOWN,30B,6159.25,False,UPI
B1615,P1671,6F117,20250523,CANCELLED,33B,11017.88,False,UPI
B1615,P1671,6F117,20250523,CANCELLED,33B,2652.76,False,CARD
B1616,P1063,SJ181,20251223,PENDING,17A,,,
B1617,P1754,AI070,20250510,UNKNOWN,18A,12237.51,False,CARD
B1618,P1769,AI070,20260119,CONFIRMED,1B,6904.57,False,NETBANKING
B1619,P1663,UK042,20260205,PENDING,13A,10938.67,False,NETBANKING
B1619,P1663,UK042,20260205,PENDING,13A,8605.08,False,UPI
B1619,P1663,UK042,20260205,PENDING,13A,14108.86,False,CARD
B1620,P1214,AI169,20260224,PENDING,1B,5731.24,False,UPI
B1620,P1214,AI169,20260224,PENDING,1B,13683.85,False,NETBANKING
B1620,P1214,AI169,20260224,PENDING,1B,3518.55,False,UPI
B1620,P1214,AI169,20260224,PENDING,1B,10875.33,False,UPI
B1621,P1833,6F021,20251221,PENDING,27A,3524.98,False,UPI
B1621,P1833,6F021,20251221,PENDING,27A,8280.27,False,UPI
B1622,P1165,SJ046,20250623,PENDING,19F,11617.72,False,UPI
B1622,P1165,SJ046,20250623,PENDING,19F,12378.6,False,CARD
B1622,P1165,SJ046,20250623,PENDING,19F,12642.38,False,UPI
B1623,P1542,AI211,20250817,CANCELLED,22B,11011.07,False,NETBANKING
B1623,P1542,AI211,20250817,CANCELLED,22B,10849.11,False,CARD
B1623,P1542,AI211,20250817,CANCELLED,22B,2351.71,False,CARD
B1623,P1542,AI211,20250817,CANCELLED,22B,12916.9,False,UPI
B1624,P1882,SJ091,20251220,CANCELLED,34F,,,
B1625,P1231,AI123,20260405,PENDING,7D,,,
B1626,P1793,6F053,20250417,CANCELLED,25C,7859.04,False,NETBANKING
B1627,P1540,UK012,20260109,PENDING,27E,11151.3,False,NETBANKING
B1627,P1540,UK012,20260109,PENDING,27E,12801.31,False,CARD
B1628,P1194,6F023,20251125,PENDING,33A,1971.53,False,CARD
B1629,P1505,AI250,20260102,CONFIRMED,11A,,,
B1630,P1333,AI238,20260407,PENDING,26F,11475.88,False,NETBANKING
B1631,P1767,UK096,20260217,CANCELLED,24F,7909.43,False,NETBANKING
B1631,P1767,UK096,20260217,CANCELLED,24F,9604.98,False,UPI
B1632,P1792,UK126,20260330,PENDING,1D,11397.25,False,NETBANKING
B1633,P1303,SJ195,20250830,CONFIRMED,8E,,,
B1634,P1832,SJ171,20251225,CANCELLED,1C,,,
B1635,P1436,AI136,20250814,UNKNOWN,7C,,,
B1636,P1322,SJ192,20250527,CONFIRMED,22B,14700.1,False,NETBANKING
B1637,P1501,6F035,20251201,PENDING,27C,11176.09,False,NETBANKING
B1637,P1501,6F035,20251201,PENDING,27C,6828.89,False,NETBANKING
B1637,P1501,6F035,20251201,PENDING,27C,7465.68,False,CARD
B1638,P1857,UK088,20260223,CONFIRMED,22C,,,
B1639,P1913,6F009,20250914,CONFIRMED,24E,5066.71,False,CARD
B1639,P1913,6F009,20250914,CONFIRMED,24E,1002.59,False,NETBANKING
B1640,P1392,6F004,20260128,CANCELLED,30B,,,
B1641,P1805,UK122,20260327,UNKNOWN,28D,14953.42,False,NETBANKING
B1642,P1598,AI251,20260215,PENDING,4E,6919.99,False,NETBANKING
B1643,P1148,AI027,20260204,PENDING,14A,,,
B1644,P1760,SJ165,20251020,PENDING,20E,10406.49,False,CARD
B1645,P1832,UK081,20250816,CONFIRMED,17D,2308.55,False,NETBANKING
B1646,P1404,UK191,20250927,CANCELLED,28C,12645.54,False,CARD
B1646,P1404,UK191,20250927,CANCELLED,28C,10009.34,False,UPI
B1647,P1282,SJ188,20251106,PENDING,14F,7863.11,False,NETBANKING
B1647,P1282,SJ188,20251106,PENDING,14F,9457.52,False,CARD
B1648,P1361,6F016,20250809,CONFIRMED,33D,3484.04,False,CARD
B1649,P1378,6F064,20260405,PENDING,4F,14719.81,False,UPI
B1649,P1378,6F064,20260405,PENDING,4F,13388.24,False,UPI
B1650,P1197,SJ105,20260403,UNKNOWN,10D,,,
B1651,P1555,SJ054,20250909,CANCELLED,21B,6941.55,False,NETBANKING
B1652,P1355,6F197,20251219,PENDING,23C,2694.0,False,NETBANKING
B1652,P1355,6F197,20251219,PENDING,23C,12576.65,False,UPI
B1652,P1355,6F197,20251219,PENDING,23C,4145.25,False,CARD
B1652,P1355,6F197,20251219,PENDING,23C,2104.63,False,NETBANKING
B1653,P1539,AI040,20260326,CANCELLED,31B,10350.94,False,NETBANKING
B1654,P1428,AI131,20250814,UNKNOWN,31A,12116.85,False,NETBANKING
B1655,P1016,6F141,20251009,PENDING,7D,,,
B1656,P1638,UK035,20250512,CONFIRMED,26E,9174.46,False,NETBANKING
B1657,P1378,AI005,20250828,CONFIRMED,12B,11326.44,False,UPI
B1658,P1679,AI001,20250622,CONFIRMED,18D,,,
B1659,P1505,UK211,20260117,PENDING,6D,,,
B1660,P1755,SJ189,20260404,CANCELLED,12D,,True,CARD
B1660,P1755,SJ189,20260404,CANCELLED,12D,5033.75,False,CARD
B1661,P1898,UK006,20250421,PENDING,18D,14848.6,False,CARD
B1661,P1898,UK006,20250421,PENDING,18D,6130.91,False,NETBANKING
B1662,P1075,6F189,20251013,CONFIRMED,17A,9168.1,False,NETBANKING
B1663,P1230,AI133,20250516,CANCELLED,15B,8481.4,False,CARD
B1663,P1230,AI133,20250516,CANCELLED,15B,12656.53,False,NETBANKING
B1663,P1230,AI133,20250516,CANCELLED,15B,14337.32,False,UPI
B1663,P1230,AI133,20250516,CANCELLED,15B,13004.79,False,NETBANKING
B1663,P1230,AI133,20250516,CANCELLED,15B,5715.1,False,CARD
B1663,P1230,AI133,20250516,CANCELLED,15B,12690.33,False,CARD
B1664,P1715,SJ216,20251108,CONFIRMED,25B,,,
B1665,P1961,SJ133,20260304,CANCELLED,29D,13434.66,False,UPI
B1666,P1247,UK082,20260305,PENDING,32C,4184.87,False,CARD
B1667,P1301,6F136,20260216,CANCELLED,32C,,,
B1668,P1725,6F039,20250430,PENDING,3B,,,
B1669,P1214,AI011,20250616,CONFIRMED,3E,,,
B1670,P1157,SJ225,20250512,CANCELLED,16C,,,
B1671,P1068,SJ024,20250708,CONFIRMED,22C,,,
B1672,P1392,AI109,20250801,CANCELLED,14E,6895.9,False,CARD
B1673,P1084,AI147,20250612,UNKNOWN,28B,,,
B1674,P1266,UK057,20251103,CANCELLED,18C,,,
B1675,P1068,6F111,20250801,CANCELLED,9A,,,
B1676,P1610,AI197,20260414,PENDING,24C,14683.17,False,UPI
B1676,P1610,AI197,20260414,PENDING,24C,11869.65,False,CARD
B1677,P1346,UK127,20260131,PENDING,29C,4648.87,False,NETBANKING
B1677,P1346,UK127,20260131,PENDING,29C,14950.31,False,CARD
B1678,P1961,6F240,20251231,PENDING,24B,3831.88,False,NETBANKING
B1679,P1727,6F257,20250817,CANCELLED,25A,,,
B1680,P1926,AI253,20260319,UNKNOWN,11F,,,
B1681,P1672,SJ135,20260402,CANCELLED,15C,11541.74,False,UPI
B1681,P1672,SJ135,20260402,CANCELLED,15C,14516.19,False,NETBANKING
B1682,P1422,UK112,20250710,CANCELLED,20B,2916.86,False,CARD
B1683,P1605,AI050,20250807,CONFIRMED,9C,8188.97,False,UPI
B1683,P1605,AI050,20250807,CONFIRMED,9C,11160.79,False,NETBANKING
B1684,P1173,UK060,20251118,PENDING,8E,,,
B1685,P1676,SJ183,20250515,CANCELLED,25E,5545.26,False,NETBANKING
B1685,P1676,SJ183,20250515,CANCELLED,25E,7155.18,False,NETBANKING
B1686,P1114,UK138,20251117,CONFIRMED,23E,1293.05,False,CARD
B1687,P1219,SJ071,20251012,PENDING,22F,,,
B1688,P1955,AI057,20250614,PENDING,9D,10945.95,False,NETBANKING
B1689,P1030,SJ151,20250710,CANCELLED,20B,8030.27,False,CARD
B1690,P1522,SJ144,20250628,PENDING,12C,7675.73,False,UPI
B1691,P1342,SJ087,20260123,PENDING,12E,10442.06,False,UPI
B1692,P1376,SJ066,20260402,CONFIRMED,18A,,,
B1693,P1129,AI247,20260102,CONFIRMED,11F,,,
B1694,P1999,SJ102,20260401,PENDING,24D,3525.42,False,CARD
B1694,P1999,SJ102,20260401,PENDING,24D,3628.19,False,CARD
B1695,P1616,6F252,20260413,CONFIRMED,4F,5969.93,False,NETBANKING
B1696,P1538,6F055,20251128,PENDING,11C,,,
B1697,P1738,AI204,20251112,CANCELLED,34B,,,
B1698,P1001,AI016,20260202,CONFIRMED,31D,8023.98,False,NETBANKING
B1699,P1870,AI209,20251211,PENDING,15D,8211.18,False,CARD
B1699,P1870,AI209,20251211,PENDING,15D,,True,NETBANKING
B1699,P1870,AI209,20251211,PENDING,15D,6149.02,False,NETBANKING
B1699,P1870,AI209,20251211,PENDING,15D,8784.73,False,NETBANKING
B1700,P1100,SJ211,20260104,PENDING,14B,6028.27,False,CARD
B1701,P1532,6F103,20251016,CONFIRMED,13F,,,
B1702,P1057,UK182,20250422,CONFIRMED,31F,13329.36,False,CARD
B1702,P1057,UK182,20250422,CONFIRMED,31F,,True,NETBANKING
B1703,P1388,6F264,20251225,CANCELLED,19B,5813.95,False,NETBANKING
B1703,P1388,6F264,20251225,CANCELLED,19B,6181.25,False,NETBANKING
B1704,P1691,6F027,20250723,PENDING,29A,13993.49,False,NETBANKING
B1705,P1940,UK198,20260131,CANCELLED,3B,1658.55,False,UPI
B1705,P1940,UK198,20260131,CANCELLED,3B,2089.75,False,CARD
B1705,P1940,UK198,20260131,CANCELLED,3B,10970.63,False,NETBANKING
B1705,P1940,UK198,20260131,CANCELLED,3B,6139.86,False,UPI
B1706,P1340,6F171,20250907,CANCELLED,15C,,,
B1707,P1860,AI004,20250705,CANCELLED,1B,,,
B1708,P1019,6F157,20251122,CONFIRMED,3C,,,
B1709,P1254,AI018,20251003,CANCELLED,22B,,,
B1710,P1316,UK098,20250805,CONFIRMED,21E,12059.65,False,CARD
B1711,P1037,6F167,20260129,UNKNOWN,4C,,,
B1712,P1659,AI228,20250906,CANCELLED,17C,,,
B1713,P1536,SJ242,20250831,CANCELLED,17D,,,
B1714,P1385,6F227,20251211,PENDING,34C,5064.12,False,NETBANKING
B1715,P1632,6F037,20250827,CANCELLED,20C,,,
B1716,P1927,6F107,20251222,PENDING,28A,,,
B1717,P1025,SJ125,20251106,CANCELLED,14A,1220.3,False,NETBANKING
B1717,P1025,SJ125,20251106,CANCELLED,14A,1187.92,False,UPI
B1718,P1453,UK117,20250617,CANCELLED,9B,7833.36,False,UPI
B1718,P1453,UK117,20250617,CANCELLED,9B,10479.42,False,UPI
B1719,P1680,6F192,20251112,CANCELLED,29E,5781.1,False,UPI
B1720,P1322,AI201,20251127,CANCELLED,27B,5194.3,False,NETBANKING
B1721,P1736,SJ126,20260325,PENDING,21A,,,
B1722,P1512,AI177,20260210,PENDING,5E,,True,CARD
B1723,P1818,AI092,20251223,CANCELLED,26B,,,
B1724,P1772,6F076,20251010,CANCELLED,11D,10484.53,False,UPI
B1725,P1012,AI185,20250429,PENDING,1E,,True,NETBANKING
B1726,P1914,AI055,20250514,CONFIRMED,2B,3304.78,False,NETBANKING
B1726,P1914,AI055,20250514,CONFIRMED,2B,7008.67,False,UPI
B1727,P1907,6F222,20260315,CONFIRMED,27D,,,
B1728,P1559,AI090,20251212,CONFIRMED,1C,7592.89,False,CARD
B1729,P1920,AI183,20250603,PENDING,4F,2726.28,False,NETBANKING
B1730,P1824,AI041,20250429,PENDING,25F,,True,NETBANKING
B1731,P1370,6F210,20250712,CONFIRMED,25F,1355.89,False,CARD
B1732,P1290,AI170,20260115,CONFIRMED,3A,7405.96,False,NETBANKING
B1733,P1331,SJ008,20260416,CANCELLED,2E,10832.74,False,CARD
B1734,P1605,AI049,20250929,PENDING,27E,2972.66,False,CARD
B1735,P1260,SJ132,20250512,PENDING,34E,10012.48,False,NETBANKING
B1736,P1993,SJ224,20260126,CONFIRMED,28E,6802.73,False,NETBANKING
B1736,P1993,SJ224,20260126,CONFIRMED,28E,1787.85,False,CARD
B1737,P1789,UK038,20250611,CONFIRMED,1E,12049.41,False,CARD
B1738,P1870,SJ220,20250814,PENDING,27B,8457.96,False,NETBANKING
B1738,P1870,SJ220,20250814,PENDING,27B,7204.52,False,CARD
B1738,P1870,SJ220,20250814,PENDING,27B,10340.66,False,NETBANKING
B1739,P1204,6F124,20250629,CANCELLED,34F,8263.32,False,UPI
B1740,P1696,SJ164,20251116,CONFIRMED,14D,,,
B1741,P1686,AI026,20250518,PENDING,18E,4483.43,False,UPI
B1742,P1949,6F144,20250914,PENDING,16D,,,
B1743,P1386,6F137,20251121,UNKNOWN,6F,4062.36,False,NETBANKING
B1744,P1891,UK139,20250905,CANCELLED,10A,9225.17,False,CARD
B1745,P1820,UK139,20250520,CONFIRMED,27B,10889.16,False,NETBANKING
B1746,P1467,SJ140,20250831,CONFIRMED,34D,,,
B1747,P1414,6F131,20250420,CONFIRMED,9F,,,
B1748,P1068,UK128,20251115,PENDING,9A,13170.94,False,UPI
B1749,P1471,SJ219,20260219,CONFIRMED,23D,,,
B1750,P1103,SJ159,20250921,PENDING,33D,,,
B1751,P1757,UK192,20250919,CONFIRMED,17E,14391.99,False,UPI
B1752,P1160,AI014,20250813,CANCELLED,34F,,,
B1753,P1199,SJ152,20250808,CANCELLED,5C,4016.57,False,UPI
B1754,P1215,SJ060,20260211,PENDING,3C,12013.34,False,UPI
B1755,P1945,AI127,20260217,CANCELLED,10F,4760.39,False,CARD
B1756,P1211,SJ096,20260127,PENDING,11F,,True,NETBANKING
B1757,P1507,AI215,20250424,PENDING,22B,1608.39,False,CARD
B1758,P1015,UK009,20260228,CANCELLED,26B,8260.94,False,NETBANKING
B1759,P1497,AI171,20251026,PENDING,16F,2656.83,False,UPI
B1759,P1497,AI171,20251026,PENDING,16F,8269.17,False,UPI
B1760,P1883,UK151,20260114,CANCELLED,31B,12133.03,False,NETBANKING
B1761,P1331,AI099,20250522,CONFIRMED,15A,13916.72,False,UPI
B1761,P1331,AI099,20250522,CONFIRMED,15A,5266.12,False,NETBANKING
B1761,P1331,AI099,20250522,CONFIRMED,15A,12083.73,False,CARD
B1761,P1331,AI099,20250522,CONFIRMED,15A,4405.82,False,NETBANKING
B1762,P1716,UK050,20250604,CONFIRMED,32B,2987.06,False,UPI
B1762,P1716,UK050,20250604,CONFIRMED,32B,10910.07,False,NETBANKING
B1763,P1876,UK092,20251006,CANCELLED,3B,,True,CARD
B1764,P1550,SJ058,20250620,CANCELLED,13B,10528.45,False,NETBANKING
B1765,P1600,SJ090,20251221,CANCELLED,1C,10025.41,False,UPI
B1765,P1600,SJ090,20251221,CANCELLED,1C,13900.07,False,NETBANKING
B1766,P1941,6F173,20250907,CANCELLED,1F,,,
B1767,P1255,AI186,20251119,CONFIRMED,6D,5997.12,False,UPI
B1767,P1255,AI186,20251119,CONFIRMED,6D,4465.09,False,UPI
B1768,P1991,AI130,20260323,PENDING,13C,2835.7,False,NETBANKING
B1769,P1765,SJ111,20251123,UNKNOWN,6F,1168.88,False,CARD
B1769,P1765,SJ111,20251123,UNKNOWN,6F,1296.41,False,UPI
B1770,P1727,6F203,20250804,CONFIRMED,8D,,,
B1771,P1879,6F138,20250524,PENDING,1F,6761.89,False,NETBANKING
B1772,P1814,6F109,20250829,UNKNOWN,10B,,,
B1773,P1171,AI074,20260101,PENDING,16E,11699.42,False,NETBANKING
B1774,P1648,UK161,20260107,CANCELLED,1B,,,
B1775,P1999,AI008,20250619,CANCELLED,14B,13185.54,False,UPI
B1776,P1497,UK121,20251227,CANCELLED,17A,8385.89,False,CARD
B1776,P1497,UK121,20251227,CANCELLED,17A,8306.25,False,UPI
B1777,P1470,6F154,20250426,CONFIRMED,11A,9927.3,False,UPI
B1778,P1383,6F161,20250801,CONFIRMED,10D,,,
B1779,P1689,6F153,20260201,PENDING,22B,8876.97,False,UPI
B1780,P1588,6F225,20260210,PENDING,11B,,,
B1781,P1699,AI191,20260209,PENDING,18C,,,
B1782,P1506,AI218,20250818,CONFIRMED,25F,4755.95,False,NETBANKING
B1783,P1991,6F267,20250928,PENDING,25D,8201.65,False,NETBANKING
B1784,P1526,UK125,20250820,CANCELLED,1B,1577.5,False,UPI
B1785,P1803,6F208,20250819,PENDING,1B,2489.15,False,UPI
B1786,P1830,6F119,20260212,CANCELLED,26B,14801.3,False,CARD
B1787,P1324,AI063,20250711,CONFIRMED,1E,4567.25,False,CARD
B1787,P1324,AI063,20250711,CONFIRMED,1E,6253.45,False,UPI
B1787,P1324,AI063,20250711,CONFIRMED,1E,2509.98,False,CARD
B1788,P1213,UK016,20250605,CANCELLED,2B,,,
B1789,P1207,6F048,20260113,CANCELLED,30F,11758.27,False,NETBANKING
B1790,P1168,6F266,20250423,CANCELLED,28A,1700.5,False,CARD
B1790,P1168,6F266,20250423,CANCELLED,28A,3271.3,False,CARD
B1791,P1329,AI167,20260224,CONFIRMED,3C,,,
B1792,P1279,6F165,20260117,CONFIRMED,8E,,,
B1793,P1977,SJ104,20251125,CONFIRMED,14C,12515.25,False,NETBANKING
B1794,P1304,UK160,20250626,CONFIRMED,8D,,,
B1795,P1145,UK160,20260321,PENDING,9C,11714.65,False,CARD
B1796,P1774,SJ230,20251128,CONFIRMED,9B,,,
B1797,P1515,AI042,20250603,CANCELLED,1A,,,
B1798,P1089,UK197,20250516,CONFIRMED,23E,,True,CARD
B1798,P1089,UK197,20250516,CONFIRMED,23E,14793.78,False,UPI
B1799,P1452,AI107,20260205,PENDING,16E,,,
B1800,P1059,SJ128,20250822,PENDING,7F,4478.56,False,NETBANKING
B1801,P1310,6F121,20260414,PENDING,34F,,,
B1802,P1527,AI111,20250630,UNKNOWN,16B,2072.55,False,UPI
B1803,P1226,SJ137,20260221,CONFIRMED,24F,5663.2,False,UPI
B1804,P1473,AI232,20251112,CONFIRMED,1F,9496.04,False,UPI
B1805,P1977,SJ113,20251026,CONFIRMED,14B,,True,CARD
B1806,P1540,AI117,20250802,CANCELLED,17A,14488.78,False,NETBANKING
B1807,P1662,6F185,20250628,CANCELLED,12C,1759.8,False,UPI
B1808,P1756,AI194,20260126,PENDING,3B,,,
B1809,P1781,UK045,20260409,PENDING,13B,2114.98,False,CARD
B1810,P1078,6F228,20260320,CONFIRMED,34B,,,
B1811,P1432,SJ190,20260404,CANCELLED,25A,9625.29,False,NETBANKING
B1812,P1800,AI156,20260106,CANCELLED,8A,1736.99,False,UPI
B1813,P1152,AI104,20250421,UNKNOWN,9D,,,
B1814,P1788,UK033,20250622,CONFIRMED,26C,8653.51,False,UPI
B1814,P1788,UK033,20250622,CONFIRMED,26C,1286.68,False,UPI
B1815,P1400,UK137,20250501,PENDING,3C,4905.53,False,NETBANKING
B1815,P1400,UK137,20250501,PENDING,3C,1450.31,False,UPI
B1816,P1278,UK214,20250621,PENDING,20F,,True,NETBANKING
B1816,P1278,UK214,20250621,PENDING,20F,4762.94,False,UPI
B1817,P1056,6F033,20250607,PENDING,28D,11252.26,False,NETBANKING
B1817,P1056,6F033,20250607,PENDING,28D,7766.36,False,CARD
B1818,P1976,AI114,20251107,CONFIRMED,26B,4317.72,False,NETBANKING
B1819,P1185,AI017,20260119,CONFIRMED,21E,,,
B1820,P1397,6F244,20251201,PENDING,18E,7609.63,False,UPI
B1820,P1397,6F244,20251201,PENDING,18E,14865.24,False,UPI
B1821,P1604,6F160,20251127,PENDING,1C,5390.05,False,UPI
B1821,P1604,6F160,20251127,PENDING,1C,,True,UPI
B1821,P1604,6F160,20251127,PENDING,1C,,True,CARD
B1822,P1787,6F088,20260105,CANCELLED,17D,7545.61,False,NETBANKING
B1823,P1157,6F155,20251126,CANCELLED,19E,7854.23,False,UPI
B1824,P1786,AI095,20260415,PENDING,9B,10599.9,False,CARD
B1825,P1692,6F139,20250517,PENDING,5E,5950.28,False,CARD
B1826,P1358,6F101,20250711,CANCELLED,19A,5128.12,False,CARD
B1827,P1439,AI054,20250623,PENDING,20D,12661.75,False,UPI
B1827,P1439,AI054,20250623,PENDING,20D,13802.23,False,NETBANKING
B1828,P1588,SJ094,20250518,CANCELLED,25B,9418.44,False,UPI
B1829,P1465,6F217,20260115,CANCELLED,4E,4847.06,False,CARD
B1830,P1662,6F100,20260415,CANCELLED,23C,12651.33,False,CARD
B1831,P1445,6F081,20260205,CONFIRMED,21C,12421.49,False,CARD
B1831,P1445,6F081,20260205,CONFIRMED,21C,13574.02,False,CARD
B1832,P1749,SJ156,20250617,CONFIRMED,4D,11197.41,False,NETBANKING
B1833,P1800,6F060,20250607,PENDING,27D,5872.19,False,UPI
B1834,P1742,UK129,20250814,CANCELLED,33E,7570.53,False,NETBANKING
B1835,P1487,UK032,20260207,CONFIRMED,2E,,,
B1836,P1529,AI166,20250923,PENDING,13A,,,
B1837,P1072,SJ056,20251031,PENDING,22F,14269.72,False,UPI
B1837,P1072,SJ056,20251031,PENDING,22F,14270.18,False,NETBANKING
B1837,P1072,SJ056,20251031,PENDING,22F,10803.01,False,NETBANKING
B1838,P1928,SJ101,20250612,PENDING,18F,,,
B1839,P1927,SJ065,20250509,PENDING,9C,11811.63,False,UPI
B1839,P1927,SJ065,20250509,PENDING,9C,4984.54,False,CARD
B1840,P1700,SJ100,20250419,PENDING,34A,7085.2,False,CARD
B1841,P1949,UK011,20251024,CANCELLED,1E,,,
B1842,P1016,6F062,20260217,PENDING,3B,1998.52,False,UPI
B1842,P1016,6F062,20260217,PENDING,3B,7815.3,False,NETBANKING
B1843,P1530,SJ176,20250815,CANCELLED,23E,4159.73,False,CARD
B1843,P1530,SJ176,20250815,CANCELLED,23E,1488.32,False,UPI
B1844,P1730,6F120,20251126,CONFIRMED,3B,,True,CARD
B1844,P1730,6F120,20251126,CONFIRMED,3B,7078.61,False,NETBANKING
B1845,P1325,AI121,20260305,PENDING,24A,3147.85,False,UPI
B1846,P1994,UK072,20250830,CONFIRMED,34F,8100.01,False,UPI
B1847,P1631,AI006,20260406,CANCELLED,11B,10999.02,False,UPI
B1848,P1612,SJ231,20250519,CANCELLED,30D,1779.42,False,UPI
B1848,P1612,SJ231,20250519,CANCELLED,30D,4902.58,False,UPI
B1849,P1545,SJ129,20250624,UNKNOWN,12E,,,
B1850,P1595,6F110,20250421,PENDING,33B,7542.02,False,CARD
B1850,P1595,6F110,20250421,PENDING,33B,14670.86,False,NETBANKING
B1851,P1920,6F231,20251126,PENDING,2D,,,
B1852,P1707,6F095,20250809,CONFIRMED,33E,2491.83,False,CARD
B1853,P1841,UK054,20250505,CONFIRMED,18F,8948.88,False,NETBANKING
B1854,P1201,SJ123,20250810,CONFIRMED,29D,6004.76,False,NETBANKING
B1854,P1201,SJ123,20250810,CONFIRMED,29D,14521.74,False,UPI
B1854,P1201,SJ123,20250810,CONFIRMED,29D,10538.38,False,NETBANKING
B1854,P1201,SJ123,20250810,CONFIRMED,29D,2278.95,False,UPI
B1855,P1343,6F006,20260104,PENDING,3D,12165.24,False,CARD
B1855,P1343,6F006,20260104,PENDING,3D,9744.36,False,UPI
B1856,P1852,UK226,20250504,PENDING,4E,11604.48,False,CARD
B1856,P1852,UK226,20250504,PENDING,4E,14055.6,False,NETBANKING
B1857,P1522,AI065,20260307,PENDING,17E,4516.22,False,NETBANKING
B1857,P1522,AI065,20260307,PENDING,17E,13134.7,False,CARD
B1858,P1858,6F008,20251125,UNKNOWN,10B,,,
B1859,P1399,AI195,20251111,PENDING,7B,,,
B1860,P1217,UK043,20250801,UNKNOWN,3A,2531.6,False,UPI
B1860,P1217,UK043,20250801,UNKNOWN,3A,6999.9,False,NETBANKING
B1861,P1444,AI125,20251015,CONFIRMED,25E,9044.04,False,UPI
B1862,P1764,AI089,20251005,PENDING,21A,,,
B1863,P1221,UK019,20260212,CONFIRMED,22C,9857.74,False,NETBANKING
B1863,P1221,UK019,20260212,CONFIRMED,22C,13070.93,False,CARD
B1864,P1382,UK078,20250927,CANCELLED,22C,10081.04,False,UPI
B1865,P1880,SJ009,20250728,CANCELLED,15E,11740.51,False,NETBANKING
B1866,P1591,UK178,20260128,CONFIRMED,7A,4987.99,False,NETBANKING
B1867,P1006,UK018,20251123,CONFIRMED,13D,8158.17,False,NETBANKING
B1868,P1271,SJ059,20260410,CANCELLED,29E,,,
B1869,P1738,UK108,20260204,CONFIRMED,19C,10155.04,False,CARD
B1869,P1738,UK108,20260204,CONFIRMED,19C,11398.23,False,NETBANKING
B1870,P1015,6F045,20250425,CANCELLED,5D,,,
B1871,P1423,AI144,20251004,CANCELLED,23E,,,
B1872,P1523,AI244,20250709,PENDING,26E,5721.08,False,CARD
B1872,P1523,AI244,20250709,PENDING,26E,9096.04,False,UPI
B1872,P1523,AI244,20250709,PENDING,26E,,True,NETBANKING
B1873,P1802,6F265,20250425,CONFIRMED,11B,6495.37,False,UPI
B1873,P1802,6F265,20250425,CONFIRMED,11B,12510.96,False,CARD
B1873,P1802,6F265,20250425,CONFIRMED,11B,13283.24,False,CARD
B1874,P1752,6F108,20260126,CONFIRMED,16E,5715.47,False,NETBANKING
B1874,P1752,6F108,20260126,CONFIRMED,16E,9993.97,False,NETBANKING
B1874,P1752,6F108,20260126,CONFIRMED,16E,8735.05,False,NETBANKING
B1875,P1020,6F069,20250617,PENDING,17D,,True,NETBANKING
B1876,P1689,6F072,20250614,CANCELLED,18F,11290.32,False,NETBANKING
B1877,P1938,6F096,20251109,CONFIRMED,33F,,,
B1878,P1227,SJ233,20251231,PENDING,31D,14778.71,False,CARD
B1879,P1784,AI203,20251203,PENDING,9E,4682.98,False,UPI
B1880,P1287,UK147,20260308,CONFIRMED,2E,11737.0,False,UPI
B1881,P1808,UK039,20250826,PENDING,8E,,,
B1882,P1133,6F216,20251017,CANCELLED,18B,,,
B1883,P1983,AI214,20251117,PENDING,5B,4498.27,False,CARD
B1883,P1983,AI214,20251117,PENDING,5B,3193.06,False,CARD
B1884,P1282,UK025,20250831,CANCELLED,31D,,,
B1885,P1403,UK053,20250810,CANCELLED,11B,9992.33,False,NETBANKING
B1886,P1664,6F130,20260212,UNKNOWN,9D,,,
B1887,P1065,6F247,20260309,PENDING,23F,9312.51,False,UPI
B1888,P1648,6F159,20251225,CANCELLED,25C,8931.9,False,UPI
B1888,P1648,6F159,20251225,CANCELLED,25C,5981.84,False,CARD
B1889,P1603,UK086,20260224,CANCELLED,22C,,,
B1890,P1436,6F102,20250830,PENDING,12E,13732.45,False,UPI
B1891,P1828,UK186,20260126,CANCELLED,18D,2216.08,False,UPI
B1891,P1828,UK186,20260126,CANCELLED,18D,1978.49,False,UPI
B1892,P1933,6F032,20250824,PENDING,17F,,,
B1893,P1258,6F186,20250802,CONFIRMED,19A,,,
B1894,P1979,6F106,20260224,CANCELLED,4F,,,
B1895,P1965,AI021,20251005,CANCELLED,14E,13425.87,False,CARD
B1895,P1965,AI021,20251005,CANCELLED,14E,6230.89,False,NETBANKING
B1895,P1965,AI021,20251005,CANCELLED,14E,13629.71,False,CARD
B1895,P1965,AI021,20251005,CANCELLED,14E,9624.54,False,CARD
B1895,P1965,AI021,20251005,CANCELLED,14E,11120.61,False,NETBANKING
B1896,P1102,AI157,20251130,PENDING,11F,,True,CARD
B1897,P1992,6F054,20251101,PENDING,26F,9752.05,False,CARD
B1897,P1992,6F054,20251101,PENDING,26F,7243.26,False,NETBANKING
B1898,P1566,AI187,20251003,PENDING,10D,5718.04,False,CARD
B1899,P1768,SJ124,20250928,PENDING,4B,3146.15,False,UPI
B1900,P1100,SJ223,20251006,CANCELLED,11C,1212.98,False,UPI
B1901,P1197,UK103,20250425,CONFIRMED,21A,10787.49,False,CARD
B1902,P1812,SJ157,20260208,CONFIRMED,14F,,,
B1903,P1225,6F242,20251106,CONFIRMED,9B,,,
B1904,P1942,UK213,20250701,CONFIRMED,8B,5769.34,False,NETBANKING
B1905,P1462,SJ120,20260213,PENDING,24B,,,
B1906,P1236,AI035,20250811,CANCELLED,22B,11037.65,False,UPI
B1907,P1025,6F147,20260114,CANCELLED,1B,5451.44,False,CARD
B1908,P1120,SJ229,20250809,CANCELLED,23B,8834.05,False,CARD
B1908,P1120,SJ229,20250809,CANCELLED,23B,1912.8,False,CARD
B1909,P1909,AI230,20251114,PENDING,31B,,,
B1910,P1505,UK162,20250610,CANCELLED,5C,13743.8,False,UPI
B1910,P1505,UK162,20250610,CANCELLED,5C,7810.25,False,CARD
B1911,P1181,AI066,20250529,PENDING,27C,,,
B1912,P1710,6F205,20250909,CANCELLED,19D,6279.57,False,NETBANKING
B1913,P1813,AI124,20250524,CONFIRMED,27B,11211.97,False,NETBANKING
B1913,P1813,AI124,20250524,CONFIRMED,27B,4083.41,False,CARD
B1914,P1766,UK114,20251019,PENDING,20A,5079.38,False,NETBANKING
B1915,P1633,AI231,20250603,CANCELLED,18B,1162.01,False,CARD
B1916,P1542,AI113,20251030,CONFIRMED,7D,3156.86,False,CARD
B1917,P1983,UK180,20250803,UNKNOWN,27A,,,
B1918,P1314,UK180,20251007,CONFIRMED,2B,2739.31,False,NETBANKING
B1918,P1314,UK180,20251007,CONFIRMED,2B,1356.26,False,NETBANKING
B1919,P1990,6F080,20260317,PENDING,7C,,,
B1920,P1796,SJ095,20250511,PENDING,14A,,,
B1921,P1617,SJ115,20250424,CANCELLED,21F,9627.04,False,CARD
B1922,P1735,AI142,20250514,CONFIRMED,7D,11708.41,False,CARD
B1922,P1735,AI142,20250514,CONFIRMED,7D,7858.51,False,CARD
B1923,P1272,UK169,20251128,CANCELLED,33F,8467.53,False,NETBANKING
B1923,P1272,UK169,20251128,CANCELLED,33F,,True,UPI
B1924,P1909,SJ041,20250504,CANCELLED,27D,4739.01,False,CARD
B1925,P1231,UK171,20250420,CONFIRMED,7D,11102.07,False,UPI
B1925,P1231,UK171,20250420,CONFIRMED,7D,12741.86,False,CARD
B1925,P1231,UK171,20250420,CONFIRMED,7D,5691.29,False,UPI
B1926,P1419,AI081,20251127,CANCELLED,18F,,,
B1927,P1767,AI162,20260128,PENDING,27D,,,
B1928,P1441,SJ037,20260123,CANCELLED,6F,6983.66,False,NETBANKING
B1929,P1495,SJ037,20251105,CONFIRMED,6A,,,
B1930,P1023,UK080,20251216,PENDING,3B,,True,UPI
B1930,P1023,UK080,20251216,PENDING,3B,1625.9,False,CARD
B1931,P1108,SJ031,20250926,PENDING,16C,10011.51,False,CARD
B1932,P1702,AI199,20251228,CANCELLED,4B,8636.39,False,CARD
B1932,P1702,AI199,20251228,CANCELLED,4B,,True,UPI
B1933,P1501,6F082,20250528,CANCELLED,7B,,,
B1934,P1858,UK217,20260412,PENDING,9F,10978.81,False,UPI
B1935,P1024,UK014,20260413,CANCELLED,6C,,,
B1936,P1186,SJ180,20260111,CONFIRMED,14D,5159.35,False,UPI
B1936,P1186,SJ180,20260111,CONFIRMED,14D,6127.38,False,UPI
B1937,P1287,6F268,20260219,CANCELLED,16E,6825.66,False,CARD
B1938,P1627,UK205,20260407,CANCELLED,19B,12242.79,False,UPI
B1939,P1337,SJ212,20250722,PENDING,22B,8851.37,False,UPI
B1939,P1337,SJ212,20250722,PENDING,22B,9872.75,False,UPI
B1939,P1337,SJ212,20250722,PENDING,22B,7506.15,False,NETBANKING
B1939,P1337,SJ212,20250722,PENDING,22B,14923.36,False,UPI
B1940,P1877,UK052,20250625,CANCELLED,17C,13791.37,False,CARD
B1940,P1877,UK052,20250625,CANCELLED,17C,4783.48,False,NETBANKING
B1941,P1913,UK230,20250613,CANCELLED,19D,1551.73,False,CARD
B1942,P1036,AI145,20250718,CANCELLED,23D,1755.58,False,UPI
B1943,P1793,SJ035,20260313,CONFIRMED,7E,9116.92,False,NETBANKING
B1943,P1793,SJ035,20260313,CONFIRMED,7E,5304.06,False,UPI
B1944,P1136,SJ184,20250720,CANCELLED,10B,3644.17,False,UPI
B1944,P1136,SJ184,20250720,CANCELLED,10B,9053.91,False,NETBANKING
B1945,P1507,6F207,20251103,CONFIRMED,24A,,,
B1946,P1226,UK144,20260330,CONFIRMED,15A,11196.94,False,UPI
B1947,P1319,AI126,20251022,CONFIRMED,1A,2186.2,False,NETBANKING
B1948,P1839,SJ145,20250519,CONFIRMED,10A,7705.92,False,CARD
B1948,P1839,SJ145,20250519,CONFIRMED,10A,6743.77,False,NETBANKING
B1949,P1915,6F040,20250516,PENDING,15B,11031.75,False,UPI
B1949,P1915,6F040,20250516,PENDING,15B,3328.36,False,CARD
B1950,P1181,UK049,20250615,CONFIRMED,21B,,,
B1951,P1873,UK049,20260318,CANCELLED,3F,12831.14,False,NETBANKING
B1952,P1085,AI087,20251018,CONFIRMED,2C,10237.24,False,NETBANKING
B1953,P1466,AI152,20250524,CANCELLED,19A,12741.76,False,CARD
B1954,P1925,SJ240,20251106,CONFIRMED,2A,14524.79,False,NETBANKING
B1955,P1052,AI212,20250914,PENDING,22B,,,
B1956,P1859,AI064,20250921,CONFIRMED,3B,,,
B1957,P1866,6F093,20250607,CONFIRMED,32E,4851.79,False,CARD
B1958,P1234,AI118,20250428,PENDING,29C,1256.74,False,CARD
B1958,P1234,AI118,20250428,PENDING,29C,1471.1,False,NETBANKING
B1959,P1958,AI172,20251219,CONFIRMED,23D,9818.89,False,UPI
B1959,P1958,AI172,20251219,CONFIRMED,23D,7275.19,False,NETBANKING
B1960,P1778,6F183,20260130,CANCELLED,27E,14657.97,False,CARD
B1961,P1798,6F200,20250715,CONFIRMED,28A,,,
B1962,P1432,SJ077,20251223,CONFIRMED,18C,9530.25,False,CARD
B1962,P1432,SJ077,20251223,CONFIRMED,18C,1833.17,False,UPI
B1962,P1432,SJ077,20251223,CONFIRMED,18C,7948.25,False,CARD
B1962,P1432,SJ077,20251223,CONFIRMED,18C,11681.57,False,UPI
B1963,P1495,UK030,20260224,CONFIRMED,27F,,,
B1964,P1998,SJ232,20250521,PENDING,18B,,,
B1965,P1099,6F090,20260129,CONFIRMED,20D,,,
B1966,P1989,UK002,20251106,CONFIRMED,12B,14419.64,False,UPI
B1966,P1989,UK002,20251106,CONFIRMED,12B,6405.91,False,UPI
B1966,P1989,UK002,20251106,CONFIRMED,12B,13474.77,False,CARD
B1967,P1598,AI154,20250703,CANCELLED,22C,12518.31,False,CARD
B1968,P1402,6F089,20251011,CONFIRMED,2D,14600.78,False,NETBANKING
B1969,P1395,6F218,20260408,CONFIRMED,29A,13598.0,False,UPI
B1970,P1526,6F241,20251126,CONFIRMED,12B,4558.49,False,NETBANKING
B1971,P1414,6F116,20250820,CONFIRMED,2B,,,
B1972,P1938,UK199,20250418,CANCELLED,19B,5458.57,False,UPI
B1973,P1612,SJ033,20250428,CANCELLED,8C,,,
B1974,P1676,AI210,20250803,PENDING,15B,,,
B1975,P1462,UK148,20250826,UNKNOWN,20E,7791.01,False,CARD
B1976,P1540,AI229,20250827,PENDING,16F,8576.26,False,NETBANKING
B1977,P1625,UK005,20260101,PENDING,4A,,,
B1978,P1618,SJ080,20251207,CONFIRMED,12C,9450.85,False,UPI
B1979,P1921,SJ092,20251202,CANCELLED,1F,,,
B1980,P1363,SJ055,20251204,CANCELLED,15A,12102.14,False,CARD
B1981,P1129,AI239,20250517,CONFIRMED,19D,4761.81,False,CARD
B1981,P1129,AI239,20250517,CONFIRMED,19D,7404.46,False,UPI
B1982,P1083,6F162,20250617,UNKNOWN,7A,,,
B1983,P1270,UK101,20250628,UNKNOWN,27A,9117.5,False,CARD
B1984,P1243,6F198,20250425,CONFIRMED,27F,8109.9,False,UPI
B1984,P1243,6F198,20250425,CONFIRMED,27F,11501.29,False,UPI
B1985,P1387,6F239,20250928,CONFIRMED,31F,,,
B1986,P1213,SJ177,20251007,CONFIRMED,13F,,,
B1987,P1817,6F044,20260312,CANCELLED,19F,4585.24,False,CARD
B1987,P1817,6F044,20260312,CANCELLED,19F,4148.68,False,CARD
B1988,P1165,6F248,20260217,PENDING,13A,13945.28,False,UPI
B1989,P1790,6F002,20251210,UNKNOWN,16F,,,
B1990,P1058,SJ197,20260331,CONFIRMED,14B,4434.27,False,NETBANKING
B1990,P1058,SJ197,20260331,CONFIRMED,14B,,True,UPI
B1990,P1058,SJ197,20260331,CONFIRMED,14B,9960.43,False,NETBANKING
B1991,P1601,UK091,20260114,CANCELLED,22E,,,
B1992,P1882,6F215,20250425,CONFIRMED,25C,4590.22,False,CARD
B1992,P1882,6F215,20250425,CONFIRMED,25C,2164.83,False,NETBANKING
B1992,P1882,6F215,20250425,CONFIRMED,25C,7248.01,False,UPI
B1993,P1842,AI093,20260311,CANCELLED,5B,,,
B1994,P1923,UK090,20260331,CONFIRMED,21D,,,
B1995,P1503,SJ005,20251120,CANCELLED,11C,,,
B1996,P1705,UK106,20250808,CANCELLED,27E,10358.84,False,UPI
B1997,P1122,6F223,20250503,PENDING,27B,,True,UPI
B1997,P1122,6F223,20250503,PENDING,27B,,True,CARD
B1998,P1647,6F011,20251023,CONFIRMED,14C,7319.71,False,CARD
B1998,P1647,6F011,20251023,CONFIRMED,14C,11065.89,False,NETBANKING
B1999,P1412,UK124,20250808,UNKNOWN,12B,2806.06,False,NETBANKING
