booking_id,passenger_id,flight_id,booking_date,status,seat_number,passport_hash
B1000,P1591,AI192,2025-06-14 11:37:36.951,CANCELLED,3D,59e7e7738c8711b2
B1001,P1803,6F026,2025-11-02 11:37:36.951,CANCELLED,18A,6a95f336b866dc4d
B1002,P1083,SJ010,2025-08-25 11:37:36.951,CANCELLED,30C,8d413701d70b5174
B1003,P1364,AI069,2025-12-30 11:37:36.951,CONFIRMED,33A,19c4a665e8bc1266
B1004,P1885,UK003,2025-10-02 11:37:36.951,PENDING,25C,d9157c803314e083
B1005,P1548,AI048,2025-08-31 11:37:36.951,CONFIRMED,13D,caabc2281b0da4c3
B1006,P1341,AI140,2025-06-29 11:37:36.951,CANCELLED,17F,819d0525b412722f
B1007,P1838,UK167,2026-03-12 11:37:36.951,CONFIRMED,22E,481f342177d3cec4
B1008,P1406,AI245,2025-09-07 11:37:36.951,PENDING,34F,8c98a8c9d9ef366e
B1009,P1424,SJ158,2025-04-28 11:37:36.951,CANCELLED,33C,16d60fe92f5a5849
B1010,P1743,AI155,2025-11-24 11:37:36.951,CONFIRMED,15B,9b8bc958eb99de8f
B1011,P1092,AI179,2025-10-25 11:37:36.951,CONFIRMED,22C,2c38e171d27dcd12
B1012,P1847,AI137,2025-08-15 11:37:36.951,PENDING,28B,e6d22eaeb25269dd
B1013,P1613,SJ001,2025-07-20 11:37:36.951,CONFIRMED,26E,fab85083e9f77799
B1014,P1411,SJ172,2025-09-15 11:37:36.951,PENDING,21E,ce79ecb116713ff5
B1015,P1431,UK094,2025-10-21 11:37:36.951,UNKNOWN,6F,e80647128945b844
B1016,P1677,UK027,2026-01-13 11:37:36.951,CANCELLED,6A,45ac44b766f54461
B1017,P1158,UK067,2026-04-04 11:37:36.951,CONFIRMED,13B,f27605d14d86e057
B1018,P1013,6F196,2026-03-25 11:37:36.951,CANCELLED,19B,f08afc002842ef6c
B1019,P1372,6F164,2025-07-31 11:37:36.951,CANCELLED,19A,451e03d407510f43
B1020,P1224,SJ112,2025-12-06 11:37:36.951,CONFIRMED,27B,548bb24f886551bd
B1021,P1504,6F190,2025-12-07 11:37:36.951,CANCELLED,4E,a81b91b550af858b
B1022,P1072,AI080,2026-03-25 11:37:36.951,CONFIRMED,16F,d10b00994471367e
B1023,P1248,6F213,2026-02-03 11:37:36.951,PENDING,24B,baf43ee0438d2412
B1024,P1510,AI115,2025-06-21 11:37:36.951,PENDING,30F,93992d112475cbf9
B1025,P1602,SJ049,2026-03-18 11:37:36.951,PENDING,1B,1012f26ddc18bc3e
B1026,P1215,AI058,2025-06-27 11:37:36.951,CONFIRMED,32C,56b08f0dbe81e0fd
B1027,P1972,UK036,2025-07-25 11:37:36.951,CONFIRMED,22A,5739e14cea5a14e2
B1028,P1601,SJ239,2025-05-25 11:37:36.951,CANCELLED,26E,807a50e4d654f4ce
B1029,P1540,6F025,2025-06-06 11:37:36.951,CANCELLED,19C,47899709761c35e8
B1030,P1946,6F236,2026-03-18 11:37:36.951,CANCELLED,21E,d307a6378262c7c9
B1031,P1816,AI060,2025-11-16 11:37:36.951,CANCELLED,1E,62954bcb007746db
B1032,P1938,UK021,2025-09-03 11:37:36.951,CANCELLED,18E,718575c7b7ffd0a2
B1033,P1987,UK026,2025-05-06 11:37:36.951,UNKNOWN,19A,a52d3cb89e597a68
B1034,P1219,SJ179,2025-12-31 11:37:36.951,CONFIRMED,22F,151e90282739e28a
B1035,P1839,6F251,2025-08-21 11:37:36.951,PENDING,11D,b20f5000d5f6615e
B1036,P1726,SJ149,2025-11-24 11:37:36.951,PENDING,5B,138ba87501deb785
B1037,P1220,AI188,2026-03-20 11:37:36.951,PENDING,33E,f583dd86ac1ab40c
B1038,P1388,SJ093,2026-01-01 11:37:36.951,PENDING,12D,2269d969b6195ed5
B1039,P1553,SJ205,2025-08-21 11:37:36.951,CONFIRMED,11E,f29a77a8a97066be
B1040,P1646,6F099,2025-08-08 11:37:36.951,CONFIRMED,26B,bcd1bf6246a8cf64
B1041,P1041,UK176,2025-05-28 11:37:36.951,CONFIRMED,25C,86e67dbe9d95297a
B1042,P1675,UK200,2025-12-02 11:37:36.951,CANCELLED,24F,8e2d9b98b2af010a
B1043,P1872,6F195,2025-11-22 11:37:36.951,CANCELLED,8E,af93a48a3274117c
B1044,P1282,6F174,2026-04-12 11:37:36.951,PENDING,16C,16e174d0fb53c3ef
B1045,P1057,SJ214,2026-03-19 11:37:36.951,UNKNOWN,18C,fb7a1818d6acdfde
B1046,P1813,UK059,2025-10-14 11:37:36.951,CONFIRMED,2C,ec8af10a02df2459
B1047,P1833,6F151,2025-12-29 11:37:36.951,PENDING,7C,06fc223a46a46707
B1048,P1536,SJ236,2025-09-19 11:37:36.951,PENDING,18C,8ca1865bfad8bc2f
B1049,P1072,SJ153,2025-07-28 11:37:36.951,UNKNOWN,3C,3da7675b6ee8e557
B1050,P1884,AI220,2026-01-15 11:37:36.951,PENDING,7D,0d72266c43031d80
B1051,P1922,6F028,2025-07-05 11:37:36.951,CANCELLED,16A,720bfb736136a3f4
B1052,P1128,UK209,2025-12-30 11:37:36.951,CANCELLED,33B,733cfebca1a82851
B1053,P1598,UK216,2026-04-01 11:37:36.951,PENDING,28B,399a80b00d6a0a58
B1054,P1841,AI132,2026-04-11 11:37:36.951,CANCELLED,19C,92064bfc79f8368f
B1055,P1425,6F012,2025-10-14 11:37:36.951,CANCELLED,13F,08dbe884a6f40898
B1056,P1947,UK173,2026-03-24 11:37:36.951,CANCELLED,15B,f380fadf17567f87
B1057,P1664,SJ047,2025-08-20 11:37:36.951,CANCELLED,14F,a40b7e364b4f13f0
B1058,P1693,SJ043,2025-12-07 11:37:36.951,PENDING,8C,f93fc5b8f41c836b
B1059,P1124,UK140,2026-01-03 11:37:36.951,CONFIRMED,23B,932065e04863f4c6
B1060,P1066,6F086,2025-12-30 11:37:36.951,CONFIRMED,11A,05f3d6b7a3517179
B1061,P1005,6F114,2026-04-05 11:37:36.951,CANCELLED,19C,0296cf4c371c103a
B1062,P1636,UK153,2025-06-12 11:37:36.951,CANCELLED,15D,cdfa84a9b9646477
B1063,P1313,6F149,2025-05-19 11:37:36.951,CANCELLED,9A,26fe229152e764c4
B1064,P1325,UK145,2025-09-14 11:37:36.951,CONFIRMED,24E,da6bd392194e0730
B1065,P1564,UK010,2026-03-06 11:37:36.951,CANCELLED,7B,4b8e984326743f03
B1066,P1577,SJ003,2025-11-05 11:37:36.951,PENDING,1B,3cb2c86e89a96e35
B1067,P1825,SJ160,2025-07-23 11:37:36.951,PENDING,7F,c25bf736040d96af
B1068,P1505,UK224,2025-11-22 11:37:36.951,PENDING,23A,4e6c0aada89e3523
B1069,P1081,UK152,2025-08-02 11:37:36.951,CONFIRMED,16E,a62394e2c13ca231
B1070,P1598,SJ034,2025-09-22 11:37:36.951,CANCELLED,15D,460fb46958bd358e
B1071,P1001,UK215,2025-12-21 11:37:36.951,CANCELLED,15F,3908c87404af101b
B1072,P1203,UK089,2025-08-10 11:37:36.951,CANCELLED,18F,829a5131166353ef
B1073,P1661,6F180,2025-12-04 11:37:36.951,CONFIRMED,16A,2f3fda6f401627a4
B1074,P1804,6F188,2025-09-25 11:37:36.951,CONFIRMED,7A,2b7e5c29878ccee9
B1075,P1403,UK131,2026-01-03 11:37:36.951,CONFIRMED,2F,5a8625975fd85a29
B1076,P1102,UK055,2025-05-04 11:37:36.951,CONFIRMED,12B,dab6677257e0df4d
B1077,P1535,UK181,2025-05-03 11:37:36.951,PENDING,3A,d6789f8b10569f0b
B1078,P1367,6F077,2025-09-21 11:37:36.951,CONFIRMED,1B,daeb52205df087fe
B1079,P1211,SJ085,2025-06-03 11:37:36.951,CONFIRMED,10D,04dd042c1e1ab3ff
B1080,P1576,SJ023,2025-06-05 11:37:36.951,CONFIRMED,22D,ed6b7590cce5d1cf
B1081,P1960,SJ202,2025-11-13 11:37:36.951,CANCELLED,29C,fc5693cfa4ecd4c4
B1082,P1208,SJ150,2025-09-09 11:37:36.951,CANCELLED,30A,8d8e07d18c560ccc
B1083,P1762,SJ116,2025-05-12 11:37:36.951,CANCELLED,9A,7692ebdaa67d0145
B1084,P1896,6F270,2025-06-14 11:37:36.951,PENDING,16E,a73f4fb59b6adb79
B1085,P1116,UK150,2026-03-24 11:37:36.951,PENDING,12A,b5445c25a22ff182
B1086,P1627,SJ237,2026-02-16 11:37:36.951,CONFIRMED,5D,353ce93dac98d0e1
B1087,P1748,AI221,2025-05-08 11:37:36.951,CANCELLED,2F,b5b24442fce4fc3e
B1088,P1477,SJ081,2026-03-25 11:37:36.951,PENDING,31A,787ca2cc91810d7a
B1089,P1104,UK189,2025-09-03 11:37:36.951,CANCELLED,25F,9fe4832e46605171
B1090,P1494,SJ068,2025-05-16 11:37:36.951,PENDING,31C,7839eaee1278bad2
B1091,P1770,6F043,2025-08-18 11:37:36.951,PENDING,25D,dc742f97ecc693fb
B1092,P1045,UK187,2026-03-18 11:37:36.951,CONFIRMED,16D,eeefb195c4346565
B1093,P1822,UK074,2025-05-11 11:37:36.951,CONFIRMED,25E,c6dfeae13ecd8e69
B1094,P1330,UK004,2026-01-07 11:37:36.951,PENDING,24C,95c4cf1c17f97b6f
B1095,P1215,6F194,2025-07-30 11:37:36.951,CONFIRMED,14B,3780979a5959ac4f
B1096,P1981,UK068,2026-01-03 11:37:36.951,PENDING,12B,b80bb2ec148699cb
B1097,P1959,6F017,2025-08-26 11:37:36.951,UNKNOWN,34F,f7e02a56d9f1abe8
B1098,P1491,6F245,2025-10-15 11:37:36.951,UNKNOWN,13D,fb89aebe8aba1170
B1099,P1812,6F254,2025-12-07 11:37:36.951,CONFIRMED,26E,693da76722da27ae
B1100,P1921,UK077,2026-03-05 11:37:36.951,CONFIRMED,16D,eb419af2876a17e8
B1101,P1844,AI029,2025-07-19 11:37:36.951,CONFIRMED,3D,2b318a4903e34f1d
B1102,P1448,SJ196,2025-10-06 11:37:36.951,UNKNOWN,15F,3af30f986bc10fdf
B1103,P1535,AI242,2025-08-08 11:37:36.951,CANCELLED,20D,da51ed01fc777418
B1104,P1510,AI242,2025-09-12 11:37:36.951,CANCELLED,16E,c2b4835877d40b7a
B1105,P1457,SJ044,2025-09-11 11:37:36.951,CONFIRMED,19F,1d3dac43b1594a12
B1106,P1546,UK063,2025-09-01 11:37:36.951,CONFIRMED,21F,60b7af71e1bbb27b
B1107,P1535,AI056,2025-05-19 11:37:36.951,CONFIRMED,30F,6a1fb7f1be0bccc7
B1108,P1539,UK207,2025-10-11 11:37:36.951,CANCELLED,14B,324fbc9c9b6f4a77
B1109,P1483,UK166,2025-12-03 11:37:36.951,CANCELLED,33D,320a00e4dcb15636
B1110,P1975,6F261,2025-12-17 11:37:36.951,PENDING,12B,3f1988a5001b2e1b
B1111,P1999,UK134,2025-12-25 11:37:36.951,CANCELLED,34A,931436b7fc1d5cff
B1112,P1015,6F152,2025-10-02 11:37:36.951,PENDING,27A,549b6d9a573b2201
B1113,P1570,SJ089,2025-11-23 11:37:36.951,CONFIRMED,5A,789f60f260936222
B1114,P1976,6F123,2025-09-26 11:37:36.951,CANCELLED,2E,8dfedddcce752555
B1115,P1242,AI025,2025-08-23 11:37:36.951,CONFIRMED,10A,26050249f05f3f74
B1116,P1949,6F030,2025-12-05 11:37:36.951,CONFIRMED,19B,89c9ea9c8f3c9e81
B1117,P1206,SJ222,2025-09-02 11:37:36.951,CONFIRMED,28F,872278f4b558af07
B1118,P1911,UK109,2026-04-03 11:37:36.951,CONFIRMED,34B,fc3df106b0b21179
B1119,P1270,SJ117,2025-11-25 11:37:36.951,CANCELLED,21F,11657afab1fb6dc9
B1120,P1760,SJ142,2025-08-12 11:37:36.951,CONFIRMED,12D,b84615456a996ebe
B1121,P1993,SJ142,2025-06-01 11:37:36.951,PENDING,17C,d6c9529c06c807cb
B1122,P1778,AI030,2025-05-02 11:37:36.951,CANCELLED,20B,14b099409634db76
B1123,P1704,6F097,2025-09-23 11:37:36.951,CONFIRMED,8A,84b99269d7259fde
B1124,P1846,6F129,2025-05-23 11:37:36.951,CANCELLED,5C,789b2151d973ab83
B1125,P1729,6F181,2026-01-15 11:37:36.951,PENDING,27E,a0cab12df09a4074
B1126,P1114,AI072,2025-10-20 11:37:36.951,CONFIRMED,10E,1662c7047ff4c2ab
B1127,P1579,SJ154,2025-06-29 11:37:36.951,PENDING,2E,e8cfa1e951a82671
B1128,P1298,AI031,2026-04-08 11:37:36.951,CONFIRMED,10D,742f734c27679954
B1129,P1836,AI031,2025-09-18 11:37:36.951,PENDING,26F,c410880c10b4e3fc
B1130,P1482,6F158,2025-12-26 11:37:36.951,CONFIRMED,34E,f09c0a93b6e2e17f
B1131,P1396,6F184,2025-06-16 11:37:36.951,CANCELLED,1C,2b93216a02a743ce
B1132,P1393,UK141,2025-06-20 11:37:36.951,CONFIRMED,10D,706954c03a671001
B1133,P1074,6F168,2025-12-29 11:37:36.951,CANCELLED,23D,d378f468ed045771
B1134,P1977,6F051,2025-07-28 11:37:36.951,CONFIRMED,34C,0a9256c654868404
B1135,P1481,6F047,2025-12-02 11:37:36.951,CONFIRMED,20E,19675c77c0ce2ef1
B1136,P1102,UK156,2025-10-26 11:37:36.951,PENDING,28E,1a8e2ee9604dd7ba
B1137,P1296,AI094,2025-09-01 11:37:36.951,PENDING,13E,3ffce22827c5a12c
B1138,P1177,AI038,2025-07-14 11:37:36.951,PENDING,6C,d55b6e72cb263db9
B1139,P1214,6F255,2026-01-19 11:37:36.951,CONFIRMED,29F,bbae7556e98aab26
B1140,P1966,SJ025,2026-01-23 11:37:36.951,CONFIRMED,29D,f8f7cdc9ecb48ca5
B1141,P1314,SJ185,2025-10-28 11:37:36.951,CONFIRMED,9C,49d97b1c4c7dc5b6
B1142,P1038,6F259,2026-01-21 11:37:36.951,CANCELLED,5C,fcde0e2b5da25ae6
B1143,P1258,6F073,2026-04-07 11:37:36.951,CANCELLED,15A,afdc34ca2d557c15
B1144,P1715,AI091,2025-09-26 11:37:36.951,CONFIRMED,6D,7d87c96db5c0306d
B1145,P1006,6F191,2025-08-23 11:37:36.951,PENDING,15D,c42e261739311d31
B1146,P1048,UK228,2025-08-30 11:37:36.951,PENDING,25A,b7639e905434a697
B1147,P1537,6F146,2026-03-25 11:37:36.951,PENDING,11E,50a1a04ea43fe448
B1148,P1160,6F068,2025-10-13 11:37:36.951,CONFIRMED,19A,1824f7428d639b28
B1149,P1868,SJ218,2026-01-08 11:37:36.951,PENDING,30F,1070d881d49cf2af
B1150,P1175,UK083,2025-09-25 11:37:36.951,CONFIRMED,12A,3b18d93f584be98b
B1151,P1590,SJ007,2026-01-18 11:37:36.951,CANCELLED,29B,14689b785bc985f0
B1152,P1001,AI077,2025-08-14 11:37:36.951,PENDING,27A,9fbb2208f9766832
B1153,P1894,UK017,2025-12-20 11:37:36.951,CANCELLED,8D,27fa8ad298e54db4
B1154,P1454,6F229,2026-02-17 11:37:36.951,PENDING,24A,3c315599a219a423
B1155,P1927,6F074,2025-10-08 11:37:36.951,CONFIRMED,6D,ab2ce452d61eed45
B1156,P1643,SJ088,2026-03-25 11:37:36.951,CONFIRMED,5E,18105491da73b71e
B1157,P1275,SJ167,2025-06-28 11:37:36.951,CONFIRMED,18B,d05f1dac37acdbb5
B1158,P1497,6F234,2025-07-20 11:37:36.951,CONFIRMED,22A,02e620d5c290a397
B1159,P1628,UK071,2025-12-10 11:37:36.951,PENDING,22F,37f83968179dbd01
B1160,P1675,AI178,2025-11-21 11:37:36.951,CANCELLED,29A,f60d6ae35bcbee28
B1161,P1799,UK104,2025-11-14 11:37:36.951,CONFIRMED,12A,704cb66091633178
B1162,P1027,AI146,2025-04-22 11:37:36.951,UNKNOWN,32D,7614e3e997090be5
B1163,P1332,SJ235,2025-11-10 11:37:36.951,CANCELLED,13D,c4d3ee9b910c5e48
B1164,P1000,6F209,2025-04-24 11:37:36.951,CONFIRMED,24A,fbd36eb2eaea50ed
B1165,P1187,AI129,2025-08-20 11:37:36.951,CANCELLED,2F,7e1e2b1f17b8b4b5
B1166,P1055,SJ141,2026-01-23 11:37:36.951,CONFIRMED,34D,afd59be446e44c9a
B1167,P1546,SJ018,2026-02-02 11:37:36.951,CANCELLED,9F,25c9918012ccad8a
B1168,P1111,UK120,2025-10-14 11:37:36.951,CANCELLED,11C,b2a4552d3e133305
B1169,P1797,AI078,2025-11-15 11:37:36.951,CONFIRMED,11E,ed1edafa73bc76f8
B1170,P1309,AI079,2025-09-14 11:37:36.951,PENDING,15E,b89fef1bedb516d1
B1171,P1035,UK087,2025-09-19 11:37:36.951,CANCELLED,21A,5587d350cca62364
B1172,P1438,UK133,2026-01-17 11:37:36.951,CONFIRMED,8F,c4cd72969b5315c5
B1173,P1728,AI222,2025-06-01 11:37:36.951,CANCELLED,22E,2826a2e130e92ede
B1174,P1591,6F049,2026-04-12 11:37:36.951,CANCELLED,19D,29e92ad39b5d6a5c
B1175,P1825,6F105,2026-01-29 11:37:36.951,PENDING,27D,466c0cb9c6566748
B1176,P1594,SJ226,2025-04-17 11:37:36.951,CANCELLED,7C,25b0176f8e2de949
B1177,P1576,SJ227,2025-07-29 11:37:36.951,CANCELLED,34D,1faa946c34da555b
B1178,P1324,6F034,2026-02-05 11:37:36.951,CONFIRMED,34E,0e2f11d40ecb3e76
B1179,P1639,SJ078,2025-10-03 11:37:36.951,CONFIRMED,33D,70e7a5fb17d65d4f
B1180,P1306,AI240,2026-04-10 11:37:36.951,PENDING,22F,a64c6645c82fe4ff
B1181,P1533,SJ002,2026-03-29 11:37:36.951,CANCELLED,12E,77e39000ffec8425
B1182,P1727,AI044,2025-08-11 11:37:36.951,CANCELLED,3A,4b02215cb1568771
B1183,P1618,UK076,2025-06-22 11:37:36.951,CANCELLED,8C,86829e1ac6a1acf3
B1184,P1108,6F232,2025-08-01 11:37:36.951,PENDING,28E,62190f4d1de67f08
B1185,P1371,SJ228,2025-08-16 11:37:36.951,CANCELLED,25E,287a4af8dd539be3
B1186,P1356,SJ074,2026-04-04 11:37:36.951,CONFIRMED,1B,d05484ef6ee594fd
B1187,P1180,UK229,2025-08-04 11:37:36.951,PENDING,7F,e41475699a6d3c20
B1188,P1355,AI208,2026-04-04 11:37:36.951,CONFIRMED,6A,7a099f39ae7927f3
B1189,P1675,AI019,2025-11-23 11:37:36.951,CONFIRMED,14F,1e0b58e9054391e8
B1190,P1067,6F029,2025-05-23 11:37:36.951,PENDING,12B,fb4608a3ca51111d
B1191,P1291,6F018,2025-04-27 11:37:36.951,CONFIRMED,25B,667823d76db39ff3
B1192,P1691,AI059,2025-06-23 11:37:36.951,CANCELLED,7D,6fc5ff2593b645cd
B1193,P1180,AI159,2025-05-22 11:37:36.951,PENDING,13D,afa5b00ae8c19c0b
B1194,P1465,6F091,2025-07-11 11:37:36.951,CONFIRMED,14F,21772342d60b2d20
B1195,P1433,6F084,2025-07-20 11:37:36.951,CANCELLED,10B,7a5de755198c824b
B1196,P1463,UK170,2026-01-15 11:37:36.951,CANCELLED,20C,410a1643c227b328
B1197,P1680,UK212,2025-05-19 11:37:36.951,CONFIRMED,2E,b4308a23ef273621
B1198,P1913,SJ022,2025-06-16 11:37:36.951,UNKNOWN,29A,e443111bff25ce9e
B1199,P1533,SJ075,2025-12-13 11:37:36.951,PENDING,30E,e44d23e29f0e31c6
B1200,P1065,UK177,2025-09-17 11:37:36.951,CONFIRMED,16B,d5b06c9879e93652
B1201,P1020,UK206,2026-02-01 11:37:36.951,CANCELLED,3A,3e29f2cb2f8234e9
B1202,P1611,UK079,2025-04-29 11:37:36.951,CANCELLED,29C,69fda9e79160beb5
B1203,P1383,UK040,2025-06-21 11:37:36.951,CONFIRMED,3B,0a16a9bbb8a5b9ee
B1204,P1811,AI034,2025-07-25 11:37:36.951,CONFIRMED,30A,814d6c12e4912cff
B1205,P1614,UK034,2025-10-18 11:37:36.951,CONFIRMED,23F,ee04af9da49bffa2
B1206,P1558,AI088,2025-07-02 11:37:36.951,CONFIRMED,13A,92b485c38fbce3d1
B1207,P1038,AI128,2025-06-11 11:37:36.951,PENDING,26A,469b6ab25310994b
B1208,P1284,SJ052,2025-07-22 11:37:36.951,UNKNOWN,9A,95582300eb4865ac
B1209,P1821,AI233,2025-12-15 11:37:36.951,PENDING,3A,d4b8065ae6c579ac
B1210,P1601,AI012,2026-01-20 11:37:36.951,PENDING,3C,4c431f72d5d04d2f
B1211,P1596,AI084,2025-07-07 11:37:36.951,CONFIRMED,34A,023ae20162c2f317
B1212,P1784,6F126,2025-07-08 11:37:36.951,PENDING,34B,3af066e17c571ac5
B1213,P1335,SJ061,2025-06-16 11:37:36.951,CONFIRMED,2E,6de19bcd15edd069
B1214,P1187,UK194,2025-08-14 11:37:36.951,UNKNOWN,23B,c88d65fea3680e5f
B1215,P1670,AI135,2025-08-08 11:37:36.951,CANCELLED,28C,a4ccb4cebf51d991
B1216,P1242,6F238,2025-12-09 11:37:36.951,CONFIRMED,10A,9e7c2e3450410e8a
B1217,P1072,6F092,2026-03-19 11:37:36.951,CANCELLED,32C,6dc3d57d8ab76aa9
B1218,P1478,AI213,2025-11-13 11:37:36.951,PENDING,2D,f1b8efb28ccf874a
B1219,P1973,UK193,2026-02-15 11:37:36.951,CANCELLED,1B,e6f7c7df80fc633f
B1220,P1560,6F178,2026-04-04 11:37:36.951,PENDING,29C,2a111245db330168
B1221,P1100,AI158,2026-03-06 11:37:36.951,CONFIRMED,19D,43dd69fe388e4217
B1222,P1513,UK208,2026-03-30 11:37:36.951,PENDING,8A,b36b5e62db340ae2
B1223,P1755,6F056,2026-04-09 11:37:36.951,UNKNOWN,15A,102bf3cf727cb987
B1224,P1175,UK185,2025-10-26 11:37:36.951,CONFIRMED,1E,52bb409870cf2f6b
B1225,P1237,AI163,2026-01-13 11:37:36.951,PENDING,4D,6c2608bc4b6a8e04
B1226,P1909,AI112,2025-08-23 11:37:36.951,CONFIRMED,15C,7c9b8796ace1872c
B1227,P1058,AI227,2025-10-23 11:37:36.951,CANCELLED,12A,53d5b02c4ececebc
B1228,P1864,SJ083,2026-04-17 11:37:36.951,CONFIRMED,29D,5cea9f976a13567d
B1229,P1098,UK073,2026-02-07 11:37:36.951,CONFIRMED,13F,e7d8dac664c7741b
B1230,P1953,6F169,2025-04-29 11:37:36.951,PENDING,6C,c07e950faded4337
B1231,P1870,UK154,2026-04-06 11:37:36.951,CANCELLED,27D,56faa0947b399988
B1232,P1953,SJ169,2025-10-06 11:37:36.951,CONFIRMED,32F,01707546bff7edec
B1233,P1494,6F187,2025-05-13 11:37:36.951,CANCELLED,5F,bb896c0cbe48a46d
B1234,P1946,UK210,2025-11-21 11:37:36.951,CANCELLED,33A,39097a96fd52f1ab
B1235,P1979,6F250,2025-12-23 11:37:36.951,PENDING,13D,6cb9395cb1c9c17e
B1236,P1513,AI062,2025-07-05 11:37:36.951,CONFIRMED,25A,271679179d225d90
B1237,P1754,AI047,2025-11-16 11:37:36.951,UNKNOWN,15B,121b9f591e6061df
B1238,P1296,SJ186,2025-10-20 11:37:36.951,UNKNOWN,8E,ad635b7764298da4
B1239,P1210,AI217,2025-11-17 11:37:36.951,CANCELLED,30A,bfcfa5d90de2ed50
B1240,P1122,UK100,2025-12-31 11:37:36.951,CONFIRMED,17A,cba42f3eeb784d65
B1241,P1228,UK116,2025-12-16 11:37:36.951,CONFIRMED,10A,3908b31871d0dc99
B1242,P1593,6F036,2025-12-01 11:37:36.951,CANCELLED,26C,35124f879d9bdc9c
B1243,P1655,AI175,2026-01-22 11:37:36.951,CANCELLED,29E,f01fed20d615bfb1
B1244,P1387,UK051,2025-08-18 11:37:36.951,CONFIRMED,27D,a096da9604312585
B1245,P1139,6F201,2026-04-17 11:37:36.951,UNKNOWN,26A,158444325e6a5961
B1246,P1540,6F230,2026-04-09 11:37:36.951,CONFIRMED,33B,0da0daebff36ffa7
B1247,P1390,SJ138,2025-08-13 11:37:36.951,CANCELLED,15F,29e7e007c93225f8
B1248,P1269,AI246,2026-03-04 11:37:36.951,PENDING,16B,983f6a394bfa18dc
B1249,P1758,6F179,2025-06-06 11:37:36.951,CANCELLED,26B,48fd39716a1b09b8
B1250,P1011,6F031,2026-01-28 11:37:36.951,CANCELLED,16F,b05acaaa26ffe2cf
B1251,P1866,UK015,2025-08-30 11:37:36.951,PENDING,29A,ad3874deb14adcb7
B1252,P1388,UK001,2025-04-21 11:37:36.951,CANCELLED,27C,72295d408d5005a6
B1253,P1336,6F133,2026-02-27 11:37:36.951,CANCELLED,15E,ea593d2c3b9d9ab7
B1254,P1505,6F143,2025-07-22 11:37:36.951,CANCELLED,5D,47682f6856f8cd6f
B1255,P1105,UK165,2025-09-22 11:37:36.951,CANCELLED,23F,219bef4831f829eb
B1256,P1031,6F083,2025-08-10 11:37:36.951,CANCELLED,22B,48493a1e45619550
B1257,P1073,AI082,2025-08-19 11:37:36.951,CANCELLED,11C,b9d993e38146c100
B1258,P1170,AI164,2025-10-28 11:37:36.951,CANCELLED,21F,d42f09f610f9243a
B1259,P1848,SJ155,2026-01-19 11:37:36.951,CANCELLED,31F,4b77e15ca9a67f14
B1260,P1068,AI189,2026-01-04 11:37:36.951,CANCELLED,1D,4523ef270407c19e
B1261,P1812,SJ057,2025-12-21 11:37:36.951,CONFIRMED,34A,8b12b9b6c47a74bc
B1262,P1361,SJ198,2025-05-07 11:37:36.951,CONFIRMED,16F,93b683f45f63e716
B1263,P1648,6F122,2026-01-03 11:37:36.951,CANCELLED,6C,363b9fb8fce1194f
B1264,P1432,SJ097,2026-04-15 11:37:36.951,CONFIRMED,12A,d2eaa1f0d671e6fe
B1265,P1928,UK203,2025-08-06 11:37:36.951,PENDING,28F,9042ffc6235420bc
B1266,P1995,UK093,2026-01-16 11:37:36.951,CONFIRMED,27F,73908b01d924b10c
B1267,P1099,AI205,2025-05-21 11:37:36.951,CANCELLED,32A,eb44b7a5311fd8e7
B1268,P1657,AI102,2026-01-16 11:37:36.951,UNKNOWN,12A,3cff8374d208d717
B1269,P1008,6F046,2025-09-06 11:37:36.951,CONFIRMED,4C,8739a392d975ad68
B1270,P1573,SJ017,2025-06-02 11:37:36.951,UNKNOWN,22E,5cfcbbb44314e2ad
B1271,P1696,6F156,2025-10-20 11:37:36.951,PENDING,28B,d8ba4d5d252f7b48
B1272,P1028,AI068,2025-07-18 11:37:36.951,PENDING,19A,640500d978ddaa98
B1273,P1892,AI150,2025-06-05 11:37:36.951,UNKNOWN,28B,069b2c7abe450ba5
B1274,P1113,UK008,2025-10-15 11:37:36.951,PENDING,20D,df9df1cea85fc191
B1275,P1461,6F166,2025-07-11 11:37:36.951,PENDING,18F,d7881e02ec5c14d4
B1276,P1920,6F177,2025-07-15 11:37:36.951,CONFIRMED,1A,00e170dec3f39461
B1277,P1142,AI196,2026-01-19 11:37:36.951,PENDING,12E,142f5cb76d1edde1
B1278,P1389,SJ191,2025-08-09 11:37:36.951,CONFIRMED,5B,0003f77c12cdd762
B1279,P1631,6F019,2025-05-10 11:37:36.951,UNKNOWN,28C,4190b8c35d5ceac4
B1280,P1681,AI226,2026-04-12 11:37:36.951,CONFIRMED,33B,217ef94d41a61ab6
B1281,P1156,SJ207,2026-01-21 11:37:36.951,CANCELLED,4A,348a1a78e838501b
B1282,P1334,AI009,2025-12-30 11:37:36.951,CANCELLED,8B,d81e45c4922a75ea
B1283,P1860,AI103,2025-05-08 11:37:36.951,UNKNOWN,29D,9ab4808a0aee5a55
B1284,P1259,SJ127,2026-02-22 11:37:36.951,CANCELLED,25F,d6f10f5ff45f6400
B1285,P1081,UK188,2026-03-26 11:37:36.951,CANCELLED,25B,1b57d26efecdc40e
B1286,P1753,6F010,2025-09-25 11:37:36.951,UNKNOWN,33B,59f5bf71fe37d756
B1287,P1440,SJ098,2025-12-13 11:37:36.951,CANCELLED,5F,665cda5ea3706bcc
B1288,P1944,6F058,2025-12-11 11:37:36.951,PENDING,18C,0a453657a8991145
B1289,P1171,SJ030,2026-03-23 11:37:36.951,PENDING,24F,912e5deff48e328c
B1290,P1230,UK175,2025-07-26 11:37:36.951,CANCELLED,16F,959dbab753b98273
B1291,P1719,SJ108,2026-04-01 11:37:36.951,PENDING,28E,b64d80e52b6b05a4
B1292,P1074,6F075,2025-08-03 11:37:36.951,CONFIRMED,7C,ef61e9a15b7fa058
B1293,P1269,UK222,2025-08-31 11:37:36.951,CONFIRMED,25F,aa7a8ba3800b824b
B1294,P1898,6F250,2025-07-13 11:37:36.951,CANCELLED,34B,5c1be3340e3e09ae
B1295,P1625,AI096,2025-12-29 11:37:36.951,CANCELLED,14B,0c9373278df71e25
B1296,P1061,AI216,2025-12-23 11:37:36.951,CANCELLED,1B,691c9626fab47ae5
B1297,P1873,6F193,2026-01-23 11:37:36.951,PENDING,8A,a7e1c411aee0eef4
B1298,P1319,SJ194,2026-01-02 11:37:36.951,PENDING,6C,f5d1b416901ecc2a
B1299,P1101,SJ020,2025-09-11 11:37:36.951,CONFIRMED,16F,9f205c3059639765
B1300,P1428,6F070,2025-06-14 11:37:36.951,PENDING,21C,4437ed6e1810562f
B1301,P1873,AI051,2025-09-03 11:37:36.951,CONFIRMED,12A,71fc6b978e64cb41
B1302,P1721,UK219,2025-12-27 11:37:36.951,PENDING,3D,9d5ca609c2e11889
B1303,P1953,AI235,2025-12-13 11:37:36.951,CONFIRMED,20A,7ed0701a6a9964e4
B1304,P1254,6F022,2025-12-13 11:37:36.951,UNKNOWN,18E,d24807292258b029
B1305,P1531,SJ114,2025-09-28 11:37:36.951,PENDING,13C,49ba46c5e75f0440
B1306,P1569,SJ076,2025-12-01 11:37:36.951,CONFIRMED,30A,9b40efdd02edca74
B1307,P1111,UK227,2026-01-26 11:37:36.951,PENDING,32E,51c9538f633e0462
B1308,P1984,UK135,2025-07-22 11:37:36.951,CANCELLED,30D,497a0fa9fba2d128
B1309,P1312,AI234,2025-05-06 11:37:36.951,CONFIRMED,30F,e43563330de40c32
B1310,P1997,6F113,2025-08-20 11:37:36.951,PENDING,5D,d73e460424314a38
B1311,P1460,SJ206,2025-11-16 11:37:36.951,PENDING,9D,24a2dd5953d1fa34
B1312,P1707,AI015,2026-03-29 11:37:36.951,UNKNOWN,6E,c4d086169a750746
B1313,P1886,6F260,2025-05-16 11:37:36.951,CANCELLED,33E,38525d5c1f8ae9da
B1314,P1461,AI061,2025-04-28 11:37:36.951,CONFIRMED,19C,cdb6154d11533ac9
B1315,P1864,6F237,2026-03-26 11:37:36.951,PENDING,9C,20f9a1e0516eaf24
B1316,P1091,SJ099,2026-01-06 11:37:36.951,PENDING,27C,67689abdb8d7f167
B1317,P1051,SJ146,2026-02-24 11:37:36.951,CANCELLED,21F,b47a852f240a5167
B1318,P1804,SJ146,2025-05-23 11:37:36.951,CANCELLED,29B,15967d729aecdf5d
B1319,P1519,6F071,2025-05-04 11:37:36.951,CONFIRMED,4C,2f8d45159232b319
B1320,P1811,6F272,2025-08-13 11:37:36.951,PENDING,6C,2c9c503922f39989
B1321,P1097,SJ029,2026-02-12 11:37:36.951,PENDING,13A,6d2700a38d548513
B1322,P1235,UK084,2025-07-27 11:37:36.951,CONFIRMED,6E,e6f8b77cf283486d
B1323,P1900,SJ048,2026-02-06 11:37:36.951,CONFIRMED,14D,1d2dd6c7e3ab38d0
B1324,P1373,AI108,2026-02-04 11:37:36.951,CANCELLED,33B,ff1d9f0c94ac5410
B1325,P1580,SJ134,2025-08-11 11:37:36.951,CANCELLED,3B,b257d1364fcf4686
B1326,P1926,UK146,2025-10-31 11:37:36.951,CONFIRMED,14F,4928a4597bf9ff72
B1327,P1556,SJ036,2025-09-24 11:37:36.951,CONFIRMED,26C,24e7d2bed5401e51
B1328,P1648,6F202,2025-11-01 11:37:36.951,PENDING,33B,fbcc49740bee69b7
B1329,P1233,UK041,2026-02-13 11:37:36.951,CONFIRMED,22C,04c2df7e3055c5dd
B1330,P1031,6F078,2025-12-06 11:37:36.951,CONFIRMED,23A,7c74a634ab87bfc4
B1331,P1288,AI097,2025-07-03 11:37:36.951,PENDING,22C,7bedfb6edbc97683
B1332,P1637,UK159,2026-01-15 11:37:36.951,CONFIRMED,7D,aa7917807af2a7bb
B1333,P1578,UK044,2025-09-06 11:37:36.951,CANCELLED,12B,ada839a2b3566f17
B1334,P1541,6F176,2025-09-27 11:37:36.951,CANCELLED,6F,df12b11e26da7102
B1335,P1113,SJ221,2026-02-11 11:37:36.951,PENDING,4A,7758641bcfcffae1
B1336,P1203,6F112,2025-07-03 11:37:36.951,CONFIRMED,22A,5b7194549b8c5ab6
B1337,P1028,6F246,2025-10-20 11:37:36.951,UNKNOWN,4C,1ac2ca0335d18dd3
B1338,P1642,6F014,2026-02-21 11:37:36.951,CANCELLED,14C,175731475f81e69a
B1339,P1473,AI237,2025-09-17 11:37:36.951,CANCELLED,28A,d0f7fe6b13e7e650
B1340,P1696,6F003,2025-12-14 11:37:36.951,CANCELLED,12E,ccb113f060388251
B1341,P1252,6F249,2025-07-04 11:37:36.951,CONFIRMED,5A,bbd80c064ee67cd3
B1342,P1797,UK149,2025-04-29 11:37:36.951,CONFIRMED,4A,33a3535b78b20f63
B1343,P1904,SJ163,2026-03-08 11:37:36.951,CONFIRMED,9F,6ca5b32549694f59
B1344,P1921,SJ243,2026-03-28 11:37:36.951,CONFIRMED,1D,07f0bc71fd91a31b
B1345,P1385,UK113,2025-06-06 11:37:36.951,CANCELLED,1A,a5daf2e8f4531a6f
B1346,P1061,AI071,2025-06-07 11:37:36.951,PENDING,30E,681f904ad52c424e
B1347,P1514,6F271,2026-02-07 11:37:36.951,PENDING,22A,00a66261287c6861
B1348,P1429,SJ015,2025-06-05 11:37:36.951,CANCELLED,27E,5f301b0ba7ccb4f5
B1349,P1579,UK047,2025-11-19 11:37:36.951,CANCELLED,9E,5d8d4baffff6be84
B1350,P1536,UK020,2026-02-04 11:37:36.951,PENDING,12A,e9f08ab11a79a0f1
B1351,P1690,AI122,2025-09-03 11:37:36.951,PENDING,27F,402773efa149b4a3
B1352,P1140,UK223,2025-10-20 11:37:36.951,CANCELLED,17D,0eb08a05c60b4813
B1353,P1742,6F148,2025-09-19 11:37:36.951,CANCELLED,15F,b96ce92d3c977066
B1354,P1299,SJ162,2025-12-14 11:37:36.951,CONFIRMED,34A,9a64abfcb02a5ab8
B1355,P1674,6F127,2026-03-30 11:37:36.951,CONFIRMED,28B,7702c0c7d09e733d
B1356,P1310,AI173,2025-11-10 11:37:36.951,PENDING,11F,a0048b680a0c3213
B1357,P1470,6F065,2026-02-05 11:37:36.951,UNKNOWN,14A,cc05021b7e480850
B1358,P1392,AI053,2025-06-22 11:37:36.951,PENDING,20A,44a787f5c7f3c707
B1359,P1641,AI241,2025-10-22 11:37:36.951,CONFIRMED,14E,0df3c26c1d9a1649
B1360,P1444,AI105,2025-06-15 11:37:36.951,UNKNOWN,18D,56d5d91c069771ec
B1361,P1757,AI110,2025-08-24 11:37:36.951,PENDING,13F,405df91caeda8214
B1362,P1808,AI252,2025-10-22 11:37:36.951,CONFIRMED,15B,6e90791109cf2a10
B1363,P1171,AI149,2025-12-14 11:37:36.951,CANCELLED,3B,fa04490151f10a1a
B1364,P1575,AI224,2025-09-09 11:37:36.951,PENDING,23F,47ce1895315db10d
B1365,P1030,UK158,2025-07-03 11:37:36.951,CANCELLED,15B,a33cfeaddf4ae4d6
B1366,P1046,6F125,2025-05-05 11:37:36.951,CANCELLED,25E,1c3ba54320320a7a
B1367,P1129,UK164,2025-12-14 11:37:36.951,CONFIRMED,18A,df2ef55a7363268d
B1368,P1351,UK007,2025-12-26 11:37:36.951,CANCELLED,1E,da7d5e0922b2c7c8
B1369,P1977,6F118,2026-03-18 11:37:36.951,PENDING,15F,b1b564b8900a1215
B1370,P1844,SJ004,2026-01-01 11:37:36.951,CANCELLED,19C,fbbfedb409ce20aa
B1371,P1621,6F206,2025-09-25 11:37:36.951,CANCELLED,15E,ab673c268b0b6bb4
B1372,P1580,SJ130,2025-05-11 11:37:36.951,CANCELLED,11D,e5683d8f5cd99f2f
B1373,P1057,SJ070,2026-02-14 11:37:36.951,CANCELLED,22F,5d66ccfa715a8a84
B1374,P1105,AI085,2025-04-24 11:37:36.951,CANCELLED,7F,e19337a471ceaf82
B1375,P1811,SJ109,2025-09-02 11:37:36.951,CONFIRMED,15B,2b1f5483a4cc7892
B1376,P1329,AI168,2025-08-24 11:37:36.951,PENDING,16B,272f505c37ab1597
B1377,P1767,UK123,2025-10-24 11:37:36.951,CONFIRMED,26A,f9036ada771a2986
B1378,P1823,UK110,2026-01-16 11:37:36.951,PENDING,30D,f585a0af8cdadab5
B1379,P1682,AI206,2025-11-02 11:37:36.951,PENDING,31C,75e6b8e20c4beb48
B1380,P1382,6F007,2026-04-16 11:37:36.951,PENDING,6B,5850503d1da37199
B1381,P1984,SJ013,2025-11-11 11:37:36.951,PENDING,33A,25d8d806736c9818
B1382,P1161,UK061,2025-09-19 11:37:36.951,PENDING,20D,664c32a013817b37
B1383,P1996,AI010,2025-09-24 11:37:36.951,CANCELLED,8C,9f2376bf007e0326
B1384,P1285,AI024,2025-05-16 11:37:36.951,CONFIRMED,11D,8acc935278d46678
B1385,P1070,UK130,2025-06-08 11:37:36.951,CONFIRMED,30B,352af51685036916
B1386,P1766,AI161,2026-03-12 11:37:36.951,CANCELLED,10A,25b94b35c2255692
B1387,P1453,SJ208,2025-07-23 11:37:36.951,PENDING,24F,fe741fa0d15aada3
B1388,P1885,6F038,2025-09-23 11:37:36.951,UNKNOWN,8D,ee46e55ce141f0e7
B1389,P1566,6F085,2026-02-22 11:37:36.951,UNKNOWN,30D,5b0337f649c4d44e
B1390,P1834,SJ028,2026-03-09 11:37:36.951,CANCELLED,8C,e90f78cf72157732
B1391,P1396,SJ084,2025-11-26 11:37:36.951,CONFIRMED,21F,6c66927b488f6686
B1392,P1514,AI139,2026-03-27 11:37:36.951,CONFIRMED,21D,c6aed61e810837f7
B1393,P1025,UK179,2026-04-06 11:37:36.951,PENDING,26E,b07a839f0d71b0e6
B1394,P1312,6F256,2025-07-23 11:37:36.951,PENDING,23F,b20bdee61b6bbccb
B1395,P1125,UK023,2026-02-10 11:37:36.951,UNKNOWN,23B,d7357156a6e404a6
B1396,P1407,AI039,2025-08-03 11:37:36.951,UNKNOWN,13E,2535e1ec2a432b45
B1397,P1564,UK190,2026-02-05 11:37:36.951,CANCELLED,28D,32f6bf49dcd7f3a3
B1398,P1197,6F224,2026-02-04 11:37:36.951,PENDING,3E,08af2eb8f4257835
B1399,P1810,UK221,2025-05-31 11:37:36.951,PENDING,7A,ba0a84be81a24a6c
B1400,P1187,SJ107,2026-04-02 11:37:36.951,CANCELLED,12F,b5e87d4c74685327
B1401,P1697,UK155,2025-04-20 11:37:36.951,UNKNOWN,21D,f7aa5a0c885017ea
B1402,P1816,UK183,2026-03-21 11:37:36.951,CANCELLED,7E,d7a7d31cb5c9471a
B1403,P1809,SJ203,2025-05-08 11:37:36.951,PENDING,26A,886ca7c450f6feb2
B1404,P1715,6F253,2026-03-07 11:37:36.951,UNKNOWN,16A,aba6403bcdd7e471
B1405,P1483,AI100,2025-08-26 11:37:36.951,PENDING,32F,3e464b814eac09b3
B1406,P1449,6F140,2025-06-24 11:37:36.951,CONFIRMED,15D,ad101d350a5ddb9e
B1407,P1522,UK048,2025-08-26 11:37:36.951,CONFIRMED,25A,9826ff0c1804bc8c
B1408,P1870,SJ204,2025-07-29 11:37:36.951,CONFIRMED,12F,4bcb9e78bb4742fe
B1409,P1353,UK105,2026-03-24 11:37:36.951,CONFIRMED,28C,a3dd6179270a3c9c
B1410,P1985,AI098,2026-04-13 11:37:36.951,CONFIRMED,32C,1b2f7dacd2d50b2a
B1411,P1657,6F013,2025-10-12 11:37:36.951,CANCELLED,1A,eb06f8b0987eb961
B1412,P1596,6F128,2025-11-18 11:37:36.951,CANCELLED,28E,f09ecfe022259ccb
B1413,P1099,SJ038,2025-10-05 11:37:36.951,UNKNOWN,14A,65110ab0608c5a43
B1414,P1615,SJ182,2026-01-07 11:37:36.951,CONFIRMED,25F,b7d4741a35747989
B1415,P1947,6F199,2026-03-22 11:37:36.951,PENDING,23B,20e9b755ab54b245
B1416,P1557,SJ187,2025-08-17 11:37:36.951,CANCELLED,20B,ba26634eb12f3525
B1417,P1555,AI182,2025-08-18 11:37:36.951,PENDING,8E,b52bc04c66a4a457
B1418,P1277,SJ027,2025-05-04 11:37:36.951,PENDING,19D,01c32390eaf54896
B1419,P1692,SJ062,2026-01-20 11:37:36.951,CONFIRMED,20E,4b5851018e8e67a8
B1420,P1698,SJ161,2026-02-24 11:37:36.951,CONFIRMED,27B,8372df661f86a965
B1421,P1989,UK058,2025-10-03 11:37:36.951,UNKNOWN,23C,443ce9a73da46a9c
B1422,P1625,AI181,2026-01-04 11:37:36.951,CANCELLED,12D,a5f3594f96ff8999
B1423,P1490,AI003,2025-06-12 11:37:36.951,CONFIRMED,14A,57dfd94bd4ef3519
B1424,P1254,6F150,2025-11-05 11:37:36.951,CANCELLED,11D,8e94a2d9289a3a84
B1425,P1380,SJ175,2025-06-28 11:37:36.951,CANCELLED,34E,2c11e289f300ae6c
B1426,P1891,6F041,2025-12-15 11:37:36.951,CANCELLED,17C,d5fe3b72f50b2828
B1427,P1541,SJ040,2026-04-15 11:37:36.951,CANCELLED,16E,6c6500f7f00865d6
B1428,P1263,6F020,2025-06-17 11:37:36.951,CONFIRMED,27C,ea17837d5f417ba6
B1429,P1609,AI248,2025-05-08 11:37:36.951,CANCELLED,27B,48c21d848f29f534
B1430,P1824,SJ016,2026-02-08 11:37:36.951,CONFIRMED,11A,66838d17d0c3dee9
B1431,P1878,UK204,2025-11-21 11:37:36.951,CONFIRMED,31C,134432d491a3b0e7
B1432,P1328,6F211,2025-09-02 11:37:36.951,CANCELLED,9B,446bc6a2a65e4cd4
B1433,P1114,SJ166,2025-05-07 11:37:36.951,CONFIRMED,5B,32791dabb82b4393
B1434,P1275,AI036,2025-10-19 11:37:36.951,PENDING,30C,f1760baab5471d13
B1435,P1487,SJ215,2025-09-18 11:37:36.951,CONFIRMED,1E,3da80707ab31b315
B1436,P1280,AI076,2026-01-05 11:37:36.951,CONFIRMED,20B,83ff48264ebb0d88
B1437,P1274,SJ012,2025-11-28 11:37:36.951,CANCELLED,24A,7be5f7dae78ef72d
B1438,P1772,AI073,2026-04-01 11:37:36.951,UNKNOWN,20D,e73cec75cd6b2295
B1439,P1842,SJ173,2025-11-09 11:37:36.951,CONFIRMED,27E,eecf9504f8115c38
B1440,P1718,AI193,2026-03-09 11:37:36.951,CANCELLED,25E,5c2bb459e1c2612e
B1441,P1895,SJ131,2025-09-22 11:37:36.951,UNKNOWN,13A,4955ce400754a64a
B1442,P1327,AI225,2025-06-02 11:37:36.951,PENDING,11E,a1e9964a530b7dac
B1443,P1210,AI190,2025-10-09 11:37:36.951,CANCELLED,9E,cde7a00501fe4df3
B1444,P1726,SJ238,2025-12-25 11:37:36.951,CONFIRMED,7B,1db92bf52d6e167b
B1445,P1922,6F005,2025-12-21 11:37:36.951,PENDING,5F,0ff96f71cfb679ca
B1446,P1551,UK136,2025-09-25 11:37:36.951,PENDING,23C,4904b07e5d4278e0
B1447,P1991,SJ063,2025-05-21 11:37:36.951,CONFIRMED,15F,bdd31f573906bfdd
B1448,P1025,6F175,2025-11-21 11:37:36.951,CANCELLED,9E,4bed1472fe6db6fb
B1449,P1026,AI037,2025-05-23 11:37:36.951,PENDING,19A,d93f43de76fac5e7
B1450,P1701,UK225,2025-11-11 11:37:36.951,CONFIRMED,21C,f4e54aa26d9f0129
B1451,P1082,AI141,2025-05-20 11:37:36.951,CONFIRMED,15E,f5fd0df8f5ed7582
B1452,P1895,6F172,2026-01-26 11:37:36.951,PENDING,3E,2d2b83ccbfaed992
B1453,P1945,6F219,2026-02-07 11:37:36.951,CANCELLED,16F,58323f485d32d67f
B1454,P1681,AI045,2025-08-16 11:37:36.951,PENDING,8E,f11d996211899566
B1455,P1412,AI198,2026-04-12 11:37:36.951,CONFIRMED,30A,7b91fa2031331205
B1456,P1166,AI120,2025-04-24 11:37:36.951,PENDING,17F,442f1d7f13e55ad3
B1457,P1699,6F134,2025-06-11 11:37:36.951,CANCELLED,32D,d00be8032494b1a7
B1458,P1168,UK102,2025-11-19 11:37:36.951,CONFIRMED,10B,89b800253fd07cd1
B1459,P1800,SJ199,2025-06-10 11:37:36.951,CANCELLED,1F,3f4ee4adbe47c023
B1460,P1978,6F235,2025-10-01 11:37:36.951,PENDING,32E,6ee5308b0c9ee5aa
B1461,P1228,UK065,2025-10-14 11:37:36.951,PENDING,33F,6cdffe387e98f96c
B1462,P1978,6F135,2025-12-03 11:37:36.951,CANCELLED,26D,bbafd94a1679df27
B1463,P1608,SJ148,2026-02-10 11:37:36.951,PENDING,31C,5e7e664b303279ba
B1464,P1366,AI083,2026-03-07 11:37:36.951,CANCELLED,6B,eafb917bf2dbf514
B1465,P1527,UK024,2025-07-02 11:37:36.951,PENDING,5C,c8ed86bc4b1f5b2a
B1466,P1790,UK220,2025-04-27 11:37:36.951,CANCELLED,28B,db1e1f7bed19757e
B1467,P1646,UK115,2025-04-30 11:37:36.951,CANCELLED,25A,16c31d4c77527f2c
B1468,P1537,AI255,2025-07-16 11:37:36.951,CONFIRMED,14F,cfce696e6992ad71
B1469,P1863,6F001,2025-12-25 11:37:36.951,CONFIRMED,11A,78bda9a94bec5a87
B1470,P1523,6F132,2025-05-27 11:37:36.951,CANCELLED,24E,d4bf3c31b9fba13e
B1471,P1071,UK184,2026-03-28 11:37:36.951,PENDING,8E,a6b2053c8f7fdca1
B1472,P1644,6F098,2025-06-06 11:37:36.951,PENDING,3D,398566e4efab1bc3
B1473,P1105,SJ168,2025-07-19 11:37:36.951,PENDING,21F,2d1bca16bb430404
B1474,P1731,SJ178,2025-07-28 11:37:36.951,CANCELLED,14C,0f290cea7657e120
B1475,P1884,UK111,2026-03-07 11:37:36.951,CANCELLED,2C,7e95721715325d78
B1476,P1964,SJ051,2026-02-27 11:37:36.951,CANCELLED,32E,d2ea77c0e608c401
B1477,P1688,SJ193,2025-07-06 11:37:36.951,CANCELLED,18E,2075384dcb84dfb8
B1478,P1281,SJ039,2026-02-24 11:37:36.951,CONFIRMED,28D,524094225ff1be42
B1479,P1132,UK066,2025-12-17 11:37:36.951,CANCELLED,22B,bd1d9854620422ec
B1480,P1533,SJ050,2026-03-14 11:37:36.951,PENDING,34B,272e67418c149210
B1481,P1974,6F052,2025-06-11 11:37:36.951,CONFIRMED,4D,5ec0eb20c5e81aa1
B1482,P1268,SJ170,2025-08-29 11:37:36.951,PENDING,14E,a2904b4ae9aa36e1
B1483,P1411,SJ119,2025-06-09 11:37:36.951,UNKNOWN,26B,56453b9d46fd3d02
B1484,P1672,AI219,2025-05-07 11:37:36.951,CONFIRMED,13B,7c4fe80f20f9b664
B1485,P1618,6F220,2025-07-05 11:37:36.951,CANCELLED,12D,69be083ce3cad74b
B1486,P1790,AI207,2025-05-04 11:37:36.951,CONFIRMED,3D,a924a4199183bcc1
B1487,P1864,6F024,2026-01-26 11:37:36.951,PENDING,5E,c80f98a465beef55
B1488,P1746,SJ073,2025-05-04 11:37:36.951,CANCELLED,27E,3d53e7809ed61bf9
B1489,P1017,SJ201,2025-07-08 11:37:36.951,CANCELLED,24F,b5595e03ca062d47
B1490,P1753,AI180,2026-03-10 11:37:36.951,CONFIRMED,29B,0c6e56d9c9929121
B1491,P1116,UK022,2025-07-16 11:37:36.951,CONFIRMED,18F,b3a50d387bc3a935
B1492,P1797,AI202,2026-03-27 11:37:36.951,CANCELLED,29C,7d4544f6735d1cf4
B1493,P1793,6F212,2025-06-01 11:37:36.952,CONFIRMED,26D,c07324d0d0366f02
B1494,P1143,6F163,2025-06-09 11:37:36.952,CANCELLED,23F,8582756bc78a7da7
B1495,P1716,UK028,2025-10-15 11:37:36.952,CONFIRMED,27D,9d5f2fe9ab866f07
B1496,P1550,6F243,2026-03-21 11:37:36.952,PENDING,7D,a712ea3ae32e4e90
B1497,P1928,AI165,2025-09-02 11:37:36.952,CONFIRMED,11F,46c9f2f81ebe9bac
B1498,P1665,UK099,2025-07-18 11:37:36.952,PENDING,3D,25f54e0170599084
B1499,P1687,AI033,2025-06-17 11:37:36.952,UNKNOWN,17C,c2322292bcb2f2b2
B1500,P1960,UK056,2025-04-30 11:37:36.952,CONFIRMED,22D,cf05d383479f502b
B1501,P1752,SJ122,2025-09-04 11:37:36.952,CANCELLED,23D,73051b55c7e97fdc
B1502,P1421,AI086,2025-10-15 11:37:36.952,CONFIRMED,23F,3c7f220cb5068b01
B1503,P1897,SJ011,2025-10-17 11:37:36.952,CONFIRMED,25C,20807ba9eae1985a
B1504,P1368,SJ021,2025-04-21 11:37:36.952,PENDING,4E,2f1b87f7cf7e4ea9
B1505,P1645,SJ106,2025-11-29 11:37:36.952,CONFIRMED,8F,0328c1bc934ba3ca
B1506,P1557,SJ026,2026-01-29 11:37:36.952,CANCELLED,9E,e69d7f79bc574473
B1507,P1049,SJ245,2025-11-27 11:37:36.952,PENDING,20A,7bff29254611796d
B1508,P1677,AI023,2025-07-31 11:37:36.952,UNKNOWN,9C,1687175f826bcf70
B1509,P1105,AI032,2025-09-25 11:37:36.952,CANCELLED,14F,1fc210e4387fbb3c
B1510,P1215,AI236,2025-05-11 11:37:36.952,CANCELLED,19F,c18ad2c166bf6122
B1511,P1657,6F094,2025-12-24 11:37:36.952,CANCELLED,15C,b3fbf117ace79064
B1512,P1922,UK163,2025-12-21 11:37:36.952,PENDING,4A,115fd913ebc291ab
B1513,P1424,UK163,2025-06-30 11:37:36.952,CONFIRMED,32B,a42a5130b1a1787b
B1514,P1071,SJ045,2025-05-07 11:37:36.952,CANCELLED,21E,3da8d023b85cd0a1
B1515,P1987,SJ006,2025-07-06 11:37:36.952,PENDING,26A,a6cae71ab6b18e46
B1516,P1841,SJ103,2025-08-05 11:37:36.952,CANCELLED,34F,70bb52f06ec5a051
B1517,P1784,6F221,2026-01-16 11:37:36.952,UNKNOWN,31B,9cdbcb5ed296d8ef
B1518,P1758,SJ147,2026-03-20 11:37:36.952,UNKNOWN,30A,4952a34c84ab4ba9
B1519,P1445,SJ064,2026-03-25 11:37:36.952,PENDING,3C,d802ef9a25cd2c80
B1520,P1924,AI028,2026-04-02 11:37:36.952,CONFIRMED,27A,e839dbf85d70e738
B1521,P1185,AI148,2025-11-08 11:37:36.952,PENDING,31E,0d35de9dfeaffcc6
B1522,P1069,6F263,2025-08-31 11:37:36.952,CONFIRMED,1C,bbc5e31f4377c7b2
B1523,P1973,SJ067,2025-05-19 11:37:36.952,PENDING,21F,9e8d151770b78eff
B1524,P1149,6F061,2025-06-17 11:37:36.952,PENDING,23D,f78818522b64dbd4
B1525,P1245,AI254,2025-05-29 11:37:36.952,UNKNOWN,11E,aafbcd1687442501
B1526,P1773,SJ136,2025-11-15 11:37:36.952,CONFIRMED,17D,fd110a595c7a06bc
B1527,P1537,AI046,2025-07-09 11:37:36.952,PENDING,8A,587d97ef85d284a2
B1528,P1934,UK174,2026-03-28 11:37:36.952,PENDING,6E,3e5ad2c601bf82bb
B1529,P1651,6F066,2025-04-30 11:37:36.952,UNKNOWN,34C,dedbadc838bd62c7
B1530,P1098,UK095,2025-12-08 11:37:36.952,UNKNOWN,23E,68368d14479806e0
B1531,P1909,6F063,2026-04-01 11:37:36.952,PENDING,30F,9d9255c610233be4
B1532,P1277,UK118,2025-04-22 11:37:36.952,PENDING,30A,a640a6fc52f85b75
B1533,P1562,UK218,2025-09-15 11:37:36.952,PENDING,28D,72aef7faad6a1f5c
B1534,P1662,UK031,2025-09-11 11:37:36.952,CONFIRMED,34E,8e1b9a2ed02a4e5e
B1535,P1943,UK142,2026-04-02 11:37:36.952,PENDING,6C,4cac606eba3e8c4e
B1536,P1454,AI002,2025-06-01 11:37:36.952,UNKNOWN,4C,083c7620070f3214
B1537,P1103,UK070,2025-10-08 11:37:36.952,CONFIRMED,21F,29a974b13af675fc
B1538,P1945,SJ121,2026-03-17 11:37:36.952,PENDING,8E,bc41d1e5250c2177
B1539,P1600,UK201,2025-06-11 11:37:36.952,CONFIRMED,20B,8ef9c1aa92d74916
B1540,P1652,AI138,2026-01-15 11:37:36.952,CANCELLED,7E,456d01ba12323d40
B1541,P1724,SJ014,2025-12-16 11:37:36.952,CONFIRMED,26A,195c819f87475def
B1542,P1232,SJ053,2025-12-13 11:37:36.952,PENDING,14F,0f5c9f6389227c6e
B1543,P1393,SJ241,2025-06-16 11:37:36.952,CANCELLED,4F,938856af766d905b
B1544,P1500,AI249,2025-09-01 11:37:36.952,CANCELLED,16A,d9e4dc1aff8cf947
B1545,P1694,AI176,2026-03-08 11:37:36.952,PENDING,8A,f0cdd2e9aa86a33b
B1546,P1250,SJ234,2026-04-02 11:37:36.952,PENDING,32B,9cac3e84da757941
B1547,P1520,6F115,2025-04-18 11:37:36.952,PENDING,16C,2101ba54061d9495
B1548,P1078,AI020,2025-10-04 11:37:36.952,CONFIRMED,7E,d73dc68c4e326432
B1549,P1051,AI020,2025-12-16 11:37:36.952,CONFIRMED,24A,67f0d93bf65ce35c
B1550,P1897,6F079,2025-12-06 11:37:36.952,CONFIRMED,10D,0691432311c289a4
B1551,P1920,6F104,2025-11-14 11:37:36.952,UNKNOWN,8E,ed9c985712a982ea
B1552,P1780,UK046,2026-02-06 11:37:36.952,PENDING,32D,68f96837be47df0e
B1553,P1225,SJ217,2025-11-15 11:37:36.952,CONFIRMED,33D,327d7923ba84dc12
B1554,P1050,6F142,2025-08-26 11:37:36.952,CANCELLED,8D,90587db3ca08d836
B1555,P1185,SJ139,2026-04-04 11:37:36.952,CONFIRMED,3B,d02b268ada5cea55
B1556,P1033,6F059,2026-01-18 11:37:36.952,CANCELLED,31D,a8be11d1dce2fea4
B1557,P1802,6F067,2025-08-10 11:37:36.952,PENDING,17A,eb5f6e33d1cdc45c
B1558,P1741,AI007,2025-08-07 11:37:36.952,PENDING,27A,db0b8fd08bcf3be4
B1559,P1130,UK202,2026-01-20 11:37:36.952,CONFIRMED,5F,22bca92c99154a51
B1560,P1631,AI200,2026-03-07 11:37:36.952,CONFIRMED,18C,a7354c849bc2dc63
B1561,P1442,UK172,2026-01-27 11:37:36.952,PENDING,18C,e4c409c2bf97fed9
B1562,P1837,6F214,2025-05-01 11:37:36.952,CONFIRMED,10B,d3cddf774a5c0147
B1563,P1758,UK037,2025-09-11 11:37:36.952,PENDING,27B,47f8762b8a9e4b6e
B1564,P1431,AI022,2025-08-14 11:37:36.952,PENDING,17F,19bd6375ab344615
B1565,P1703,AI243,2026-02-06 11:37:36.952,CANCELLED,20D,05eab4037205fdba
B1566,P1496,SJ174,2025-10-08 11:37:36.952,CONFIRMED,29F,929b517da2f662f3
B1567,P1402,SJ079,2025-11-13 11:37:36.952,PENDING,9A,ce3f5b0279ed8a4d
B1568,P1322,UK097,2025-12-21 11:37:36.952,CONFIRMED,21A,d2d204a15dc3e287
B1569,P1209,AI013,2025-12-26 11:37:36.952,CANCELLED,14E,aeafdcc07301c67a
B1570,P1614,UK196,2025-11-21 11:37:36.952,CANCELLED,25E,46cd253d0ddfc280
B1571,P1328,SJ213,2025-11-06 11:37:36.952,CONFIRMED,2C,2c13d59651525445
B1572,P1371,UK119,2025-05-26 11:37:36.952,CONFIRMED,5D,8685742643f91937
B1573,P1459,AI043,2026-03-18 11:37:36.952,PENDING,19B,d508364ae4a65b26
B1574,P1132,AI043,2025-04-29 11:37:36.952,CANCELLED,18A,354fc8f9c9f50c04
B1575,P1834,AI143,2025-06-16 11:37:36.952,CANCELLED,2B,589aa892161cb27c
B1576,P1650,SJ032,2025-10-20 11:37:36.952,UNKNOWN,6F,b63b8cf743f30555
B1577,P1120,6F050,2026-01-24 11:37:36.952,CONFIRMED,23A,68073d1801528851
B1578,P1605,AI134,2025-12-25 11:37:36.952,PENDING,6B,6b971d54c209110c
B1579,P1451,6F182,2025-04-24 11:37:36.952,CONFIRMED,28E,0e5d2cb7117cad6a
B1580,P1964,SJ086,2025-10-08 11:37:36.952,CONFIRMED,20D,467cb9edc7f56b1e
B1581,P1128,6F170,2025-08-06 11:37:36.952,CONFIRMED,3D,8b38c8bc31f03a95
B1582,P1090,UK168,2025-04-24 11:37:36.952,PENDING,34B,c828971554c2ca56
B1583,P1603,SJ072,2026-02-22 11:37:36.952,UNKNOWN,33D,60c30884aafb8207
B1584,P1574,UK075,2025-04-28 11:37:36.952,CANCELLED,21C,8808199079ca16ac
B1585,P1028,6F233,2026-01-08 11:37:36.952,CANCELLED,1C,a594297ee416bbef
B1586,P1721,SJ143,2025-11-13 11:37:36.952,CANCELLED,25B,a691462429b9550d
B1587,P1523,SJ246,2025-06-28 11:37:36.952,PENDING,34E,5259c492c7710ba1
B1588,P1332,SJ247,2025-11-04 11:37:36.952,CONFIRMED,10B,2a4803305cd02857
B1589,P1296,UK157,2025-08-31 11:37:36.952,PENDING,3D,9a68f2fde5c29264
B1590,P1129,UK069,2026-04-01 11:37:36.952,CONFIRMED,25B,8665d4d18dca34d8
B1591,P1292,AI106,2025-11-20 11:37:36.952,CANCELLED,8A,c4a96038b4f9e907
B1592,P1172,UK085,2025-11-17 11:37:36.952,CONFIRMED,24F,bfb12fa9d66b7690
B1593,P1719,6F087,2025-09-24 11:37:36.952,UNKNOWN,1A,b6d47f8c80fa1004
B1594,P1943,AI067,2025-06-01 11:37:36.952,CONFIRMED,25E,aaea2ce38aa9005f
B1595,P1023,6F226,2026-01-07 11:37:36.952,PENDING,4E,171725b3e2f4f8a7
B1596,P1098,SJ210,2025-12-20 11:37:36.952,CONFIRMED,15E,34988969eee46e40
B1597,P1405,6F269,2025-10-23 11:37:36.952,CONFIRMED,33A,4a123b9d3137e495
B1598,P1355,UK013,2026-01-02 11:37:36.952,CONFIRMED,11B,77969c3eddb831d9
B1599,P1138,UK013,2025-09-30 11:37:36.952,PENDING,9E,1229af52a1691e21
B1600,P1502,UK143,2025-07-20 11:37:36.952,PENDING,2C,8b020d637180a265
B1601,P1825,6F262,2025-09-07 11:37:36.952,PENDING,28D,401daf4031e0aac3
B1602,P1173,6F042,2025-07-07 11:37:36.952,UNKNOWN,2A,495450b9989e598c
B1603,P1028,SJ118,2025-12-06 11:37:36.952,CANCELLED,17E,9be67efa903416f2
B1604,P1930,SJ118,2025-11-17 11:37:36.952,CANCELLED,3C,def234c0b75c5d1e
B1605,P1495,SJ082,2025-10-03 11:37:36.952,CANCELLED,6C,1bb2de95b853a6df
B1606,P1654,6F015,2025-07-18 11:37:36.952,CONFIRMED,23E,35ffd069ac415985
B1607,P1827,AI101,2026-02-02 11:37:36.952,UNKNOWN,30F,31903349f1c2eba8
B1608,P1350,SJ110,2025-06-28 11:37:36.952,CANCELLED,10B,19cc3241f12ff2d8
B1609,P1553,SJ042,2025-10-21 11:37:36.952,CANCELLED,19D,5af0cd586be384f4
B1610,P1298,6F145,2025-10-13 11:37:36.952,CONFIRMED,27A,0d14865cc37b5496
B1611,P1719,UK029,2026-01-05 11:37:36.952,CANCELLED,14C,bc83cd7d4f7b2e69
B1612,P1841,SJ200,2025-04-18 11:37:36.952,CANCELLED,28C,362f1c4c29ca8172
B1613,P1944,SJ209,2026-01-29 11:37:36.952,CONFIRMED,6A,36f3e7a69bc2d137
B1614,P1191,AI116,2025-05-11 11:37:36.952,UNKNOWN,30B,0ce6ea43c344e227
B1615,P1671,6F117,2025-05-23 11:37:36.952,CANCELLED,33B,1e8011c366fcb767
B1616,P1063,SJ181,2025-12-23 11:37:36.952,PENDING,17A,98281bd664be8df0
B1617,P1754,AI070,2025-05-10 11:37:36.952,UNKNOWN,18A,21f4515e5e25841d
B1618,P1769,AI070,2026-01-19 11:37:36.952,CONFIRMED,1B,a74fb0fb0ef75457
B1619,P1663,UK042,2026-02-05 11:37:36.952,PENDING,13A,35f6b0b3061afb9e
B1620,P1214,AI169,2026-02-24 11:37:36.952,PENDING,1B,d565b8fae932abe0
B1621,P1833,6F021,2025-12-21 11:37:36.952,PENDING,27A,5e348003290cc558
B1622,P1165,SJ046,2025-06-23 11:37:36.952,PENDING,19F,0b6e015de6f98147
B1623,P1542,AI211,2025-08-17 11:37:36.952,CANCELLED,22B,b36653540e86085d
B1624,P1882,SJ091,2025-12-20 11:37:36.952,CANCELLED,34F,4aa292eccc639cea
B1625,P1231,AI123,2026-04-05 11:37:36.952,PENDING,7D,165b745f5ed02eeb
B1626,P1793,6F053,2025-04-17 11:37:36.952,CANCELLED,25C,bfb888771f3080fd
B1627,P1540,UK012,2026-01-09 11:37:36.952,PENDING,27E,77d9cefc7cced9b0
B1628,P1194,6F023,2025-11-25 11:37:36.952,PENDING,33A,e660354dbd4dbdb9
B1629,P1505,AI250,2026-01-02 11:37:36.952,CONFIRMED,11A,4142e92c8dd6278b
B1630,P1333,AI238,2026-04-07 11:37:36.952,PENDING,26F,fc03e909e8a5710c
B1631,P1767,UK096,2026-02-17 11:37:36.952,CANCELLED,24F,4adfeb15fe587f60
B1632,P1792,UK126,2026-03-30 11:37:36.952,PENDING,1D,5a2fd0bac26c9c55
B1633,P1303,SJ195,2025-08-30 11:37:36.952,CONFIRMED,8E,b2d7cffcbe296ffe
B1634,P1832,SJ171,2025-12-25 11:37:36.952,CANCELLED,1C,2a5178901251bcd2
B1635,P1436,AI136,2025-08-14 11:37:36.952,UNKNOWN,7C,b309beb7f6765ec7
B1636,P1322,SJ192,2025-05-27 11:37:36.952,CONFIRMED,22B,4c07947ec29f9f8e
B1637,P1501,6F035,2025-12-01 11:37:36.952,PENDING,27C,9ef28d67266b2b85
B1638,P1857,UK088,2026-02-23 11:37:36.952,CONFIRMED,22C,3b1ba257ab17e509
B1639,P1913,6F009,2025-09-14 11:37:36.952,CONFIRMED,24E,99a304cb3a4f0714
B1640,P1392,6F004,2026-01-28 11:37:36.952,CANCELLED,30B,0dfa3d2dc8c79552
B1641,P1805,UK122,2026-03-27 11:37:36.952,UNKNOWN,28D,a5a177db9d351cbf
B1642,P1598,AI251,2026-02-15 11:37:36.952,PENDING,4E,8e5bb2f1f092aa32
B1643,P1148,AI027,2026-02-04 11:37:36.952,PENDING,14A,21f4ba7013f69a40
B1644,P1760,SJ165,2025-10-20 11:37:36.952,PENDING,20E,7f89177d2919ec57
B1645,P1832,UK081,2025-08-16 11:37:36.952,CONFIRMED,17D,0bd50d55d21c6945
B1646,P1404,UK191,2025-09-27 11:37:36.952,CANCELLED,28C,dcb3450557115d32
B1647,P1282,SJ188,2025-11-06 11:37:36.952,PENDING,14F,2a3d133a580f0244
B1648,P1361,6F016,2025-08-09 11:37:36.952,CONFIRMED,33D,4ccbef63e0bdf997
B1649,P1378,6F064,2026-04-05 11:37:36.952,PENDING,4F,ec7e3cc1e6cc4731
B1650,P1197,SJ105,2026-04-03 11:37:36.952,UNKNOWN,10D,d3fb11aa8268cf78
B1651,P1555,SJ054,2025-09-09 11:37:36.952,CANCELLED,21B,a7c92440f6755378
B1652,P1355,6F197,2025-12-19 11:37:36.952,PENDING,23C,cdd97d2f70f6382d
B1653,P1539,AI040,2026-03-26 11:37:36.952,CANCELLED,31B,9eeee144b1866f99
B1654,P1428,AI131,2025-08-14 11:37:36.952,UNKNOWN,31A,3dbbdc54cf78fa74
B1655,P1016,6F141,2025-10-09 11:37:36.952,PENDING,7D,ec748ee3966e242d
B1656,P1638,UK035,2025-05-12 11:37:36.952,CONFIRMED,26E,41b998aba0b892c7
B1657,P1378,AI005,2025-08-28 11:37:36.952,CONFIRMED,12B,180ed27dc9100f4b
B1658,P1679,AI001,2025-06-22 11:37:36.952,CONFIRMED,18D,c2c3095f7f47e91a
B1659,P1505,UK211,2026-01-17 11:37:36.952,PENDING,6D,57d6033ba5fe53db
B1660,P1755,SJ189,2026-04-04 11:37:36.952,CANCELLED,12D,93771791c943605c
B1661,P1898,UK006,2025-04-21 11:37:36.952,PENDING,18D,4f34bb1dd5c1aac2
B1662,P1075,6F189,2025-10-13 11:37:36.952,CONFIRMED,17A,6eab22ee23404402
B1663,P1230,AI133,2025-05-16 11:37:36.952,CANCELLED,15B,180d2539362f06e6
B1664,P1715,SJ216,2025-11-08 11:37:36.952,CONFIRMED,25B,48bc740d5cd7931c
B1665,P1961,SJ133,2026-03-04 11:37:36.952,CANCELLED,29D,23b39a585f3e43b6
B1666,P1247,UK082,2026-03-05 11:37:36.952,PENDING,32C,98c0dcb3e2837662
B1667,P1301,6F136,2026-02-16 11:37:36.952,CANCELLED,32C,20e8c56e6c76ef8e
B1668,P1725,6F039,2025-04-30 11:37:36.952,PENDING,3B,08542579bc6c9a81
B1669,P1214,AI011,2025-06-16 11:37:36.952,CONFIRMED,3E,76c9be4589d3d2ea
B1670,P1157,SJ225,2025-05-12 11:37:36.952,CANCELLED,16C,cb964c0495c097ea
B1671,P1068,SJ024,2025-07-08 11:37:36.952,CONFIRMED,22C,e2af476ea74868e9
B1672,P1392,AI109,2025-08-01 11:37:36.952,CANCELLED,14E,650128205a4c5628
B1673,P1084,AI147,2025-06-12 11:37:36.952,UNKNOWN,28B,823745f06bee4864
B1674,P1266,UK057,2025-11-03 11:37:36.952,CANCELLED,18C,dd3467605c235ed4
B1675,P1068,6F111,2025-08-01 11:37:36.952,CANCELLED,9A,a7cec80fbdbc1c3b
B1676,P1610,AI197,2026-04-14 11:37:36.952,PENDING,24C,9111e950c2dccf9a
B1677,P1346,UK127,2026-01-31 11:37:36.952,PENDING,29C,84a57e583b3fc3fc
B1678,P1961,6F240,2025-12-31 11:37:36.952,PENDING,24B,51d9180b215f9775
B1679,P1727,6F257,2025-08-17 11:37:36.952,CANCELLED,25A,9edfd73850d65cef
B1680,P1926,AI253,2026-03-19 11:37:36.952,UNKNOWN,11F,336e0a1cc660d92e
B1681,P1672,SJ135,2026-04-02 11:37:36.952,CANCELLED,15C,df283b8533f84cea
B1682,P1422,UK112,2025-07-10 11:37:36.952,CANCELLED,20B,232d1c0d9502797c
B1683,P1605,AI050,2025-08-07 11:37:36.952,CONFIRMED,9C,9f61d041b6153800
B1684,P1173,UK060,2025-11-18 11:37:36.952,PENDING,8E,7f3a90ad9d4d71b2
B1685,P1676,SJ183,2025-05-15 11:37:36.952,CANCELLED,25E,2df5d0e071d27935
B1686,P1114,UK138,2025-11-17 11:37:36.952,CONFIRMED,23E,e2ccff8e291a3bcf
B1687,P1219,SJ071,2025-10-12 11:37:36.952,PENDING,22F,e7deaaae6ca16ac1
B1688,P1955,AI057,2025-06-14 11:37:36.952,PENDING,9D,a01873f30682f0db
B1689,P1030,SJ151,2025-07-10 11:37:36.952,CANCELLED,20B,30a69f52e614decf
B1690,P1522,SJ144,2025-06-28 11:37:36.952,PENDING,12C,84cbd470a56bad5a
B1691,P1342,SJ087,2026-01-23 11:37:36.952,PENDING,12E,5ab2047d375d8b9b
B1692,P1376,SJ066,2026-04-02 11:37:36.952,CONFIRMED,18A,fde81946c722e216
B1693,P1129,AI247,2026-01-02 11:37:36.952,CONFIRMED,11F,fd88a5243fc93e55
B1694,P1999,SJ102,2026-04-01 11:37:36.952,PENDING,24D,d178652109481267
B1695,P1616,6F252,2026-04-13 11:37:36.952,CONFIRMED,4F,4438155ebe696c02
B1696,P1538,6F055,2025-11-28 11:37:36.952,PENDING,11C,276ecaadcc0e56c0
B1697,P1738,AI204,2025-11-12 11:37:36.952,CANCELLED,34B,50c21caf5356a78d
B1698,P1001,AI016,2026-02-02 11:37:36.952,CONFIRMED,31D,f0d567941af209ed
B1699,P1870,AI209,2025-12-11 11:37:36.952,PENDING,15D,cecc55d3ec697230
B1700,P1100,SJ211,2026-01-04 11:37:36.952,PENDING,14B,65e1cbc46369844c
B1701,P1532,6F103,2025-10-16 11:37:36.952,CONFIRMED,13F,778a78c05c94abc6
B1702,P1057,UK182,2025-04-22 11:37:36.952,CONFIRMED,31F,448e80cb3fd8af98
B1703,P1388,6F264,2025-12-25 11:37:36.952,CANCELLED,19B,238f552984c69ef5
B1704,P1691,6F027,2025-07-23 11:37:36.952,PENDING,29A,28a8f1ea96a0662d
B1705,P1940,UK198,2026-01-31 11:37:36.952,CANCELLED,3B,ec5ba277b2139e72
B1706,P1340,6F171,2025-09-07 11:37:36.952,CANCELLED,15C,6b2d1b2113c24992
B1707,P1860,AI004,2025-07-05 11:37:36.952,CANCELLED,1B,ca48569f7510d507
B1708,P1019,6F157,2025-11-22 11:37:36.952,CONFIRMED,3C,28265e9fff3a7479
B1709,P1254,AI018,2025-10-03 11:37:36.952,CANCELLED,22B,63b55a036f684a91
B1710,P1316,UK098,2025-08-05 11:37:36.952,CONFIRMED,21E,a2b9033cfed071e5
B1711,P1037,6F167,2026-01-29 11:37:36.952,UNKNOWN,4C,fa143555327c86b0
B1712,P1659,AI228,2025-09-06 11:37:36.952,CANCELLED,17C,efc47f6e0d487543
B1713,P1536,SJ242,2025-08-31 11:37:36.952,CANCELLED,17D,a493d09b9d53e4b1
B1714,P1385,6F227,2025-12-11 11:37:36.952,PENDING,34C,7c0e390fcbe61c5e
B1715,P1632,6F037,2025-08-27 11:37:36.952,CANCELLED,20C,9547aa7e70298b9e
B1716,P1927,6F107,2025-12-22 11:37:36.952,PENDING,28A,a0aee1417b3c36e8
B1717,P1025,SJ125,2025-11-06 11:37:36.952,CANCELLED,14A,40db31827ba69c66
B1718,P1453,UK117,2025-06-17 11:37:36.952,CANCELLED,9B,436237ae11aadadc
B1719,P1680,6F192,2025-11-12 11:37:36.952,CANCELLED,29E,0403274a854c9049
B1720,P1322,AI201,2025-11-27 11:37:36.952,CANCELLED,27B,deee309e609cfd2a
B1721,P1736,SJ126,2026-03-25 11:37:36.952,PENDING,21A,621d3cf046eda865
B1722,P1512,AI177,2026-02-10 11:37:36.952,PENDING,5E,ab399f26f93999ce
B1723,P1818,AI092,2025-12-23 11:37:36.952,CANCELLED,26B,568ba77d20124faa
B1724,P1772,6F076,2025-10-10 11:37:36.952,CANCELLED,11D,14abd42aea37be59
B1725,P1012,AI185,2025-04-29 11:37:36.952,PENDING,1E,1dc394ec4e5ce312
B1726,P1914,AI055,2025-05-14 11:37:36.952,CONFIRMED,2B,9dccff1425fde875
B1727,P1907,6F222,2026-03-15 11:37:36.952,CONFIRMED,27D,c17ef9d640b3a612
B1728,P1559,AI090,2025-12-12 11:37:36.952,CONFIRMED,1C,2c63961575d5f190
B1729,P1920,AI183,2025-06-03 11:37:36.952,PENDING,4F,2a62e425ef788d0b
B1730,P1824,AI041,2025-04-29 11:37:36.952,PENDING,25F,62d74181a0f3b1f0
B1731,P1370,6F210,2025-07-12 11:37:36.952,CONFIRMED,25F,7d85991b6e016637
B1732,P1290,AI170,2026-01-15 11:37:36.952,CONFIRMED,3A,229aba8e47b68a29
B1733,P1331,SJ008,2026-04-16 11:37:36.952,CANCELLED,2E,d60682ef8a3ae1d6
B1734,P1605,AI049,2025-09-29 11:37:36.952,PENDING,27E,a4ca03fb72681515
B1735,P1260,SJ132,2025-05-12 11:37:36.952,PENDING,34E,1804564eca7ae2df
B1736,P1993,SJ224,2026-01-26 11:37:36.952,CONFIRMED,28E,286eb81467f00fa1
B1737,P1789,UK038,2025-06-11 11:37:36.952,CONFIRMED,1E,a766ce0971389014
B1738,P1870,SJ220,2025-08-14 11:37:36.952,PENDING,27B,5062102443c70495
B1739,P1204,6F124,2025-06-29 11:37:36.952,CANCELLED,34F,e337b0b7de821418
B1740,P1696,SJ164,2025-11-16 11:37:36.952,CONFIRMED,14D,418e7a8e8be89dd3
B1741,P1686,AI026,2025-05-18 11:37:36.952,PENDING,18E,b9c7dd7912666b94
B1742,P1949,6F144,2025-09-14 11:37:36.952,PENDING,16D,066f10077caa38de
B1743,P1386,6F137,2025-11-21 11:37:36.952,UNKNOWN,6F,0dec466abbbcfc21
B1744,P1891,UK139,2025-09-05 11:37:36.952,CANCELLED,10A,fd801dce6b0b07a9
B1745,P1820,UK139,2025-05-20 11:37:36.952,CONFIRMED,27B,687048c14a9a8d98
B1746,P1467,SJ140,2025-08-31 11:37:36.952,CONFIRMED,34D,3127f284842cf5cb
B1747,P1414,6F131,2025-04-20 11:37:36.952,CONFIRMED,9F,1a781a89e36abd64
B1748,P1068,UK128,2025-11-15 11:37:36.952,PENDING,9A,64d55121052705ee
B1749,P1471,SJ219,2026-02-19 11:37:36.952,CONFIRMED,23D,0cfb80a3c0ef9ae4
B1750,P1103,SJ159,2025-09-21 11:37:36.952,PENDING,33D,083c7ad8ee107d98
B1751,P1757,UK192,2025-09-19 11:37:36.952,CONFIRMED,17E,ea38a080e71076fb
B1752,P1160,AI014,2025-08-13 11:37:36.952,CANCELLED,34F,cb0d89eb3ea58cb9
B1753,P1199,SJ152,2025-08-08 11:37:36.952,CANCELLED,5C,57c7287ec752f50e
B1754,P1215,SJ060,2026-02-11 11:37:36.952,PENDING,3C,c457b729a60b5bd0
B1755,P1945,AI127,2026-02-17 11:37:36.952,CANCELLED,10F,d9281b4addffec4d
B1756,P1211,SJ096,2026-01-27 11:37:36.952,PENDING,11F,7270e53e6e1099f3
B1757,P1507,AI215,2025-04-24 11:37:36.952,PENDING,22B,951783aef93037db
B1758,P1015,UK009,2026-02-28 11:37:36.952,CANCELLED,26B,da3cc671cfd39e8a
B1759,P1497,AI171,2025-10-26 11:37:36.952,PENDING,16F,a610bf56c1a436f6
B1760,P1883,UK151,2026-01-14 11:37:36.952,CANCELLED,31B,f95268e21cabf490
B1761,P1331,AI099,2025-05-22 11:37:36.952,CONFIRMED,15A,bb977b2f4251ccba
B1762,P1716,UK050,2025-06-04 11:37:36.952,CONFIRMED,32B,0dddf52e82351b07
B1763,P1876,UK092,2025-10-06 11:37:36.952,CANCELLED,3B,1057e76832fa8edb
B1764,P1550,SJ058,2025-06-20 11:37:36.952,CANCELLED,13B,7b1dc121358b8506
B1765,P1600,SJ090,2025-12-21 11:37:36.952,CANCELLED,1C,bc699cdb65e77f34
B1766,P1941,6F173,2025-09-07 11:37:36.952,CANCELLED,1F,b94872c224622b0c
B1767,P1255,AI186,2025-11-19 11:37:36.952,CONFIRMED,6D,93d1331aff7bfd2d
B1768,P1991,AI130,2026-03-23 11:37:36.952,PENDING,13C,bd0ae61fb994748f
B1769,P1765,SJ111,2025-11-23 11:37:36.952,UNKNOWN,6F,2aa72f01f02e416a
B1770,P1727,6F203,2025-08-04 11:37:36.952,CONFIRMED,8D,214d210c97b4b26a
B1771,P1879,6F138,2025-05-24 11:37:36.952,PENDING,1F,e32408bdbc25cb92
B1772,P1814,6F109,2025-08-29 11:37:36.952,UNKNOWN,10B,5855b49d3fa8689f
B1773,P1171,AI074,2026-01-01 11:37:36.952,PENDING,16E,f95c87cfa5819590
B1774,P1648,UK161,2026-01-07 11:37:36.952,CANCELLED,1B,b69a687b1873cd90
B1775,P1999,AI008,2025-06-19 11:37:36.952,CANCELLED,14B,60b57faf4fc883ab
B1776,P1497,UK121,2025-12-27 11:37:36.952,CANCELLED,17A,69033b999023067e
B1777,P1470,6F154,2025-04-26 11:37:36.952,CONFIRMED,11A,0bb25a612cf987a7
B1778,P1383,6F161,2025-08-01 11:37:36.952,CONFIRMED,10D,a933d60d9bdbe9c0
B1779,P1689,6F153,2026-02-01 11:37:36.952,PENDING,22B,b5efe065917d66b8
B1780,P1588,6F225,2026-02-10 11:37:36.952,PENDING,11B,1e0494cc0f478fec
B1781,P1699,AI191,2026-02-09 11:37:36.952,PENDING,18C,36e8c8067645e94b
B1782,P1506,AI218,2025-08-18 11:37:36.952,CONFIRMED,25F,7b5566e1bf897dad
B1783,P1991,6F267,2025-09-28 11:37:36.952,PENDING,25D,8b07c6c20b2383a7
B1784,P1526,UK125,2025-08-20 11:37:36.952,CANCELLED,1B,3886a1faa09b6851
B1785,P1803,6F208,2025-08-19 11:37:36.952,PENDING,1B,c78fd77799b368fe
B1786,P1830,6F119,2026-02-12 11:37:36.952,CANCELLED,26B,1fc08c52c32651a5
B1787,P1324,AI063,2025-07-11 11:37:36.952,CONFIRMED,1E,3ea97cb742b62d1a
B1788,P1213,UK016,2025-06-05 11:37:36.952,CANCELLED,2B,5393a4a8aec23638
B1789,P1207,6F048,2026-01-13 11:37:36.952,CANCELLED,30F,29118d6e68646300
B1790,P1168,6F266,2025-04-23 11:37:36.952,CANCELLED,28A,09696b649598115d
B1791,P1329,AI167,2026-02-24 11:37:36.952,CONFIRMED,3C,377ee23c58948a5d
B1792,P1279,6F165,2026-01-17 11:37:36.952,CONFIRMED,8E,2921dbc35c449f8f
B1793,P1977,SJ104,2025-11-25 11:37:36.952,CONFIRMED,14C,a7dfd0570e55a093
B1794,P1304,UK160,2025-06-26 11:37:36.952,CONFIRMED,8D,c779190e99477ab3
B1795,P1145,UK160,2026-03-21 11:37:36.952,PENDING,9C,b3312b0b6152eceb
B1796,P1774,SJ230,2025-11-28 11:37:36.952,CONFIRMED,9B,912c45fda4856be4
B1797,P1515,AI042,2025-06-03 11:37:36.952,CANCELLED,1A,eea73527e427e74a
B1798,P1089,UK197,2025-05-16 11:37:36.952,CONFIRMED,23E,9c71f9d3a6e780e7
B1799,P1452,AI107,2026-02-05 11:37:36.952,PENDING,16E,6bf15e3f33b925a3
B1800,P1059,SJ128,2025-08-22 11:37:36.952,PENDING,7F,eef52c1399aedc9a
B1801,P1310,6F121,2026-04-14 11:37:36.952,PENDING,34F,2137a0d6eb13d49a
B1802,P1527,AI111,2025-06-30 11:37:36.952,UNKNOWN,16B,54ef2484bfb7d6fc
B1803,P1226,SJ137,2026-02-21 11:37:36.952,CONFIRMED,24F,3c71fb9d6c85ef2d
B1804,P1473,AI232,2025-11-12 11:37:36.952,CONFIRMED,1F,516fa95af3ca4c7b
B1805,P1977,SJ113,2025-10-26 11:37:36.952,CONFIRMED,14B,56d5c7476d10e164
B1806,P1540,AI117,2025-08-02 11:37:36.952,CANCELLED,17A,b6e51833d26c78a5
B1807,P1662,6F185,2025-06-28 11:37:36.952,CANCELLED,12C,e37166d7121c8d90
B1808,P1756,AI194,2026-01-26 11:37:36.952,PENDING,3B,24f75f7198e41855
B1809,P1781,UK045,2026-04-09 11:37:36.952,PENDING,13B,4568afa34a4cb48f
B1810,P1078,6F228,2026-03-20 11:37:36.952,CONFIRMED,34B,703372582d619254
B1811,P1432,SJ190,2026-04-04 11:37:36.952,CANCELLED,25A,d65fda1865faf86b
B1812,P1800,AI156,2026-01-06 11:37:36.952,CANCELLED,8A,eb85d00ee61f47fb
B1813,P1152,AI104,2025-04-21 11:37:36.952,UNKNOWN,9D,5b4553e334b63a70
B1814,P1788,UK033,2025-06-22 11:37:36.952,CONFIRMED,26C,65e8422d839596f9
B1815,P1400,UK137,2025-05-01 11:37:36.952,PENDING,3C,2484c5616cc9fb06
B1816,P1278,UK214,2025-06-21 11:37:36.952,PENDING,20F,cce67ae025959daa
B1817,P1056,6F033,2025-06-07 11:37:36.952,PENDING,28D,ed6179e2a5466ef6
B1818,P1976,AI114,2025-11-07 11:37:36.952,CONFIRMED,26B,e77286a7fc8c0918
B1819,P1185,AI017,2026-01-19 11:37:36.952,CONFIRMED,21E,89253e839728ffee
B1820,P1397,6F244,2025-12-01 11:37:36.952,PENDING,18E,c02bc93ead6158f6
B1821,P1604,6F160,2025-11-27 11:37:36.952,PENDING,1C,09b389447f89b570
B1822,P1787,6F088,2026-01-05 11:37:36.952,CANCELLED,17D,c6659e6f9a3ce2ac
B1823,P1157,6F155,2025-11-26 11:37:36.952,CANCELLED,19E,784d546f628723ab
B1824,P1786,AI095,2026-04-15 11:37:36.952,PENDING,9B,e97d0383fe86aa5a
B1825,P1692,6F139,2025-05-17 11:37:36.952,PENDING,5E,0740083a652c7a97
B1826,P1358,6F101,2025-07-11 11:37:36.952,CANCELLED,19A,4c069f6064232614
B1827,P1439,AI054,2025-06-23 11:37:36.952,PENDING,20D,c47053969b849f62
B1828,P1588,SJ094,2025-05-18 11:37:36.952,CANCELLED,25B,05e9db9f9ff03e2a
B1829,P1465,6F217,2026-01-15 11:37:36.952,CANCELLED,4E,c5d2ffbfa4419010
B1830,P1662,6F100,2026-04-15 11:37:36.952,CANCELLED,23C,f0c2ba88726e4eb0
B1831,P1445,6F081,2026-02-05 11:37:36.952,CONFIRMED,21C,344f7c8a5ee6580c
B1832,P1749,SJ156,2025-06-17 11:37:36.952,CONFIRMED,4D,67e813b76bf33d2c
B1833,P1800,6F060,2025-06-07 11:37:36.952,PENDING,27D,1c6fae528078b8d0
B1834,P1742,UK129,2025-08-14 11:37:36.952,CANCELLED,33E,7c0ccb54f288e13c
B1835,P1487,UK032,2026-02-07 11:37:36.952,CONFIRMED,2E,c8af127b0eb2192a
B1836,P1529,AI166,2025-09-23 11:37:36.952,PENDING,13A,82f32974bca2d4fe
B1837,P1072,SJ056,2025-10-31 11:37:36.952,PENDING,22F,0962aea689fc9ad5
B1838,P1928,SJ101,2025-06-12 11:37:36.952,PENDING,18F,377808e9942f148d
B1839,P1927,SJ065,2025-05-09 11:37:36.952,PENDING,9C,5c66d8c55ac02fd8
B1840,P1700,SJ100,2025-04-19 11:37:36.952,PENDING,34A,6758aefbb2a1b57b
B1841,P1949,UK011,2025-10-24 11:37:36.952,CANCELLED,1E,505d5425c20f90d9
B1842,P1016,6F062,2026-02-17 11:37:36.952,PENDING,3B,0b5e9c32c5343b69
B1843,P1530,SJ176,2025-08-15 11:37:36.952,CANCELLED,23E,3cebec895481e8b3
B1844,P1730,6F120,2025-11-26 11:37:36.952,CONFIRMED,3B,a5d7e81e999cd29c
B1845,P1325,AI121,2026-03-05 11:37:36.952,PENDING,24A,40f7815268ab7d7f
B1846,P1994,UK072,2025-08-30 11:37:36.952,CONFIRMED,34F,27c8d3755ffe5fd7
B1847,P1631,AI006,2026-04-06 11:37:36.952,CANCELLED,11B,fca14ef5201992db
B1848,P1612,SJ231,2025-05-19 11:37:36.952,CANCELLED,30D,38b3d62ea2d2db33
B1849,P1545,SJ129,2025-06-24 11:37:36.952,UNKNOWN,12E,c4f43529edcaf4d8
B1850,P1595,6F110,2025-04-21 11:37:36.952,PENDING,33B,86678ea921584c02
B1851,P1920,6F231,2025-11-26 11:37:36.952,PENDING,2D,8b82eab6b4545a9a
B1852,P1707,6F095,2025-08-09 11:37:36.952,CONFIRMED,33E,6ad9b8fd28ffccf4
B1853,P1841,UK054,2025-05-05 11:37:36.952,CONFIRMED,18F,ed731eeabf504aa1
B1854,P1201,SJ123,2025-08-10 11:37:36.952,CONFIRMED,29D,7f617c35090f0902
B1855,P1343,6F006,2026-01-04 11:37:36.952,PENDING,3D,2b7ce9c324d52a6c
B1856,P1852,UK226,2025-05-04 11:37:36.952,PENDING,4E,73ed2bc7916b9ce9
B1857,P1522,AI065,2026-03-07 11:37:36.952,PENDING,17E,1b269821155b1729
B1858,P1858,6F008,2025-11-25 11:37:36.952,UNKNOWN,10B,b05d5077011bcebe
B1859,P1399,AI195,2025-11-11 11:37:36.952,PENDING,7B,73f723ba52ae0d3d
B1860,P1217,UK043,2025-08-01 11:37:36.952,UNKNOWN,3A,af827a01b509e6ae
B1861,P1444,AI125,2025-10-15 11:37:36.952,CONFIRMED,25E,cadf4859991b0f08
B1862,P1764,AI089,2025-10-05 11:37:36.952,PENDING,21A,0ba639f080c17c05
B1863,P1221,UK019,2026-02-12 11:37:36.952,CONFIRMED,22C,2c8b1e3f7745d80a
B1864,P1382,UK078,2025-09-27 11:37:36.952,CANCELLED,22C,9a98890c43ab6d73
B1865,P1880,SJ009,2025-07-28 11:37:36.952,CANCELLED,15E,a20234a1879c3ba2
B1866,P1591,UK178,2026-01-28 11:37:36.952,CONFIRMED,7A,ee7a801ac64c206d
B1867,P1006,UK018,2025-11-23 11:37:36.952,CONFIRMED,13D,e1185cbe1d9a066e
B1868,P1271,SJ059,2026-04-10 11:37:36.952,CANCELLED,29E,5c8f3466e8ea9194
B1869,P1738,UK108,2026-02-04 11:37:36.952,CONFIRMED,19C,bda456f6e93a5987
B1870,P1015,6F045,2025-04-25 11:37:36.952,CANCELLED,5D,6e6bfc99c9c06272
B1871,P1423,AI144,2025-10-04 11:37:36.952,CANCELLED,23E,8f2d93a86434f0de
B1872,P1523,AI244,2025-07-09 11:37:36.952,PENDING,26E,ac7314a3b694827e
B1873,P1802,6F265,2025-04-25 11:37:36.952,CONFIRMED,11B,78407459f2eae92c
B1874,P1752,6F108,2026-01-26 11:37:36.952,CONFIRMED,16E,33264ded1e73cec8
B1875,P1020,6F069,2025-06-17 11:37:36.952,PENDING,17D,7f34b31b8a74481b
B1876,P1689,6F072,2025-06-14 11:37:36.952,CANCELLED,18F,d46918b121864fe1
B1877,P1938,6F096,2025-11-09 11:37:36.952,CONFIRMED,33F,bf9a2e549016485b
B1878,P1227,SJ233,2025-12-31 11:37:36.952,PENDING,31D,3a0d7f7bf9b7fd49
B1879,P1784,AI203,2025-12-03 11:37:36.952,PENDING,9E,e336afc8c867ecf6
B1880,P1287,UK147,2026-03-08 11:37:36.952,CONFIRMED,2E,f733bf22e57fdd06
B1881,P1808,UK039,2025-08-26 11:37:36.952,PENDING,8E,d531397d9fe9a36a
B1882,P1133,6F216,2025-10-17 11:37:36.952,CANCELLED,18B,f0c17e6da411e7eb
B1883,P1983,AI214,2025-11-17 11:37:36.952,PENDING,5B,dc092e5edf81fcf5
B1884,P1282,UK025,2025-08-31 11:37:36.952,CANCELLED,31D,973ea6687da71a9d
B1885,P1403,UK053,2025-08-10 11:37:36.952,CANCELLED,11B,66ecf7c3c34fc56d
B1886,P1664,6F130,2026-02-12 11:37:36.952,UNKNOWN,9D,28348146ccf5c999
B1887,P1065,6F247,2026-03-09 11:37:36.952,PENDING,23F,a54ee7925788a1c3
B1888,P1648,6F159,2025-12-25 11:37:36.952,CANCELLED,25C,e554f9bfa63b49d1
B1889,P1603,UK086,2026-02-24 11:37:36.952,CANCELLED,22C,f06a372de876e39e
B1890,P1436,6F102,2025-08-30 11:37:36.952,PENDING,12E,e2d2253611ec2328
B1891,P1828,UK186,2026-01-26 11:37:36.952,CANCELLED,18D,97bdea92636d5c1a
B1892,P1933,6F032,2025-08-24 11:37:36.952,PENDING,17F,c80b48758f08213c
B1893,P1258,6F186,2025-08-02 11:37:36.952,CONFIRMED,19A,dce988fc36c97786
B1894,P1979,6F106,2026-02-24 11:37:36.952,CANCELLED,4F,89f338cd7fc52c23
B1895,P1965,AI021,2025-10-05 11:37:36.952,CANCELLED,14E,3b5d797dc6c17d09
B1896,P1102,AI157,2025-11-30 11:37:36.952,PENDING,11F,57f1fcd062d63a5d
B1897,P1992,6F054,2025-11-01 11:37:36.952,PENDING,26F,59a836c80d8c90a4
B1898,P1566,AI187,2025-10-03 11:37:36.952,PENDING,10D,f7d1380547c9d577
B1899,P1768,SJ124,2025-09-28 11:37:36.952,PENDING,4B,e36862a918bfca92
B1900,P1100,SJ223,2025-10-06 11:37:36.952,CANCELLED,11C,5bad9f4cf190e7d6
B1901,P1197,UK103,2025-04-25 11:37:36.952,CONFIRMED,21A,d4225f77ec76d7c6
B1902,P1812,SJ157,2026-02-08 11:37:36.952,CONFIRMED,14F,1decbd29cfbe2544
B1903,P1225,6F242,2025-11-06 11:37:36.952,CONFIRMED,9B,36d8ef2746e29dab
B1904,P1942,UK213,2025-07-01 11:37:36.952,CONFIRMED,8B,40b1d023f363963c
B1905,P1462,SJ120,2026-02-13 11:37:36.952,PENDING,24B,207c5dfb1d81736e
B1906,P1236,AI035,2025-08-11 11:37:36.952,CANCELLED,22B,8737dfca2fe6c8d5
B1907,P1025,6F147,2026-01-14 11:37:36.952,CANCELLED,1B,4b432f17b1d38230
B1908,P1120,SJ229,2025-08-09 11:37:36.952,CANCELLED,23B,8dcf010d1dd8b21d
B1909,P1909,AI230,2025-11-14 11:37:36.952,PENDING,31B,4f16c5f08f75eb48
B1910,P1505,UK162,2025-06-10 11:37:36.952,CANCELLED,5C,3c1e2f0fc3d3e5c3
B1911,P1181,AI066,2025-05-29 11:37:36.952,PENDING,27C,e266325a3fbbbd69
B1912,P1710,6F205,2025-09-09 11:37:36.952,CANCELLED,19D,e151b2ebbb00d413
B1913,P1813,AI124,2025-05-24 11:37:36.952,CONFIRMED,27B,d2182e3232c2e289
B1914,P1766,UK114,2025-10-19 11:37:36.952,PENDING,20A,3d35368ba6389c44
B1915,P1633,AI231,2025-06-03 11:37:36.952,CANCELLED,18B,f2f8ab60b89747c0
B1916,P1542,AI113,2025-10-30 11:37:36.952,CONFIRMED,7D,b0838bc2349b3e1a
B1917,P1983,UK180,2025-08-03 11:37:36.952,UNKNOWN,27A,c629fc15abbd896a
B1918,P1314,UK180,2025-10-07 11:37:36.952,CONFIRMED,2B,1356acc909e9194b
B1919,P1990,6F080,2026-03-17 11:37:36.952,PENDING,7C,51188cf536820522
B1920,P1796,SJ095,2025-05-11 11:37:36.952,PENDING,14A,b311ced7623ee79c
B1921,P1617,SJ115,2025-04-24 11:37:36.952,CANCELLED,21F,cf13262d5ae355fb
B1922,P1735,AI142,2025-05-14 11:37:36.952,CONFIRMED,7D,3c6b7e635f83b45f
B1923,P1272,UK169,2025-11-28 11:37:36.952,CANCELLED,33F,60d169d9b1d515c0
B1924,P1909,SJ041,2025-05-04 11:37:36.952,CANCELLED,27D,3a228e031196fcb3
B1925,P1231,UK171,2025-04-20 11:37:36.952,CONFIRMED,7D,0fe0322e7f3fd942
B1926,P1419,AI081,2025-11-27 11:37:36.952,CANCELLED,18F,57d4b60c1075ce04
B1927,P1767,AI162,2026-01-28 11:37:36.952,PENDING,27D,360e4cde1c73981c
B1928,P1441,SJ037,2026-01-23 11:37:36.952,CANCELLED,6F,22f7d67dfc129df1
B1929,P1495,SJ037,2025-11-05 11:37:36.952,CONFIRMED,6A,82a0755f38b853c2
B1930,P1023,UK080,2025-12-16 11:37:36.952,PENDING,3B,479132795205a60d
B1931,P1108,SJ031,2025-09-26 11:37:36.952,PENDING,16C,fb70900ab05e0264
B1932,P1702,AI199,2025-12-28 11:37:36.952,CANCELLED,4B,20177912a4b87913
B1933,P1501,6F082,2025-05-28 11:37:36.952,CANCELLED,7B,538d1b80eb257af0
B1934,P1858,UK217,2026-04-12 11:37:36.952,PENDING,9F,fe8da665f70f1cf9
B1935,P1024,UK014,2026-04-13 11:37:36.952,CANCELLED,6C,2437d254afcc829e
B1936,P1186,SJ180,2026-01-11 11:37:36.952,CONFIRMED,14D,055ef86c67a7545e
B1937,P1287,6F268,2026-02-19 11:37:36.952,CANCELLED,16E,e86a0d4b95087ef9
B1938,P1627,UK205,2026-04-07 11:37:36.952,CANCELLED,19B,1b76c24e008d12de
B1939,P1337,SJ212,2025-07-22 11:37:36.952,PENDING,22B,a1ceb7db9a8f4d37
B1940,P1877,UK052,2025-06-25 11:37:36.952,CANCELLED,17C,3dfe21b4717b2731
B1941,P1913,UK230,2025-06-13 11:37:36.952,CANCELLED,19D,297150fdc26a5809
B1942,P1036,AI145,2025-07-18 11:37:36.952,CANCELLED,23D,52c23117d0b6483f
B1943,P1793,SJ035,2026-03-13 11:37:36.952,CONFIRMED,7E,2afc19eb30e33dfb
B1944,P1136,SJ184,2025-07-20 11:37:36.952,CANCELLED,10B,0503ddbdc7954fc9
B1945,P1507,6F207,2025-11-03 11:37:36.952,CONFIRMED,24A,102be45dae9fa995
B1946,P1226,UK144,2026-03-30 11:37:36.952,CONFIRMED,15A,9831fdc174faf57f
B1947,P1319,AI126,2025-10-22 11:37:36.952,CONFIRMED,1A,8f8a317db0cdc0d1
B1948,P1839,SJ145,2025-05-19 11:37:36.952,CONFIRMED,10A,89e8c4f2714c9d00
B1949,P1915,6F040,2025-05-16 11:37:36.952,PENDING,15B,78da5f3f104150a2
B1950,P1181,UK049,2025-06-15 11:37:36.952,CONFIRMED,21B,59abd1abe2875e04
B1951,P1873,UK049,2026-03-18 11:37:36.952,CANCELLED,3F,220ac90c194efac7
B1952,P1085,AI087,2025-10-18 11:37:36.952,CONFIRMED,2C,dfcf5f4a11d157bb
B1953,P1466,AI152,2025-05-24 11:37:36.952,CANCELLED,19A,542539dfa11714e5
B1954,P1925,SJ240,2025-11-06 11:37:36.952,CONFIRMED,2A,d9121ffdc34b6a37
B1955,P1052,AI212,2025-09-14 11:37:36.952,PENDING,22B,ba06ccf0d09d344f
B1956,P1859,AI064,2025-09-21 11:37:36.952,CONFIRMED,3B,7ef6d89813183832
B1957,P1866,6F093,2025-06-07 11:37:36.952,CONFIRMED,32E,67ccf72774c4e47a
B1958,P1234,AI118,2025-04-28 11:37:36.952,PENDING,29C,6d2015fd32402b94
B1959,P1958,AI172,2025-12-19 11:37:36.952,CONFIRMED,23D,9b80358e64c8add3
B1960,P1778,6F183,2026-01-30 11:37:36.952,CANCELLED,27E,5c1d55a69680fffc
B1961,P1798,6F200,2025-07-15 11:37:36.952,CONFIRMED,28A,f24fcefc260522e9
B1962,P1432,SJ077,2025-12-23 11:37:36.952,CONFIRMED,18C,273f61215919d166
B1963,P1495,UK030,2026-02-24 11:37:36.952,CONFIRMED,27F,e534e29c63180978
B1964,P1998,SJ232,2025-05-21 11:37:36.952,PENDING,18B,4c216ec64082c9f9
B1965,P1099,6F090,2026-01-29 11:37:36.952,CONFIRMED,20D,e88c91c4ce8e371f
B1966,P1989,UK002,2025-11-06 11:37:36.952,CONFIRMED,12B,bd4984f9dc2c410a
B1967,P1598,AI154,2025-07-03 11:37:36.952,CANCELLED,22C,30e4570111fa8ea9
B1968,P1402,6F089,2025-10-11 11:37:36.952,CONFIRMED,2D,cf181aa9ccdcae84
B1969,P1395,6F218,2026-04-08 11:37:36.952,CONFIRMED,29A,93bc7d27d08ae6c3
B1970,P1526,6F241,2025-11-26 11:37:36.952,CONFIRMED,12B,62b0624b65cd64bf
B1971,P1414,6F116,2025-08-20 11:37:36.952,CONFIRMED,2B,eb79ca72c0e56dec
B1972,P1938,UK199,2025-04-18 11:37:36.952,CANCELLED,19B,173b7db0219f7e81
B1973,P1612,SJ033,2025-04-28 11:37:36.952,CANCELLED,8C,2a46c5fa309a225f
B1974,P1676,AI210,2025-08-03 11:37:36.952,PENDING,15B,8df86f378cb27b01
B1975,P1462,UK148,2025-08-26 11:37:36.952,UNKNOWN,20E,5f50e40ff96a0fd0
B1976,P1540,AI229,2025-08-27 11:37:36.952,PENDING,16F,2c9c3a92cbf98579
B1977,P1625,UK005,2026-01-01 11:37:36.952,PENDING,4A,c1c31fa9ed3bb84e
B1978,P1618,SJ080,2025-12-07 11:37:36.952,CONFIRMED,12C,6990aa0ac8d60e40
B1979,P1921,SJ092,2025-12-02 11:37:36.952,CANCELLED,1F,167f29c93a0c680e
B1980,P1363,SJ055,2025-12-04 11:37:36.952,CANCELLED,15A,642656fead84ca6e
B1981,P1129,AI239,2025-05-17 11:37:36.952,CONFIRMED,19D,194c1ff334ec6b7c
B1982,P1083,6F162,2025-06-17 11:37:36.952,UNKNOWN,7A,da2d4df4666b2a20
B1983,P1270,UK101,2025-06-28 11:37:36.952,UNKNOWN,27A,b1ec26b79390538b
B1984,P1243,6F198,2025-04-25 11:37:36.952,CONFIRMED,27F,9addb84ab4e74bf1
B1985,P1387,6F239,2025-09-28 11:37:36.952,CONFIRMED,31F,b7bca1f547c03574
B1986,P1213,SJ177,2025-10-07 11:37:36.952,CONFIRMED,13F,eccdbbde392ac599
B1987,P1817,6F044,2026-03-12 11:37:36.952,CANCELLED,19F,3a75e0b82eaab0a0
B1988,P1165,6F248,2026-02-17 11:37:36.952,PENDING,13A,b2abdbadf4cb0ea2
B1989,P1790,6F002,2025-12-10 11:37:36.952,UNKNOWN,16F,bf47153d90dacf5f
B1990,P1058,SJ197,2026-03-31 11:37:36.952,CONFIRMED,14B,2fb692e2db987266
B1991,P1601,UK091,2026-01-14 11:37:36.952,CANCELLED,22E,4aa73e23192d35b7
B1992,P1882,6F215,2025-04-25 11:37:36.952,CONFIRMED,25C,3bd00e59fdc2d052
B1993,P1842,AI093,2026-03-11 11:37:36.952,CANCELLED,5B,183ca99088a1487c
B1994,P1923,UK090,2026-03-31 11:37:36.952,CONFIRMED,21D,a173e965992f81ff
B1995,P1503,SJ005,2025-11-20 11:37:36.952,CANCELLED,11C,5025eb66e890523a
B1996,P1705,UK106,2025-08-08 11:37:36.952,CANCELLED,27E,65c0e8317e379a52
B1997,P1122,6F223,2025-05-03 11:37:36.952,PENDING,27B,9c2be330bc8f2b18
B1998,P1647,6F011,2025-10-23 11:37:36.952,CONFIRMED,14C,f260e8c9632372f9
B1999,P1412,UK124,2025-08-08 11:37:36.952,UNKNOWN,12B,ae872528e8dc647f
