passenger_id,passenger_alias,gender,age_band,email_masked,phone_masked,aadhaar_hash,birth_year
P1000,Passenger_0112,F,45-59,v***************e@gmail.com,+91*********90,99466baa9b8fe69a,1974
P1001,Passenger_0751,M,<18,k***********y@hotmail.com,+91*********97,6d05ccbeb5011dd5,2011
P1002,Passenger_0418,M,60+,m********u@outlook.com,+91*********92,3e24ac79e2c95679,1954
P1003,Passenger_0804,F,60+,m*********a@hotmail.com,+91*********51,4e880723014ee24b,1965
P1004,Passenger_0556,M,18-29,s*************e@outlook.com,+91*********13,3ca09c31f18da71a,2005
P1005,Passenger_0342,M,60+,r***********i@gmail.com,+91*********18,65d58b4376cbd17c,1943
P1006,Passenger_0494,M,60+,k********r@yahoo.com,+91*********30,2b1c48782995bca7,1939
P1007,Passenger_0162,M,60+,s********i@gmail.com,+91*********19,13a51896795a6887,1951
P1008,Passenger_0308,M,60+,k**********i@gmail.com,+91*********00,184b6d895f7c0fd5,1951
P1009,Passenger_0844,M,60+,s**********i@hotmail.com,+91*********19,7152cf63fa78e06f,1938
P1010,Passenger_0890,M,18-29,s*********l@yahoo.com,+91*********90,6ccbdd4d650e0d64,2002
P1011,Passenger_0860,M,<18,s********u@yahoo.com,+91*********18,6ec260924a1a8d6a,2023
P1012,Passenger_0239,M,18-29,a*********l@yahoo.com,+91*********45,f0eaffffe232a663,2004
P1013,Passenger_0132,M,45-59,s*******r@hotmail.com,+91*********98,01f603c86d6008c8,1973
P1014,Passenger_0556,F,<18,a************e@outlook.com,+91*********05,f43bad82f1ea88b1,2024
P1015,Passenger_0499,F,60+,a**********a@gmail.com,+91*********41,d70bbd933fb62ae5,1938
P1016,Passenger_0132,M,18-29,v**********u@rediffmail.com,+91*********26,b740b55080e3f5e9,1996
P1017,Passenger_0346,F,30-44,r****************e@rediffmail.com,+91*********76,e3e68bc9aef666c2,1988
P1018,Passenger_0092,F,<18,i*******h@hotmail.com,+91*********20,dd0512da8f3fc09b,2024
P1019,Passenger_0863,M,60+,d********l@gmail.com,+91*********29,27af54f85ed4ca2e,1962
P1020,Passenger_0992,M,45-59,a*********n@yahoo.com,+91*********28,c51671e5c87fc004,1966
P1021,Passenger_0252,M,18-29,k*********u@yahoo.com,+91*********94,be8e1f9bc95f0bb6,2005
P1022,Passenger_0529,F,30-44,s***********i@outlook.com,+91*********77,bdb2a0f6ff5354b4,1993
P1023,Passenger_0479,F,60+,a**********l@hotmail.com,+91*********73,aae89439b255e5df,1950
P1024,Passenger_0515,M,45-59,v***********a@yahoo.com,+91*********41,5ccf28839dc58717,1968
P1025,Passenger_0509,M,18-29,a**************e@yahoo.com,+91*********72,3b6f062d77b26065,2004
P1026,Passenger_0969,M,60+,i********1@hotmail.com,+91*********52,c19551c773976287,1937
P1027,Passenger_0717,F,45-59,r**************e@gmail.com,+91*********99,f033f74585ca0ac9,1977
P1028,Passenger_0129,F,45-59,a***********a@gmail.com,+91*********47,48e69be23928a6d3,1967
P1029,Passenger_0064,F,30-44,d********h@rediffmail.com,+91*********45,ae8add5e2b5a7da6,1984
P1030,Passenger_0169,F,45-59,a*************i@gmail.com,+91*********78,68c1f6cd2204ee3a,1966
P1031,Passenger_0330,M,60+,s***********l@gmail.com,+91*********43,e2305aa80905ada0,1946
P1032,Passenger_0674,M,<18,k*********a@rediffmail.com,+91*********18,38071e4c4b90feab,2011
P1033,Passenger_0987,M,60+,a*************i@hotmail.com,+91*********98,e30ec22a134adfee,1964
P1034,Passenger_0156,M,60+,i*********r@outlook.com,+91*********33,64ddf0cc8598adad,1964
P1034,Passenger_0156,M,60+,i*********r@gmail.com,+91*********83,20f2ce9bbb93033c,1964
P1035,Passenger_0732,F,45-59,v**********h@hotmail.com,+91*********14,d88fba3c8073af55,1979
P1036,Passenger_0712,F,60+,r********y@rediffmail.com,+91*********96,e0f95c940d08624f,1964
P1037,Passenger_0900,M,45-59,m************h@rediffmail.com,+91*********72,afa962c23cad341f,1975
P1038,Passenger_0517,M,45-59,i*******l@yahoo.com,+91*********41,6a1d05297296389e,1971
P1039,Passenger_0682,F,60+,s*************l@hotmail.com,+91*********42,3d6db7d02b273cc2,1962
P1040,Passenger_0054,M,<18,m************i@hotmail.com,+91*********28,e62c04861301d5df,2023
P1041,Passenger_0799,F,45-59,s***********a@hotmail.com,+91*********48,9e9092b91af8eed0,1975
P1042,Passenger_0137,M,<18,a************i@hotmail.com,+91*********24,0e8e5feeacadf4a0,2019
P1043,Passenger_0650,M,18-29,a*********y@hotmail.com,+91*********17,028c41d63f69279d,2005
P1044,Passenger_0149,M,60+,s******r@yahoo.com,+91*********44,62ff315ec95cf152,1953
P1045,Passenger_0458,M,30-44,k*********y@yahoo.com,+91*********59,09348897270fc901,1987
P1046,Passenger_0819,M,<18,s***********a@yahoo.com,+91*********91,c92af55007ca65a9,2008
P1047,Passenger_0680,M,<18,i***************e@rediffmail.com,+91*********72,d153d15f08bd1389,2022
P1048,Passenger_0013,M,60+,s********a@gmail.com,+91*********36,8b0e327bca94dce5,1937
P1049,Passenger_0943,F,45-59,a**********i@rediffmail.com,+91*********90,35f9ab2c175a312a,1966
P1050,Passenger_0870,F,<18,a*******s@yahoo.com,+91*********22,eb9243e683e7b274,2012
P1051,Passenger_0275,F,<18,a***************e@outlook.com,+91*********94,3157eb47074daa84,2017
P1052,Passenger_0215,F,45-59,s******n@gmail.com,+91*********65,1a6c56e0c65b72db,1973
P1053,Passenger_0555,F,<18,m***********e@gmail.com,+91*********19,dec010b62871264a,2024
P1054,Passenger_0297,M,60+,m************l@rediffmail.com,+91*********21,eabf1e495650bee0,1942
P1055,Passenger_0501,M,45-59,i***************e@gmail.com,+91*********00,0a66fc7596354bb8,1966
P1056,Passenger_0847,F,60+,s********s@rediffmail.com,+91*********28,9be5c098c761d9fa,1955
P1057,Passenger_0905,M,30-44,i**********a@outlook.com,+91*********37,f7d6c5cbcdb7cd43,1982
P1058,Passenger_0042,F,<18,d********a@yahoo.com,+91*********68,537806a15aaa9c46,2018
P1059,Passenger_0276,F,45-59,i*************e@outlook.com,+91*********12,0adaa2d1cb62eca0,1979
P1060,Passenger_0845,M,30-44,r********h@yahoo.com,+91*********30,399cad7e2fd246eb,1991
P1061,Passenger_0394,M,60+,s*******h@hotmail.com,+91*********58,d7168c245107c946,1948
P1062,Passenger_0733,M,60+,a*********h@rediffmail.com,+91*********51,7764065d75802fe9,1945
P1063,Passenger_0669,F,30-44,s************a@gmail.com,+91*********84,740fe41b81b29f55,1990
P1064,Passenger_0868,M,45-59,k************i@yahoo.com,+91*********04,c90d8488c1c0eff1,1976
P1065,Passenger_0252,F,<18,i*************i@hotmail.com,+91*********06,d5581e13e655e01a,2022
P1066,Passenger_0027,F,<18,r********h@outlook.com,+91*********46,c0bdab2806b241be,2024
P1067,Passenger_0146,F,<18,r************i@hotmail.com,+91*********47,ef7ab22c188f57c3,2020
P1068,Passenger_0466,M,45-59,s**********e@yahoo.com,+91*********00,860c54a3699c33c9,1972
P1069,Passenger_0373,M,<18,k**********r@yahoo.com,+91*********01,9c877c2dc1e0b7e3,2022
P1070,Passenger_0203,F,45-59,i********a@outlook.com,+91*********32,aa88816b827f8e89,1972
P1071,Passenger_0160,M,60+,s**********h@gmail.com,+91*********77,a23f59ccdfcfba7e,1963
P1072,Passenger_0755,M,<18,k**************e@yahoo.com,+91*********37,7fa979583c280879,2008
P1073,Passenger_0457,M,30-44,a***********i@outlook.com,+91*********65,eeaf371e3b1ab4b7,1982
P1074,Passenger_0341,F,30-44,r********l@hotmail.com,+91*********88,c6e381cad07a50ba,1992
P1075,Passenger_0245,F,60+,k**********n@yahoo.com,+91*********35,a508d4d8d56be19c,1952
P1076,Passenger_0064,M,60+,k*********i@hotmail.com,+91*********98,1e2b124bd3be992c,1964
P1077,Passenger_0502,F,<18,m********h@hotmail.com,+91*********09,0c56610dfb42074d,2012
P1078,Passenger_0683,M,45-59,r***********y@yahoo.com,+91*********06,fd162e1f86eaabde,1978
P1079,Passenger_0114,M,<18,d*********a@hotmail.com,+91*********80,07d6eca6b4ae5c04,2011
P1080,Passenger_0078,M,60+,s****************e@rediffmail.com,+91*********67,c73a34198b7773db,1954
P1081,Passenger_0144,M,60+,k*********h@rediffmail.com,+91*********43,3f9232cdc2498959,1948
P1082,Passenger_0374,F,60+,s*******i@gmail.com,+91*********04,8036449ce28d3e6d,1939
P1083,Passenger_0493,F,60+,a************e@outlook.com,+91*********85,142fa59a1062db22,1964
P1084,Passenger_0072,F,30-44,a***********1@hotmail.com,+91*********66,be39fda3d3e047b7,1986
P1085,Passenger_0887,M,60+,d********u@hotmail.com,+91*********99,c3d4891554b03ac8,1941
P1086,Passenger_0411,M,60+,v****************1@gmail.com,+91*********15,b0fa0ed1b9e98017,1946
P1087,Passenger_0188,M,60+,v************1@yahoo.com,+91*********88,9e2eaf7041e29bb3,1944
P1088,Passenger_0712,F,45-59,i************e@outlook.com,+91*********20,83b5e3ce11de7f7b,1973
P1089,Passenger_0233,M,18-29,i***********a@gmail.com,+91*********22,ad0fd6916e746107,2002
P1090,Passenger_0956,F,18-29,v**********y@outlook.com,+91*********87,dcd54ed7c24bc383,2000
P1091,Passenger_0827,F,60+,i*********1@outlook.com,+91*********58,b2486d67dfedceaa,1937
P1092,Passenger_0347,F,45-59,r***********a@yahoo.com,+91*********14,c79cb34e3742a471,1966
P1093,Passenger_0237,F,30-44,a**********i@outlook.com,+91*********84,ba2f2782371953d9,1985
P1094,Passenger_0456,F,18-29,k***********l@rediffmail.com,+91*********83,42a632dd3cf30035,1997
P1095,Passenger_0164,F,<18,a*********a@outlook.com,+91*********71,5437a0a80a284aae,2011
P1096,Passenger_0263,M,30-44,m**********l@hotmail.com,+91*********66,97a30ca5974d706f,1981
P1097,Passenger_0741,M,60+,s***********a@outlook.com,+91*********05,8cda467181d793bb,1961
P1098,Passenger_0266,F,60+,r****************e@yahoo.com,+91*********81,a24ec7a9f0c18dac,1937
P1099,Passenger_0544,F,60+,v************l@hotmail.com,+91*********48,0eb35e002d76a27e,1955
P1100,Passenger_0266,M,<18,m************i@rediffmail.com,+91*********19,2a2d690806846104,2017
P1101,Passenger_0168,F,60+,s*************l@rediffmail.com,+91*********90,9a755bbed9a06ef0,1938
P1102,Passenger_0832,F,<18,m***********i@rediffmail.com,+91*********00,c68555727b39598f,2025
P1102,Passenger_0832,F,<18,m***********i@outlook.com,+91*********38,944138434feda33b,2025
P1103,Passenger_0595,M,<18,i*************e@hotmail.com,+91*********81,baac44b477742910,2018
P1104,Passenger_0930,F,60+,v**********a@gmail.com,+91*********00,3b81408f19a70d5b,1938
P1104,Passenger_0930,F,60+,v**********a@hotmail.com,+91*********03,d5289a7ed3e865fd,1938
P1104,Passenger_0930,F,60+,v**********a@outlook.com,+91*********80,57eb577bcb755e98,1938
P1105,Passenger_0611,F,60+,m************h@yahoo.com,+91*********27,61708f785bcdd560,1963
P1106,Passenger_0263,F,<18,s*******r@outlook.com,+91*********10,197ff2867f209ee6,2015
P1107,Passenger_0763,M,60+,a*********i@yahoo.com,+91*********48,30d23413eb04a8c7,1945
P1108,Passenger_0628,M,<18,i*************i@outlook.com,+91*********73,b457a31b2a6bcbc4,2018
P1108,Passenger_0628,M,<18,i*****************r@outlook.com,+91*********77,e31f501c41881c2a,2018
P1109,Passenger_0189,M,30-44,v***************e@outlook.com,+91*********71,cfdca4f3d7400b34,1991
P1110,Passenger_0934,F,30-44,i******n@rediffmail.com,+91*********29,50ae3be18a84f14b,1991
P1111,Passenger_0246,F,30-44,k************a@yahoo.com,+91*********00,a3c57a2bec4fca83,1993
P1112,Passenger_0959,M,<18,s*********a@hotmail.com,+91*********45,6d2af6fc582ed8e9,2021
P1113,Passenger_0823,F,30-44,a**********i@rediffmail.com,+91*********66,4342c3536ceb1010,1985
P1114,Passenger_0755,F,18-29,a**********a@yahoo.com,+91*********37,834222f901b040f2,1998
P1115,Passenger_0698,F,<18,s********h@hotmail.com,+91*********77,2b26abd3575ce761,2019
P1116,Passenger_0838,F,60+,v**********h@yahoo.com,+91*********66,b5c43490f6f69b8a,1953
P1117,Passenger_0605,F,60+,a**********i@rediffmail.com,+91*********74,c2ab95e825ca1845,1954
P1118,Passenger_0796,M,<18,v**********y@yahoo.com,+91*********99,c66fcb4e3f7b4aa7,2014
P1119,Passenger_0120,F,30-44,a**********i@outlook.com,+91*********39,24e48d95db633259,1992
P1120,Passenger_0522,M,30-44,a*********h@hotmail.com,+91*********75,be48b689d49130a1,1993
P1121,Passenger_0144,F,45-59,r********a@rediffmail.com,+91*********55,f5320a5b72679e0a,1978
P1122,Passenger_0698,M,18-29,a**********a@hotmail.com,+91*********58,521c5e760c3f3c55,2003
P1123,Passenger_0153,F,60+,s*******n@gmail.com,+91*********10,6674483fb00736cf,1964
P1124,Passenger_0807,M,60+,m********a@outlook.com,+91*********17,de22bf6e2ffcb7ae,1938
P1125,Passenger_0105,F,30-44,r***********y@gmail.com,+91*********30,7a8a282d97bfd841,1989
P1126,Passenger_0651,M,30-44,i*******a@gmail.com,+91*********47,9c375d0fbcabf12a,1982
P1127,Passenger_0237,F,60+,m*********1@hotmail.com,+91*********14,e7dbf527c6cfd7cd,1940
P1128,Passenger_0140,M,30-44,d********l@yahoo.com,+91*********79,4b1074691f4654c9,1991
P1129,Passenger_0771,F,60+,v**********i@hotmail.com,+91*********92,2a6c0b50dc5ae323,1961
P1130,Passenger_0805,M,45-59,s************a@hotmail.com,+91*********16,f25cd93261c65461,1979
P1131,Passenger_0857,M,60+,s**************e@rediffmail.com,+91*********23,a60ad4e93dcacf36,1948
P1132,Passenger_0392,F,<18,i**************1@hotmail.com,+91*********76,39b0ec6156454bfa,2023
P1133,Passenger_0913,F,<18,s**********e@gmail.com,+91*********45,1e1c9864ea4f80a9,2025
P1134,Passenger_0672,M,<18,i*******a@outlook.com,+91*********87,c97d0c91a2847a6e,2021
P1135,Passenger_0522,F,<18,s**************e@yahoo.com,+91*********37,b1f484aa09d65846,2012
P1136,Passenger_0739,M,18-29,a**********a@outlook.com,+91*********90,0b167603a30df161,1999
P1137,Passenger_0328,M,<18,a*********r@rediffmail.com,+91*********24,0186a44ebb0ebda5,2017
P1138,Passenger_0575,M,60+,s**********a@outlook.com,+91*********55,bc86eced81b9edae,1947
P1139,Passenger_0782,F,<18,a***********l@yahoo.com,+91*********41,19c4f1fa329e3c3d,2011
P1140,Passenger_0954,M,30-44,s***********h@outlook.com,+91*********90,0cb1f2a8f30b4760,1984
P1140,Passenger_0954,M,30-44,s************1@outlook.com,+91*********75,cce46e6d20ecd576,1984
P1141,Passenger_0832,M,60+,s**********i@rediffmail.com,+91*********20,473d3d651eb43cda,1949
P1141,Passenger_0832,M,60+,s**************r@outlook.com,+91*********34,b0088281e6eff45d,1949
P1142,Passenger_0296,F,45-59,s**********u@gmail.com,+91*********30,7a97f7ea90119044,1975
P1143,Passenger_0989,F,60+,a********r@hotmail.com,+91*********70,187122a721f0896e,1963
P1144,Passenger_0523,F,45-59,a**********a@gmail.com,+91*********62,a9cb779f8f338776,1974
P1145,Passenger_0527,F,<18,a***********i@yahoo.com,+91*********31,f31201e899848f7e,2022
P1146,Passenger_0924,M,18-29,k**********n@outlook.com,+91*********76,4b85ccf07011600d,2003
P1147,Passenger_0842,M,<18,r************i@outlook.com,+91*********47,97d2d3757efd17ad,2011
P1148,Passenger_0950,M,30-44,m*****************e@hotmail.com,+91*********07,fdb3749bbaedd9aa,1983
P1149,Passenger_0020,M,18-29,i*********r@yahoo.com,+91*********86,88441ee045af18c3,1997
P1150,Passenger_0029,F,30-44,a***********l@hotmail.com,+91*********98,bb8e2af8955c3a3c,1990
P1151,Passenger_0321,M,<18,k************a@gmail.com,+91*********88,89ead4ab1813d873,2013
P1152,Passenger_0519,M,30-44,d********i@hotmail.com,+91*********68,056a79ef92bc6ec0,1994
P1153,Passenger_0513,F,60+,i**********i@rediffmail.com,+91*********10,8e1f8b4dee71fbca,1955
P1154,Passenger_0046,M,45-59,m*************e@rediffmail.com,+91*********92,c231ec1c4a2c3123,1967
P1155,Passenger_0058,M,60+,d********u@gmail.com,+91*********41,8ef15b5add861709,1940
P1156,Passenger_0419,M,18-29,r***********a@hotmail.com,+91*********27,52262b9ec8213ddf,1998
P1157,Passenger_0937,M,60+,a***********l@hotmail.com,+91*********33,ab4a89b331a399dd,1960
P1158,Passenger_0592,M,30-44,m************i@outlook.com,+91*********34,0ff9931b22a04906,1984
P1159,Passenger_0243,M,30-44,a************e@yahoo.com,+91*********44,3ed103be0005dc3c,1981
P1160,Passenger_0772,F,60+,a**********i@outlook.com,+91*********14,43ca46f59d17b572,1964
P1161,Passenger_0807,F,45-59,k*************l@hotmail.com,+91*********70,485c10d271d9a2d6,1969
P1162,Passenger_0429,M,<18,r***********y@outlook.com,+91*********01,534b1f1fb22eea44,2020
P1163,Passenger_0292,M,18-29,a*********u@rediffmail.com,+91*********91,747c3422db5e6c22,1998
P1164,Passenger_0021,F,18-29,s***********i@yahoo.com,+91*********86,193126b2ccd5839d,1998
P1165,Passenger_0923,M,30-44,i*******h@rediffmail.com,+91*********18,db02db056bca53ee,1982
P1166,Passenger_0750,M,60+,k**************e@rediffmail.com,+91*********97,e5e26fedc51eff19,1942
P1167,Passenger_0778,M,18-29,r********a@rediffmail.com,+91*********18,8b4b39fc53ce5566,1996
P1168,Passenger_0987,F,60+,m**********l@rediffmail.com,+91*********89,c235bdbf03df8a9f,1964
P1169,Passenger_0849,M,60+,k************1@hotmail.com,+91*********10,c2b95d5e2fe462ed,1951
P1170,Passenger_0594,F,60+,a**********a@rediffmail.com,+91*********26,2c6a0cf71c2539cd,1937
P1171,Passenger_0812,M,60+,i**************2@hotmail.com,+91*********67,479582a6eeb9cd3b,1964
P1172,Passenger_0989,F,<18,s***********e@yahoo.com,+91*********00,991f1ec8524775c7,2025
P1173,Passenger_0264,F,18-29,a**********a@rediffmail.com,+91*********08,77182c117786e106,1999
P1174,Passenger_0207,M,60+,s***********u@outlook.com,+91*********04,59cd79cfb3605114,1964
P1175,Passenger_0639,F,60+,m*************a@hotmail.com,+91*********34,0b05324f4c52ed4d,1949
P1176,Passenger_0865,M,<18,r********l@outlook.com,+91*********71,43db695dcfa37b10,2023
P1177,Passenger_0991,F,60+,r***********l@gmail.com,+91*********52,f6bcd95733f4fd36,1956
P1178,Passenger_0235,M,60+,k*********u@outlook.com,+91*********41,5a76b34372fdebfb,1954
P1178,Passenger_0235,M,60+,k*************r@gmail.com,+91*********65,f1c25276534873f1,1954
P1179,Passenger_0484,M,18-29,s*******u@hotmail.com,+91*********16,d8e46f2689a32342,1999
P1180,Passenger_0115,F,<18,a*********a@outlook.com,+91*********34,f6629496e6528963,2017
P1181,Passenger_0535,M,60+,s****************e@outlook.com,+91*********72,3b6f4f72a597bd9c,1964
P1182,Passenger_0377,M,30-44,a*******s@outlook.com,+91*********37,39c2a189daabc81a,1989
P1183,Passenger_0715,F,45-59,s************i@rediffmail.com,+91*********03,1383978cf6919331,1975
P1184,Passenger_0298,M,30-44,s************2@outlook.com,+91*********10,ee146d2219441919,1982
P1185,Passenger_0100,M,18-29,a*************i@outlook.com,+91*********29,a589164f9c8e62c1,2002
P1186,Passenger_0565,F,60+,s*********a@yahoo.com,+91*********03,d2e61d70503b6299,1947
P1187,Passenger_0131,F,45-59,a********s@gmail.com,+91*********66,9f7d974eb2fbefa5,1967
P1188,Passenger_0574,M,30-44,a************l@hotmail.com,+91*********91,9166edb83d20f5cc,1994
P1189,Passenger_0132,M,60+,a**********a@yahoo.com,+91*********87,01135728d3ac366c,1938
P1190,Passenger_0243,F,45-59,a*********h@rediffmail.com,+91*********06,df936b32d7d27f28,1974
P1191,Passenger_0750,F,60+,a***********a@rediffmail.com,+91*********74,cb2161c76eebf6d2,1964
P1192,Passenger_0216,M,45-59,a********r@hotmail.com,+91*********55,d5915035d19711fb,1968
P1193,Passenger_0431,F,45-59,i*****s@yahoo.com,+91*********09,7e1f744d139efe0e,1974
P1194,Passenger_0159,M,<18,a********s@gmail.com,+91*********55,ab083d77f67667c1,2014
P1195,Passenger_0134,M,30-44,a********s@hotmail.com,+91*********49,daea2c399540997e,1987
P1196,Passenger_0666,M,<18,s***********l@rediffmail.com,+91*********35,26f7e74efe52a540,2024
P1197,Passenger_0589,M,<18,k**********r@gmail.com,+91*********29,f04a3fb41be8089b,2023
P1198,Passenger_0214,M,45-59,k**********1@outlook.com,+91*********65,43c9f7490f37a1f9,1970
P1199,Passenger_0181,F,60+,a***********i@hotmail.com,+91*********48,8beed4f2923c9c3b,1945
P1200,Passenger_0390,F,45-59,s*************i@outlook.com,+91*********49,cbb81400dbdaa3cd,1967
P1201,Passenger_0004,F,<18,m********y@gmail.com,+91*********44,0801b4d6d9729a82,2024
P1202,Passenger_0391,F,<18,a**********a@hotmail.com,+91*********11,fc8f623c730257a5,2024
P1203,Passenger_0488,M,45-59,a*********r@gmail.com,+91*********21,8225bec4199fe0d8,1972
P1204,Passenger_0671,M,60+,s************a@outlook.com,+91*********37,3676db6af29a0f37,1939
P1205,Passenger_0005,M,<18,s*******u@yahoo.com,+91*********81,2483cda2cdfe5278,2025
P1206,Passenger_0597,M,18-29,d***********e@rediffmail.com,+91*********32,de2033cdb8f24ca2,2007
P1207,Passenger_0441,F,<18,s*******h@yahoo.com,+91*********12,48399b9b53316131,2024
P1208,Passenger_0203,M,45-59,a*********i@yahoo.com,+91*********64,30c127b31f382145,1973
P1209,Passenger_0930,M,30-44,a**********a@gmail.com,+91*********02,f52a825c878af0e1,1982
P1210,Passenger_0053,F,30-44,s***********a@outlook.com,+91*********40,df861b3f363b8267,1994
P1211,Passenger_0343,F,60+,i************l@outlook.com,+91*********64,9903ae656b8e80d7,1956
P1212,Passenger_0638,F,30-44,s***********i@rediffmail.com,+91*********59,614d4dc12fb63617,1994
P1213,Passenger_0819,F,60+,s********i@outlook.com,+91*********44,c54625f6ea1e9d06,1958
P1214,Passenger_0993,M,45-59,r*********a@hotmail.com,+91*********30,ee111306362091df,1971
P1215,Passenger_0812,M,60+,i*******u@outlook.com,+91*********88,6620ac00b7766d2a,1951
P1216,Passenger_0027,F,45-59,r*********a@outlook.com,+91*********60,416a226726494f42,1970
P1216,Passenger_0027,F,45-59,r*********a@hotmail.com,+91*********82,8babceaa00559e68,1970
P1217,Passenger_0768,M,<18,k**********r@yahoo.com,+91*********84,b3a7cbdaf935f315,2009
P1218,Passenger_0237,M,30-44,i******r@gmail.com,+91*********38,e6f10d1496fcf0cd,1988
P1219,Passenger_0408,M,18-29,m***********r@rediffmail.com,+91*********42,dab744cea374810f,2002
P1220,Passenger_0969,F,60+,s***********h@gmail.com,+91*********66,dd41123cfd3cc228,1957
P1221,Passenger_0961,M,60+,d*******r@gmail.com,+91*********80,9d5e82ba4c704763,1956
P1222,Passenger_0011,F,60+,m************a@hotmail.com,+91*********06,7e64633e43879039,1940
P1223,Passenger_0736,M,<18,s******s@hotmail.com,+91*********74,45cf4bb467a38879,2015
P1224,Passenger_0216,M,<18,a**********h@outlook.com,+91*********07,c527a609b122b251,2010
P1225,Passenger_0783,M,60+,m************a@rediffmail.com,+91*********58,2605ebd45582cf61,1953
P1226,Passenger_0066,F,45-59,k**************e@rediffmail.com,+91*********56,50d3945a4f03f515,1967
P1227,Passenger_0689,M,60+,a**********y@outlook.com,+91*********02,f28206e79c6b3fe5,1956
P1228,Passenger_0341,F,60+,a********r@hotmail.com,+91*********12,bcd9e1e6a3112c74,1946
P1229,Passenger_0742,F,<18,a*******s@hotmail.com,+91*********68,1258e273841d6528,2023
P1230,Passenger_0374,F,18-29,k*********a@gmail.com,+91*********54,57e24658ca4bd0db,2006
P1231,Passenger_0222,M,45-59,r******s@gmail.com,+91*********36,e840f019f50bd3fa,1967
P1232,Passenger_0361,M,30-44,i*************i@rediffmail.com,+91*********16,6fe61bb6b0985daf,1990
P1233,Passenger_0331,M,18-29,i************l@rediffmail.com,+91*********33,d7211a61afac2ee1,2007
P1234,Passenger_0538,M,60+,a*************e@gmail.com,+91*********12,e6895f5fc57a08f9,1959
P1235,Passenger_0944,F,18-29,a*********h@outlook.com,+91*********36,445d66ab7ad29134,2007
P1236,Passenger_0298,F,18-29,m*********a@yahoo.com,+91*********81,8666742590d725fa,2006
P1236,Passenger_0298,F,18-29,m*************r@outlook.com,+91*********89,9ed79f9b0892e03b,2006
P1237,Passenger_0708,F,60+,i**************1@hotmail.com,+91*********21,b51c6b796282bd1a,1955
P1238,Passenger_0380,M,45-59,i***********a@rediffmail.com,+91*********50,19835c6c092e1d99,1974
P1239,Passenger_0084,F,30-44,a**********h@yahoo.com,+91*********86,dbf30b4748faf995,1993
P1240,Passenger_0752,M,30-44,a*********h@outlook.com,+91*********16,5ba864b07d3c9539,1986
P1241,Passenger_0777,F,30-44,a***************e@yahoo.com,+91*********78,e678a8a60c3ca9f4,1987
P1242,Passenger_0182,M,60+,i**********1@yahoo.com,+91*********94,2e23596e4c10c4bb,1944
P1243,Passenger_0675,M,<18,a***************e@gmail.com,+91*********31,5cdf97665094c444,2025
P1244,Passenger_0859,F,<18,s**********h@hotmail.com,+91*********84,36013ece8708d9fa,2015
P1245,Passenger_0989,F,45-59,a**************e@hotmail.com,+91*********82,e9dce10ee6aa57ea,1969
P1246,Passenger_0943,F,60+,i******r@hotmail.com,+91*********14,d59284ad8c4f25a9,1937
P1247,Passenger_0009,F,45-59,a***********l@gmail.com,+91*********61,40e98881e3d7dcfd,1976
P1248,Passenger_0352,M,18-29,s**********a@gmail.com,+91*********45,7d8681fc891c5fbe,2003
P1249,Passenger_0389,F,30-44,k**********i@rediffmail.com,+91*********87,8214a769b681457b,1995
P1250,Passenger_0654,F,30-44,a*********h@hotmail.com,+91*********41,ebb4a205d7e97d59,1984
P1251,Passenger_0336,F,<18,a**********i@outlook.com,+91*********12,6686e33c150fdfd8,2019
P1252,Passenger_0006,M,<18,a************l@rediffmail.com,+91*********51,56344c98d89eeb17,2010
P1252,Passenger_0006,M,<18,a************l@outlook.com,+91*********26,4c0ba09e509a437b,2010
P1253,Passenger_0494,M,45-59,a***********a@gmail.com,+91*********44,2d65890127dbc0ea,1966
P1254,Passenger_0196,F,<18,m***********n@yahoo.com,+91*********08,e5e964ae0255b61e,2024
P1255,Passenger_0095,M,<18,a****************1@yahoo.com,+91*********15,b6d611a6bf7ed1c9,2025
P1256,Passenger_0607,F,45-59,k***********a@yahoo.com,+91*********16,99c98a3b785e6ed8,1978
P1257,Passenger_0602,M,<18,i**************3@hotmail.com,+91*********77,0cda66537e5e9f25,2014
P1258,Passenger_0731,M,60+,d*********i@hotmail.com,+91*********17,855e7cd8ce66c84d,1957
P1259,Passenger_0946,M,30-44,r*************1@hotmail.com,+91*********80,3fc9cab2d510c4f2,1989
P1260,Passenger_0054,M,30-44,a***********a@outlook.com,+91*********67,d81a603b2c70c0aa,1994
P1261,Passenger_0626,F,<18,s*********r@yahoo.com,+91*********47,f975755f0b80f68e,2017
P1262,Passenger_0586,F,18-29,v**********h@rediffmail.com,+91*********19,89fc3c3789f9c3f9,2007
P1263,Passenger_0421,F,45-59,r*******1@gmail.com,+91*********43,2334f31fa1478de6,1978
P1264,Passenger_0721,M,60+,a*********h@yahoo.com,+91*********90,c9d165f37ba6dd1c,1946
P1265,Passenger_0406,F,<18,a********r@rediffmail.com,+91*********85,8dc0ac2703a06610,2023
P1266,Passenger_0244,F,18-29,a*************i@yahoo.com,+91*********54,5213fa189a1fe86f,2006
P1267,Passenger_0405,F,18-29,s*********n@yahoo.com,+91*********25,88b8d36102a945d2,2002
P1268,Passenger_0032,M,45-59,k**************i@hotmail.com,+91*********69,6dbe009f98604902,1972
P1269,Passenger_0257,M,30-44,a*********a@hotmail.com,+91*********68,6b57d9ec4fbf9a3c,1993
P1270,Passenger_0614,M,18-29,r**********r@gmail.com,+91*********75,622f950d3654b4a9,2002
P1271,Passenger_0764,F,60+,m*************i@gmail.com,+91*********13,2a3cfd40ad7d0c5f,1951
P1272,Passenger_0084,F,60+,s************e@hotmail.com,+91*********50,828375c13bd865a5,1954
P1273,Passenger_0609,F,30-44,k************e@outlook.com,+91*********45,af134d36b77e8aef,1990
P1274,Passenger_0490,M,30-44,s********h@outlook.com,+91*********88,b9f820affe00e2db,1988
P1275,Passenger_0539,M,60+,a*********1@hotmail.com,+91*********27,23e959954c2f63fd,1942
P1276,Passenger_0852,F,60+,k**********a@yahoo.com,+91*********27,ce0834d64a87e219,1937
P1277,Passenger_0373,M,18-29,s********a@yahoo.com,+91*********90,ebb44130bf6c41c4,2001
P1278,Passenger_0719,M,<18,a**********u@hotmail.com,+91*********71,6d224a7164c7f9aa,2008
P1279,Passenger_0526,M,60+,i*******y@gmail.com,+91*********43,81590ff7798f9c79,1944
P1280,Passenger_0051,M,60+,a***********1@outlook.com,+91*********09,7220c5473770492c,1960
P1281,Passenger_0258,F,45-59,k***********i@yahoo.com,+91*********70,6349ffe9945535b7,1972
P1282,Passenger_0811,M,30-44,k**************e@outlook.com,+91*********43,399e06c653080734,1991
P1283,Passenger_0156,M,60+,s*********a@rediffmail.com,+91*********82,928e5da49715b79c,1946
P1284,Passenger_0321,M,60+,v***********a@outlook.com,+91*********10,453c006b3fd86d72,1965
P1285,Passenger_0182,M,30-44,r**********l@yahoo.com,+91*********54,19f6b98adae586d0,1985
P1286,Passenger_0320,F,30-44,a***********a@yahoo.com,+91*********34,43091f5166cd862d,1993
P1287,Passenger_0777,F,60+,i**************2@hotmail.com,+91*********06,991cb8b238b08344,1958
P1288,Passenger_0356,M,30-44,r*******n@yahoo.com,+91*********50,dd23f9f847b2c9c1,1993
P1289,Passenger_0104,M,<18,r************1@yahoo.com,+91*********79,6b462318d8209fd0,2012
P1290,Passenger_0600,M,18-29,a***********a@hotmail.com,+91*********60,8b2a78e52cd1c93c,2005
P1291,Passenger_0450,M,45-59,a*********a@gmail.com,+91*********39,367d93aeb417b990,1978
P1292,Passenger_0489,M,18-29,m********h@hotmail.com,+91*********75,935067c06be3c712,2006
P1293,Passenger_0883,M,<18,a**********y@hotmail.com,+91*********97,dd2037e5097c1154,2018
P1294,Passenger_0430,F,<18,i*******u@gmail.com,+91*********91,9c6ae4ac4ec3a970,2019
P1295,Passenger_0806,M,60+,m**************l@rediffmail.com,+91*********29,226df68f248d48e8,1959
P1296,Passenger_0055,F,<18,a*********i@hotmail.com,+91*********21,c905c005ddb38833,2009
P1297,Passenger_0446,F,30-44,a********n@hotmail.com,+91*********70,5dab51cf50ed4d3e,1993
P1298,Passenger_0027,M,45-59,a*************i@hotmail.com,+91*********52,11099eff4388d9f2,1978
P1299,Passenger_0772,F,60+,a***********a@hotmail.com,+91*********35,04686868b50cbcd7,1950
P1300,Passenger_0882,F,45-59,v************l@rediffmail.com,+91*********75,7db293385dfc5a4e,1967
P1301,Passenger_0868,F,60+,r***********l@outlook.com,+91*********37,fa41288b93846c7f,1940
P1302,Passenger_0818,F,18-29,a************i@outlook.com,+91*********12,fc03c2f23035a055,2004
P1303,Passenger_0799,F,18-29,i******r@rediffmail.com,+91*********31,b20c25eaf3d530a2,1996
P1304,Passenger_0099,F,30-44,m*******n@rediffmail.com,+91*********64,2daae2196a5707ce,1988
P1305,Passenger_0103,M,45-59,s**************i@rediffmail.com,+91*********59,5a822655c61d1914,1975
P1306,Passenger_0710,F,45-59,s***********a@rediffmail.com,+91*********17,c4cf535d2a358705,1972
P1307,Passenger_0909,F,<18,a*********r@rediffmail.com,+91*********78,afa435848d7449f9,2018
P1308,Passenger_0227,F,18-29,s********a@hotmail.com,+91*********90,9d19a48d32d4d35a,1999
P1309,Passenger_0112,M,18-29,a************l@outlook.com,+91*********26,100c616548e38e66,1999
P1310,Passenger_0062,F,18-29,a**********1@rediffmail.com,+91*********38,e2a422e74686347f,2005
P1311,Passenger_0782,M,18-29,a*********i@outlook.com,+91*********00,9358a50de50c90ba,1996
P1312,Passenger_0560,F,18-29,s********a@gmail.com,+91*********80,76579a78f2aa0b5c,1998
P1313,Passenger_0718,M,60+,a*********1@rediffmail.com,+91*********72,4ae09537eba4fa6b,1962
P1314,Passenger_0794,M,60+,a**********1@yahoo.com,+91*********72,a23e5e7bea009a1d,1957
P1315,Passenger_0990,F,60+,k***********l@hotmail.com,+91*********84,9c9048b0bde4b2b5,1965
P1316,Passenger_0463,F,45-59,a*********n@gmail.com,+91*********34,45c2b286b2854caa,1978
P1317,Passenger_0113,M,18-29,a***************e@gmail.com,+91*********46,22c9cd96d4413400,2007
P1318,Passenger_0463,F,<18,s***********h@hotmail.com,+91*********40,1d372bcd255edfdf,2022
P1319,Passenger_0556,M,30-44,k**************e@hotmail.com,+91*********82,c52f68aaccc8c617,1991
P1320,Passenger_0276,M,60+,a*********a@yahoo.com,+91*********87,e5a21d483e04eb93,1962
P1321,Passenger_0557,M,45-59,a************i@outlook.com,+91*********33,dff54273807e495b,1977
P1322,Passenger_0827,M,<18,k***********1@yahoo.com,+91*********22,2f7d8db5e5ca9a04,2009
P1323,Passenger_0249,M,30-44,s***********a@outlook.com,+91*********72,ba7cd86b47f7c172,1982
P1324,Passenger_0991,F,18-29,s***********1@gmail.com,+91*********93,8e38ae43b2eb67e0,1996
P1325,Passenger_0696,M,45-59,a*************e@yahoo.com,+91*********04,5d55c756aeabae99,1980
P1326,Passenger_0518,M,<18,a************i@rediffmail.com,+91*********72,43a5f3b9a635d89f,2020
P1327,Passenger_0848,F,30-44,a**********2@yahoo.com,+91*********97,ebd4e0b958e9cf22,1989
P1328,Passenger_0502,M,18-29,a*********1@gmail.com,+91*********75,84f6194635a30b9e,2002
P1329,Passenger_0855,F,45-59,a**********a@gmail.com,+91*********51,414ab4da8a8a8056,1980
P1330,Passenger_0162,F,45-59,m**********l@outlook.com,+91*********37,361edeb47425565a,1973
P1331,Passenger_0805,F,45-59,a**********u@gmail.com,+91*********93,50224b36282dc5e4,1966
P1331,Passenger_0805,F,45-59,a**********u@yahoo.com,+91*********42,6a63b44b394dc5cd,1966
P1332,Passenger_0215,M,60+,k*********i@yahoo.com,+91*********93,bc83ac153f207269,1963
P1333,Passenger_0716,M,60+,k**********a@hotmail.com,+91*********26,df7e4b7c23935738,1941
P1334,Passenger_0398,M,30-44,m*******r@yahoo.com,+91*********71,ca88f964945f293d,1994
P1335,Passenger_0790,F,60+,a***********i@outlook.com,+91*********61,3d2a0878b1464859,1939
P1336,Passenger_0843,M,30-44,a********r@hotmail.com,+91*********32,04210ff970abc8aa,1993
P1337,Passenger_0041,F,60+,v***************e@hotmail.com,+91*********93,fe497e14ecf725ba,1959
P1338,Passenger_0710,M,<18,a*********u@rediffmail.com,+91*********09,2c47d5d58b0d354d,2008
P1339,Passenger_0199,F,18-29,s***********a@gmail.com,+91*********81,96ee72d7617d97e7,2001
P1340,Passenger_0102,M,45-59,a**************e@hotmail.com,+91*********53,d928103781956dbe,1972
P1341,Passenger_0566,M,45-59,r******s@hotmail.com,+91*********98,1508390bb12817ed,1968
P1342,Passenger_0612,M,60+,r***********1@gmail.com,+91*********29,f682997c8ad28d7e,1959
P1343,Passenger_0557,F,45-59,i*****s@hotmail.com,+91*********34,9b76cf07bc03c289,1980
P1344,Passenger_0142,F,18-29,a*********y@gmail.com,+91*********49,e38751c22e78da07,2002
P1345,Passenger_0722,M,30-44,a********1@yahoo.com,+91*********20,7d3496902b17a355,1994
P1346,Passenger_0202,M,45-59,a**********a@hotmail.com,+91*********68,200f97628efca3b8,1979
P1347,Passenger_0760,F,60+,a*********n@rediffmail.com,+91*********87,756661335ca868b5,1940
P1348,Passenger_0706,F,18-29,s***********u@yahoo.com,+91*********36,fcd93bd33a4e4ea7,2003
P1349,Passenger_0875,F,60+,m*******r@hotmail.com,+91*********17,f38dd6a2850bffa0,1960
P1350,Passenger_0287,M,18-29,d********a@rediffmail.com,+91*********43,8f6ad1a9a2f48416,1999
P1351,Passenger_0221,F,<18,a********n@hotmail.com,+91*********75,5e26eb97a5972bf6,2024
P1352,Passenger_0366,M,<18,s*******a@yahoo.com,+91*********48,408e65abc5ed39f9,2009
P1353,Passenger_0447,F,30-44,i**************1@outlook.com,+91*********30,088b85ad5613180c,1993
P1354,Passenger_0758,M,<18,i********1@gmail.com,+91*********05,913356e009702d54,2017
P1355,Passenger_0859,F,30-44,i*********r@rediffmail.com,+91*********64,a68db6562d562938,1983
P1356,Passenger_0840,F,45-59,a**********y@gmail.com,+91*********97,f7048b9c4ed011d6,1978
P1357,Passenger_0731,F,30-44,a**********a@outlook.com,+91*********30,f6f3158d4d12b08a,1987
P1358,Passenger_0451,F,30-44,i*************e@rediffmail.com,+91*********47,6d3fe7d198fba789,1984
P1359,Passenger_0822,F,18-29,a**************e@yahoo.com,+91*********18,e12131c75ecf2ffa,2000
P1360,Passenger_0100,M,45-59,d********a@hotmail.com,+91*********88,03c0604deb9d6012,1976
P1361,Passenger_0321,F,18-29,a*********l@yahoo.com,+91*********05,cba3ac50d1608f4b,2001
P1362,Passenger_0338,F,18-29,a**********h@outlook.com,+91*********67,09a2af81d1ed48c9,2002
P1363,Passenger_0148,F,<18,s*******r@yahoo.com,+91*********41,6bc6a8c28d1414cb,2013
P1364,Passenger_0788,M,45-59,a**********1@hotmail.com,+91*********14,ee001844bc1daec8,1966
P1365,Passenger_0328,F,<18,a*******s@rediffmail.com,+91*********09,57ddfdb9c238558b,2019
P1366,Passenger_0491,M,45-59,m********a@gmail.com,+91*********73,697b9151244c00e0,1969
P1367,Passenger_0930,F,30-44,r*********s@outlook.com,+91*********27,d87ba26bd574b8e3,1990
P1368,Passenger_0615,F,30-44,m*********i@rediffmail.com,+91*********56,95834a10a72dc8c4,1981
P1369,Passenger_0142,M,18-29,m********i@yahoo.com,+91*********33,dd43a2c8d6f6d393,2006
P1370,Passenger_0669,F,60+,m*******r@outlook.com,+91*********13,5457cb7ccc5c856c,1961
P1371,Passenger_0868,M,<18,d********i@rediffmail.com,+91*********58,6b2dda39fb58fb95,2018
P1372,Passenger_0122,M,<18,a********r@yahoo.com,+91*********74,425062e79f645d6c,2010
P1373,Passenger_0890,F,<18,s********l@outlook.com,+91*********47,81d0e8cf9360edb2,2012
P1374,Passenger_0023,M,60+,a***********1@outlook.com,+91*********68,5194da1081406c53,1950
P1375,Passenger_0380,F,60+,k*************1@yahoo.com,+91*********09,c6d8baa2be5f532e,1939
P1376,Passenger_0797,F,<18,k**********r@rediffmail.com,+91*********01,d4478d293cdc57a5,2011
P1377,Passenger_0892,M,60+,s**********r@rediffmail.com,+91*********79,b807de2b08f56cfc,1960
P1378,Passenger_0153,M,30-44,a**********1@rediffmail.com,+91*********47,7e1585e832adf6af,1994
P1379,Passenger_0070,M,60+,k**********a@gmail.com,+91*********67,68c5a5506b28fcf1,1939
P1380,Passenger_0660,M,60+,r**********n@gmail.com,+91*********03,abc2554c651f49f4,1963
P1381,Passenger_0589,F,60+,v**********a@rediffmail.com,+91*********84,4f284ed88c7ac174,1940
P1382,Passenger_0779,F,45-59,a********r@gmail.com,+91*********61,527874983a59ddd4,1975
P1383,Passenger_0002,M,18-29,a********r@outlook.com,+91*********31,6806ed4114c92b1d,2001
P1384,Passenger_0855,F,45-59,k********n@gmail.com,+91*********39,8b838d166fa46411,1968
P1385,Passenger_0949,F,60+,r*********s@hotmail.com,+91*********00,7e024988a4d6b50a,1963
P1386,Passenger_0299,F,60+,r********a@gmail.com,+91*********01,bc2d7a20e149b065,1964
P1387,Passenger_0993,F,18-29,a**********a@hotmail.com,+91*********85,6042ebe73951da50,2004
P1388,Passenger_0077,M,45-59,r**********1@outlook.com,+91*********69,75d8cd8cb2c7b36b,1968
P1389,Passenger_0210,M,45-59,m******************1@hotmail.com,+91*********07,6f512eff912d5e5a,1968
P1390,Passenger_0681,F,60+,a*********a@hotmail.com,+91*********05,67ea7bd8b91a6ddc,1940
P1391,Passenger_0199,M,45-59,a************1@gmail.com,+91*********31,ee26c0c5c69c2ff4,1977
P1392,Passenger_0206,M,45-59,r*******r@outlook.com,+91*********07,a1fbf45e852d7acb,1974
P1393,Passenger_0603,M,30-44,i**********y@gmail.com,+91*********78,0f3fc4f2ca22625e,1984
P1394,Passenger_0235,F,60+,s******s@outlook.com,+91*********58,e6c3999b0bf7147e,1956
P1395,Passenger_0105,F,<18,r*******r@rediffmail.com,+91*********82,4f32eb7bae4c9807,2011
P1396,Passenger_0902,F,45-59,v***********a@gmail.com,+91*********47,0d68ecd4e646e75b,1972
P1397,Passenger_0658,M,45-59,i**********l@gmail.com,+91*********05,15c775c808ec8267,1966
P1398,Passenger_0829,F,<18,k**********n@hotmail.com,+91*********14,734906a78068b6ef,2018
P1399,Passenger_0446,F,45-59,a*********1@gmail.com,+91*********85,1b17f8aa696d133a,1973
P1400,Passenger_0942,M,45-59,s**************1@rediffmail.com,+91*********41,39a6baa761a98239,1966
P1401,Passenger_0636,F,<18,s*******a@outlook.com,+91*********02,f06aa907e4b8a1f0,2021
P1402,Passenger_0330,F,60+,r*******n@outlook.com,+91*********75,8c2fb15914e3466d,1958
P1403,Passenger_0657,M,<18,m*********1@hotmail.com,+91*********66,190fde5af21c8960,2020
P1404,Passenger_0368,M,45-59,m***************i@rediffmail.com,+91*********85,6f8b3571d9c06c51,1979
P1405,Passenger_0923,M,45-59,a**********y@rediffmail.com,+91*********00,4fc3d470c462de4a,1971
P1406,Passenger_0589,F,30-44,k*********a@hotmail.com,+91*********16,21eee320d5f576d3,1986
P1407,Passenger_0438,F,45-59,s**************i@yahoo.com,+91*********62,a4f42824c9b2fa20,1974
P1408,Passenger_0253,F,<18,d*********a@gmail.com,+91*********77,ac670e617038ff2f,2010
P1408,Passenger_0253,F,<18,d**********1@gmail.com,+91*********62,96e7a4a83ac1e639,2010
P1408,Passenger_0253,F,<18,d*********a@yahoo.com,+91*********47,27184d44485a7fd8,2010
P1409,Passenger_0389,M,<18,a**********h@hotmail.com,+91*********69,e7501d0875abf572,2013
P1410,Passenger_0009,M,18-29,s********i@yahoo.com,+91*********57,f1ec5c75750c309d,1996
P1411,Passenger_0847,F,18-29,v**********a@yahoo.com,+91*********92,fdc83034b2896804,2007
P1412,Passenger_0622,F,<18,r*******r@gmail.com,+91*********83,94d923a723ebfabf,2009
P1413,Passenger_0452,M,60+,s************1@outlook.com,+91*********38,090b2d87d12c850c,1963
P1413,Passenger_0452,M,60+,s***********a@rediffmail.com,+91*********74,29d0ba3effddfcb3,1963
P1414,Passenger_0174,M,18-29,m************h@hotmail.com,+91*********20,909ad57d5c4c14db,2007
P1415,Passenger_0213,M,45-59,a*************e@hotmail.com,+91*********05,85ed7fcf7e1371cf,1968
P1416,Passenger_0504,M,45-59,r**********r@hotmail.com,+91*********49,14fb349e8b26ab34,1971
P1417,Passenger_0444,F,60+,r****************e@gmail.com,+91*********67,858e59882d15f23b,1964
P1418,Passenger_0841,M,18-29,d*******n@outlook.com,+91*********44,afc9ff80ad3cd42d,2003
P1419,Passenger_0647,F,<18,k***********1@rediffmail.com,+91*********66,bc3329937bc9c5e4,2017
P1420,Passenger_0861,F,<18,d*********i@outlook.com,+91*********20,539f3bcbbf7a56b2,2014
P1421,Passenger_0549,F,<18,i*******u@yahoo.com,+91*********73,28bb58f0ffa8b124,2025
P1422,Passenger_0593,M,45-59,s***********a@rediffmail.com,+91*********40,8674a0aff2d7f956,1968
P1423,Passenger_0439,M,<18,a**********a@rediffmail.com,+91*********08,e6202a9353ec050d,2025
P1424,Passenger_0263,M,30-44,a*********r@hotmail.com,+91*********30,d440178f6d4d838b,1992
P1425,Passenger_0800,M,45-59,a*********a@outlook.com,+91*********01,364cc9284c15e18c,1978
P1426,Passenger_0536,F,60+,s**********r@gmail.com,+91*********79,103bb139d8609d81,1937
P1427,Passenger_0693,M,<18,i**********e@outlook.com,+91*********75,c1bc7954271c3458,2025
P1428,Passenger_0380,M,<18,i***********a@outlook.com,+91*********37,8e03ab739474bc37,2010
P1429,Passenger_0478,F,60+,a***********i@hotmail.com,+91*********83,a8678b1f10418633,1965
P1430,Passenger_0055,M,60+,a***********1@yahoo.com,+91*********02,462c768ef7052432,1962
P1431,Passenger_0087,F,60+,i**********l@rediffmail.com,+91*********64,55c8b9105a7bdc0e,1963
P1432,Passenger_0334,F,60+,s************e@outlook.com,+91*********07,7cd73111b2d4855e,1957
P1433,Passenger_0293,F,18-29,r***********u@rediffmail.com,+91*********79,e84c4e777d24ccf2,2004
P1434,Passenger_0527,F,60+,k*********y@rediffmail.com,+91*********36,8998b89f2d061eb0,1959
P1435,Passenger_0995,F,60+,a************1@hotmail.com,+91*********54,1ffff2df83c718e6,1950
P1436,Passenger_0702,F,18-29,m********y@yahoo.com,+91*********91,87994bc0cdbf7ab6,2000
P1437,Passenger_0455,F,<18,k***********i@hotmail.com,+91*********34,d176cebec3ccfcd4,2010
P1438,Passenger_0555,F,45-59,r**************e@outlook.com,+91*********27,0021a0aeff717a06,1975
P1439,Passenger_0268,M,60+,a*********n@outlook.com,+91*********86,3e8a2af96b41ab51,1940
P1440,Passenger_0127,M,45-59,r*****************1@yahoo.com,+91*********07,1a34bf6b20065cac,1969
P1441,Passenger_0315,M,18-29,a********n@yahoo.com,+91*********82,c1c1e3a03b919e43,1997
P1442,Passenger_0313,M,60+,a*********r@yahoo.com,+91*********48,5150c7fee6b058ee,1948
P1443,Passenger_0194,F,60+,s********1@hotmail.com,+91*********35,a12d752eb547ad1b,1957
P1444,Passenger_0496,M,45-59,s*******a@outlook.com,+91*********48,d2abdc80008b73b8,1979
P1445,Passenger_0404,F,60+,d*********1@hotmail.com,+91*********78,bd27f3b24487214f,1964
P1446,Passenger_0212,M,60+,i***********i@gmail.com,+91*********62,f4d7dc8484c5c2b8,1957
P1447,Passenger_0773,M,60+,a***********a@rediffmail.com,+91*********57,8b215d11c71adf24,1950
P1448,Passenger_0894,M,<18,d*********1@rediffmail.com,+91*********62,bda7798fc4f38b38,2010
P1449,Passenger_0069,F,45-59,d*********a@gmail.com,+91*********47,21182db335372d2c,1978
P1450,Passenger_0121,M,60+,r*******n@rediffmail.com,+91*********78,86d30564be1ab699,1941
P1451,Passenger_0264,F,30-44,a********r@gmail.com,+91*********06,fce8dfdeaae5e304,1987
P1452,Passenger_0056,F,30-44,a***********1@yahoo.com,+91*********21,13bf15968a64a605,1993
P1453,Passenger_0379,M,18-29,d*******r@hotmail.com,+91*********73,02d51b7f2ea90245,2003
P1454,Passenger_0321,M,<18,v**********h@outlook.com,+91*********11,713a297f050667df,2016
P1455,Passenger_0927,M,60+,i******r@yahoo.com,+91*********55,bd356bee5137e646,1957
P1456,Passenger_0500,F,30-44,a*********a@outlook.com,+91*********70,52a5243dc0caf88f,1992
P1457,Passenger_0818,M,45-59,a**********a@outlook.com,+91*********98,fdb8116d1be2fd77,1974
P1458,Passenger_0700,F,<18,v*********n@outlook.com,+91*********21,e686c4aad602f47b,2016
P1459,Passenger_0148,F,18-29,k************1@yahoo.com,+91*********73,edfcf96f067b4451,2007
P1460,Passenger_0253,M,45-59,k***********1@gmail.com,+91*********55,56cb3b3c4b19ca25,1968
P1461,Passenger_0116,M,<18,r************1@yahoo.com,+91*********60,d34be3b4dfd02bb3,2025
P1462,Passenger_0984,F,60+,r**************i@hotmail.com,+91*********63,d3d172eb8c6c288d,1957
P1463,Passenger_0660,F,<18,v**********a@outlook.com,+91*********80,1aecae2bab3fbe05,2022
P1464,Passenger_0321,F,<18,s******r@hotmail.com,+91*********38,36055c04ae9eec41,2010
P1465,Passenger_0008,M,18-29,v***************e@yahoo.com,+91*********40,94c599a3bbe5215f,2002
P1466,Passenger_0200,F,60+,a**********y@gmail.com,+91*********48,1ef71d9a0f865285,1946
P1467,Passenger_0133,M,<18,i***********a@yahoo.com,+91*********88,584a5c849646b660,2024
P1468,Passenger_0302,F,30-44,m************u@outlook.com,+91*********16,5e2e694ee4719b08,1994
P1469,Passenger_0344,F,60+,a***********1@outlook.com,+91*********77,34d83cbef5e5f324,1942
P1469,Passenger_0344,F,60+,a**********y@gmail.com,+91*********13,7ad5d05444f76204,1942
P1470,Passenger_0308,M,18-29,m************1@rediffmail.com,+91*********72,5658611fbb35ab1c,2002
P1471,Passenger_0865,F,<18,a*********1@gmail.com,+91*********16,7e210206e411ce44,2014
P1472,Passenger_0371,M,45-59,a**********h@yahoo.com,+91*********77,ce3a01081382a186,1976
P1473,Passenger_0103,M,30-44,v**********h@rediffmail.com,+91*********07,d94f1253c9cec609,1991
P1474,Passenger_0117,F,30-44,s*************1@hotmail.com,+91*********87,b217c05dce086181,1993
P1475,Passenger_0334,M,30-44,s*************e@yahoo.com,+91*********43,dcc243ec2cfc0fd9,1993
P1476,Passenger_0412,M,60+,v**********a@yahoo.com,+91*********14,84fcfb01ceb49755,1965
P1477,Passenger_0163,F,45-59,k**********a@rediffmail.com,+91*********42,467634d29e1a6a3e,1975
P1478,Passenger_0639,M,30-44,m***********i@hotmail.com,+91*********15,26adfe4cfa1a9db1,1983
P1479,Passenger_0691,M,<18,s************i@hotmail.com,+91*********44,b2d8059995290f3e,2014
P1480,Passenger_0581,M,60+,d********h@outlook.com,+91*********50,2699f6b9e3aeb9c7,1959
P1481,Passenger_0364,F,60+,i*******1@rediffmail.com,+91*********61,95c7558827d684c6,1961
P1482,Passenger_0425,M,30-44,s**********h@outlook.com,+91*********43,5c75284d93ced48c,1993
P1483,Passenger_0669,F,30-44,a********1@hotmail.com,+91*********37,f70cc1d2856cb3d9,1986
P1484,Passenger_0005,F,60+,k**********a@gmail.com,+91*********78,2ba4ea98ccf8a9da,1952
P1485,Passenger_0209,M,30-44,s******r@hotmail.com,+91*********27,56dd5195e639bdaa,1983
P1486,Passenger_0255,M,30-44,v**********h@yahoo.com,+91*********97,997b3990d2490976,1982
P1487,Passenger_0767,M,18-29,i***********1@outlook.com,+91*********35,ff1e441533fe6e15,1997
P1488,Passenger_0385,F,<18,a**********a@rediffmail.com,+91*********17,1b4c8ece7830c5e6,2013
P1489,Passenger_0753,M,<18,i**********a@hotmail.com,+91*********94,bf7203691a2db69c,2014
P1490,Passenger_0124,M,45-59,i**********a@hotmail.com,+91*********85,8e0381d3090d132f,1980
P1491,Passenger_0224,M,<18,s**********n@hotmail.com,+91*********96,d95cd20b5d527dd0,2024
P1492,Passenger_0085,M,30-44,m***********1@outlook.com,+91*********32,b472abc831dd2434,1991
P1493,Passenger_0779,M,60+,s************i@yahoo.com,+91*********79,ca1f48483e5c0c44,1939
P1494,Passenger_0303,F,60+,k****************e@gmail.com,+91*********40,4b9d37b10fcbaed8,1945
P1495,Passenger_0679,F,<18,a********r@rediffmail.com,+91*********07,428c09f7e9875541,2018
P1496,Passenger_0284,M,18-29,s************1@outlook.com,+91*********12,26adc687632e84f5,2000
P1497,Passenger_0223,M,60+,i**********u@hotmail.com,+91*********37,f36f3b7fcce0b2d7,1952
P1498,Passenger_0854,M,30-44,r*********1@outlook.com,+91*********28,6c122f96ff066d0b,1992
P1499,Passenger_0187,M,<18,m********a@hotmail.com,+91*********36,83f0ddccf92a59e1,2019
P1500,Passenger_0400,F,60+,a***********a@yahoo.com,+91*********50,cbf05f7eec20e3f3,1958
P1501,Passenger_0139,M,45-59,s*******i@hotmail.com,+91*********92,760e7487d55ff81f,1968
P1502,Passenger_0647,F,60+,v***********i@gmail.com,+91*********42,ce501c105a0af1bf,1951
P1503,Passenger_0923,F,18-29,r********a@gmail.com,+91*********19,78c026195a426e36,1997
P1504,Passenger_0619,M,30-44,r********h@yahoo.com,+91*********87,dc329e48c46ec282,1990
P1505,Passenger_0015,F,60+,m********a@yahoo.com,+91*********62,0f9dacfd5542a237,1937
P1506,Passenger_0834,F,18-29,d********h@gmail.com,+91*********15,7c908217f1f8e77f,2005
P1507,Passenger_0593,F,30-44,a**********1@rediffmail.com,+91*********32,2363092ebd3be278,1990
P1508,Passenger_0598,F,<18,s***********y@rediffmail.com,+91*********78,46bba083ebaf5b5b,2016
P1509,Passenger_0554,M,60+,a*************e@hotmail.com,+91*********24,f629b4a820a4d096,1953
P1510,Passenger_0120,M,18-29,d*************e@outlook.com,+91*********87,fb9d06adb18b4ad2,2002
P1511,Passenger_0645,F,60+,i**********i@hotmail.com,+91*********36,e2679408613d5ec3,1962
P1512,Passenger_0495,M,45-59,r***********2@gmail.com,+91*********82,2718141f27c7f07c,1977
P1513,Passenger_0408,M,30-44,m************2@rediffmail.com,+91*********61,0634a9616de5ebce,1990
P1514,Passenger_0581,M,60+,a*************i@hotmail.com,+91*********42,469f77e4580be838,1944
P1515,Passenger_0213,M,18-29,i**********1@outlook.com,+91*********67,6a028f5250c5b490,2002
P1516,Passenger_0355,M,18-29,r***************1@outlook.com,+91*********31,26736da1199c600d,2003
P1517,Passenger_0426,F,60+,a**********1@outlook.com,+91*********91,9912b9c54c92c3a3,1964
P1518,Passenger_0244,M,30-44,i**********i@yahoo.com,+91*********01,77858cb28722df02,1989
P1519,Passenger_0901,M,<18,a**********a@hotmail.com,+91*********41,a0630c74bd795fd4,2014
P1520,Passenger_0897,M,45-59,i******n@hotmail.com,+91*********36,d4336ab2425f4d9c,1971
P1521,Passenger_0695,M,<18,k***********a@hotmail.com,+91*********68,06f632d160d7324d,2013
P1522,Passenger_0269,F,18-29,r***********h@yahoo.com,+91*********64,0530f34fd214b75e,2003
P1523,Passenger_0957,F,60+,k***********a@gmail.com,+91*********60,e006983e32e81a94,1937
P1524,Passenger_0800,F,18-29,k************e@rediffmail.com,+91*********01,40142a385fffafec,1996
P1525,Passenger_0459,F,<18,k**********1@rediffmail.com,+91*********73,db9d543cf190cf4d,2009
P1526,Passenger_0406,M,60+,s**********h@rediffmail.com,+91*********99,ceabb603d2e6e5b3,1964
P1527,Passenger_0900,F,60+,a**********a@yahoo.com,+91*********73,b2f460c84d8e7d94,1942
P1528,Passenger_0754,M,60+,d*********a@rediffmail.com,+91*********87,5790f43a78ba851d,1937
P1529,Passenger_0258,M,60+,k*********h@yahoo.com,+91*********64,f938e7dd245921f0,1940
P1530,Passenger_0781,M,<18,r********l@yahoo.com,+91*********79,e00fa4fbea835580,2013
P1531,Passenger_0783,M,45-59,r************a@yahoo.com,+91*********17,15e3ad57b8b44c1a,1967
P1532,Passenger_0077,M,18-29,d***********e@yahoo.com,+91*********05,1ba06ad2e9f6928b,2007
P1533,Passenger_0335,F,45-59,a***********2@outlook.com,+91*********04,be0cd10a20e690b5,1977
P1534,Passenger_0245,F,<18,a***********i@hotmail.com,+91*********01,e11e1540ef90ae62,2014
P1535,Passenger_0923,F,60+,a**********i@gmail.com,+91*********63,77b5b8604c89f15a,1965
P1536,Passenger_0842,F,18-29,r*******r@gmail.com,+91*********23,113283b845530bdd,2007
P1537,Passenger_0687,M,60+,r************1@gmail.com,+91*********56,0b834626c969402b,1950
P1538,Passenger_0369,F,<18,a***********1@rediffmail.com,+91*********34,5c65b3134e586b99,2017
P1539,Passenger_0231,M,60+,a********r@rediffmail.com,+91*********68,89d4055d9b7906a2,1955
P1540,Passenger_0460,F,18-29,k********n@hotmail.com,+91*********29,f451c6bad83c1556,1998
P1541,Passenger_0835,M,60+,s***********1@gmail.com,+91*********67,037365d5699a82ed,1948
P1542,Passenger_0255,M,45-59,s**********i@outlook.com,+91*********10,24d5dd388f717456,1974
P1542,Passenger_0255,M,45-59,s**********i@gmail.com,+91*********97,c07ba4d489541b97,1974
P1543,Passenger_0685,F,60+,s***********2@gmail.com,+91*********71,95662bfefb5e4681,1943
P1544,Passenger_0420,M,<18,v**********u@gmail.com,+91*********58,3f3725f7987261ae,2010
P1545,Passenger_0201,M,60+,s**********y@yahoo.com,+91*********02,a6d79aa2346f685f,1957
P1546,Passenger_0764,F,<18,a*************i@yahoo.com,+91*********42,7aeb2b3127a3f6f2,2014
P1547,Passenger_0021,M,18-29,a*********2@gmail.com,+91*********19,6f87b84d12afca6d,2001
P1548,Passenger_0295,F,45-59,s*********r@hotmail.com,+91*********39,b4c7fa23e5468366,1974
P1549,Passenger_0430,F,60+,v*************e@gmail.com,+91*********14,43dee17c93eb2101,1941
P1550,Passenger_0364,F,45-59,i*********l@hotmail.com,+91*********66,2550330b252e8478,1973
P1551,Passenger_0141,M,18-29,a***********l@outlook.com,+91*********86,c33e4e4017f6e252,2003
P1552,Passenger_0313,M,<18,a**********l@rediffmail.com,+91*********48,9d666174376072fb,2010
P1553,Passenger_0464,M,45-59,a********n@outlook.com,+91*********01,2c0728cab2da27ea,1969
P1554,Passenger_0539,F,30-44,d**********1@yahoo.com,+91*********47,b9fa877fcfe98e2c,1987
P1555,Passenger_0584,M,45-59,s**********i@hotmail.com,+91*********27,8c452534677b3774,1973
P1556,Passenger_0210,F,30-44,m********h@rediffmail.com,+91*********43,d5e71e2b0f8b76c4,1984
P1557,Passenger_0842,F,45-59,a************i@yahoo.com,+91*********55,525be2b042aae641,1968
P1558,Passenger_0207,M,30-44,d********i@gmail.com,+91*********10,2db619250183a9a2,1987
P1559,Passenger_0694,F,<18,a*********n@gmail.com,+91*********82,e9c5bb2dbd22ab16,2012
P1560,Passenger_0042,M,<18,m*************1@rediffmail.com,+91*********69,5509b86a3a15cc94,2021
P1561,Passenger_0636,M,30-44,a*********r@gmail.com,+91*********47,cd1b02803d96e751,1991
P1562,Passenger_0192,M,60+,d***********i@hotmail.com,+91*********40,34db21d330c58f54,1939
P1563,Passenger_0678,M,60+,a***********1@rediffmail.com,+91*********36,1fffea378c199739,1951
P1564,Passenger_0572,M,<18,s***************e@rediffmail.com,+91*********88,d6d2e1b0fc00e2d5,2008
P1565,Passenger_0797,F,60+,v**********u@hotmail.com,+91*********44,9d99df8c5625e980,1950
P1566,Passenger_0922,F,<18,v***********1@rediffmail.com,+91*********57,f9d5c906327168b1,2017
P1567,Passenger_0393,F,60+,s********a@hotmail.com,+91*********39,aa59b120b55eeb43,1952
P1568,Passenger_0361,M,45-59,s**********r@rediffmail.com,+91*********81,0cbf63706b385c2a,1968
P1569,Passenger_0788,M,<18,m***********r@hotmail.com,+91*********99,7f6c55884c861b18,2009
P1570,Passenger_0352,M,<18,a**********y@rediffmail.com,+91*********40,f96624c8f7c5f07d,2019
P1571,Passenger_0138,F,45-59,d********i@yahoo.com,+91*********93,dd384bc421064075,1980
P1572,Passenger_0659,M,<18,s************1@yahoo.com,+91*********89,3f52b7d9b7938547,2013
P1573,Passenger_0947,F,30-44,i**********h@hotmail.com,+91*********77,1e3d9f2e0ada9fcc,1986
P1574,Passenger_0668,F,30-44,s************1@rediffmail.com,+91*********42,b9054eeee60d0445,1984
P1575,Passenger_0656,M,<18,a***********a@gmail.com,+91*********80,ef71da133f06294e,2017
P1576,Passenger_0617,M,45-59,i********2@gmail.com,+91*********45,04fb6e725659192e,1976
P1577,Passenger_0267,F,18-29,s************1@outlook.com,+91*********89,e93af03a077470a0,1999
P1578,Passenger_0527,M,60+,s***********h@yahoo.com,+91*********67,b1d53bf407660d11,1960
P1579,Passenger_0321,F,<18,k********r@rediffmail.com,+91*********93,0fb10ac023f75c9c,2021
P1580,Passenger_0804,M,18-29,k***********2@rediffmail.com,+91*********57,29396fd99dcf8063,1997
P1581,Passenger_0520,M,30-44,s************a@outlook.com,+91*********85,3b37125ffdd2594b,1989
P1582,Passenger_0043,F,30-44,k**********i@outlook.com,+91*********96,8414f2561e7208b4,1988
P1583,Passenger_0578,M,60+,s**********1@yahoo.com,+91*********36,01a63624bf9c3ada,1943
P1584,Passenger_0613,F,<18,a*********r@gmail.com,+91*********99,490af01f303709fd,2018
P1585,Passenger_0228,M,60+,s**********a@hotmail.com,+91*********07,59b74466b4707c78,1961
P1586,Passenger_0315,F,60+,a*************e@gmail.com,+91*********41,302acc9a38ba2da0,1940
P1587,Passenger_0873,F,<18,i********a@rediffmail.com,+91*********83,1508b98b0a26a9ce,2009
P1588,Passenger_0118,M,60+,s********h@yahoo.com,+91*********99,f5ec86e6266f6450,1955
P1589,Passenger_0143,F,60+,s***********y@outlook.com,+91*********30,e462d41590b5236c,1937
P1590,Passenger_0703,M,30-44,v***********1@hotmail.com,+91*********85,3cd947785a60bf79,1981
P1591,Passenger_0732,M,<18,k***********a@rediffmail.com,+91*********35,2184a6a7e6e6711e,2022
P1592,Passenger_0398,M,30-44,a**********y@yahoo.com,+91*********43,a7abcf7739c61ce1,1990
P1593,Passenger_0996,F,60+,m*******r@rediffmail.com,+91*********28,834d75e6698ee5b0,1956
P1594,Passenger_0083,F,30-44,d********l@hotmail.com,+91*********86,dbb81d9fc9dfe16b,1995
P1595,Passenger_0596,M,18-29,r************a@gmail.com,+91*********39,8ff522ccbae33715,2007
P1596,Passenger_0223,M,60+,v********s@outlook.com,+91*********15,a6dc85d3c2d7522c,1965
P1597,Passenger_0040,F,45-59,k***********l@gmail.com,+91*********26,2d0b5379471539f3,1972
P1598,Passenger_0628,M,30-44,a**********a@yahoo.com,+91*********97,d469f9896d79e350,1987
P1599,Passenger_0382,M,60+,i******r@outlook.com,+91*********35,7774f61a8cf2a2fd,1952
P1600,Passenger_0407,F,18-29,s**********l@rediffmail.com,+91*********11,da54dd891ffdebbb,2007
P1601,Passenger_0956,M,30-44,k***********u@yahoo.com,+91*********23,f1b3c302d6bdc4f7,1987
P1602,Passenger_0215,F,60+,k************a@hotmail.com,+91*********93,6f8e7b9365e9ab92,1959
P1603,Passenger_0535,M,30-44,a**********a@yahoo.com,+91*********55,bcbc37cbc65445f4,1981
P1604,Passenger_0476,F,<18,r*********a@gmail.com,+91*********29,2f93dca29ad27070,2013
P1605,Passenger_0579,M,45-59,a*************1@rediffmail.com,+91*********00,987ad4d5916e3d0a,1968
P1606,Passenger_0470,M,18-29,s*************e@hotmail.com,+91*********69,b5531071d362cda4,2006
P1607,Passenger_0089,F,60+,i********a@hotmail.com,+91*********27,ced80ea6a59e2c03,1954
P1608,Passenger_0680,M,60+,k***********a@yahoo.com,+91*********05,d0d68181e82cf550,1965
P1609,Passenger_0529,F,30-44,v************1@gmail.com,+91*********90,99b4d39927d50d44,1987
P1610,Passenger_0314,M,<18,d*********1@outlook.com,+91*********68,05ade7619c2c225f,2025
P1611,Passenger_0501,F,<18,s***********1@yahoo.com,+91*********89,c880b9e6fca8b83b,2023
P1612,Passenger_0543,F,60+,a***********i@rediffmail.com,+91*********85,9a64b3fa933cdbdf,1949
P1613,Passenger_0495,F,60+,a*********h@gmail.com,+91*********01,040991ba5a1a41e3,1964
P1614,Passenger_0915,F,60+,a*********y@yahoo.com,+91*********79,c6f259a32d759e1e,1963
P1615,Passenger_0588,M,18-29,k*********l@hotmail.com,+91*********65,ae4f9f73a5adb11c,2001
P1615,Passenger_0588,M,18-29,k**********1@hotmail.com,+91*********68,e1d2097b86676088,2001
P1616,Passenger_0053,M,45-59,a*************2@rediffmail.com,+91*********15,db6bfdf57b341ab4,1970
P1617,Passenger_0482,F,30-44,r***********h@gmail.com,+91*********04,31c35dc6ca07d6f8,1993
P1618,Passenger_0111,F,30-44,i***********a@rediffmail.com,+91*********75,dbb741d33c0e0704,1988
P1619,Passenger_0312,F,<18,a**************1@gmail.com,+91*********16,904746a6ff89fbe3,2020
P1620,Passenger_0284,M,45-59,s*************i@gmail.com,+91*********34,3ae2e92e9ec9e42b,1968
P1621,Passenger_0522,M,30-44,a*********h@hotmail.com,+91*********46,5b6a3901927e1af1,1982
P1622,Passenger_0446,M,30-44,r********1@yahoo.com,+91*********89,4c2afab266820180,1981
P1623,Passenger_0903,M,30-44,d********a@outlook.com,+91*********62,742e32249c637721,1994
P1624,Passenger_0577,F,30-44,r********u@rediffmail.com,+91*********15,b40842ed2b0ab6bd,1981
P1625,Passenger_0527,F,60+,r*********1@outlook.com,+91*********58,e7c878671246f91b,1965
P1626,Passenger_0250,F,45-59,a*************1@outlook.com,+91*********12,fc578ede12a99577,1979
P1627,Passenger_0158,M,18-29,a*********r@hotmail.com,+91*********95,7b3e2f27348867c2,2005
P1628,Passenger_0567,M,60+,s********a@yahoo.com,+91*********07,af346ffedadf63d9,1946
P1629,Passenger_0864,M,60+,k*************1@rediffmail.com,+91*********55,6a9bf6d02ba50430,1941
P1630,Passenger_0440,F,60+,a****************1@outlook.com,+91*********55,4c3026c582d1fc7b,1951
P1630,Passenger_0440,F,60+,a****************2@yahoo.com,+91*********98,ecb0c0f26941554c,1951
P1631,Passenger_0756,F,30-44,m**********s@outlook.com,+91*********40,ee3444fd92d8faa0,1990
P1632,Passenger_0297,M,18-29,a*************i@rediffmail.com,+91*********57,48bec4d83eb6a851,2007
P1633,Passenger_0325,F,18-29,s********a@outlook.com,+91*********19,13dcc8e012d0122f,2006
P1634,Passenger_0181,M,45-59,r********u@outlook.com,+91*********35,d4124cc31c3e4248,1969
P1635,Passenger_0524,M,<18,a********n@hotmail.com,+91*********97,1360e77f47ccec33,2008
P1636,Passenger_0256,F,45-59,r***********h@yahoo.com,+91*********98,42368250bbe86203,1979
P1637,Passenger_0970,M,45-59,a**********1@gmail.com,+91*********42,8222b66b9be5d0b6,1977
P1638,Passenger_0133,F,<18,k**************e@outlook.com,+91*********39,4f44a15b4287ac9d,2012
P1639,Passenger_0128,M,<18,d**********1@hotmail.com,+91*********20,022599ba96ec0ae4,2011
P1640,Passenger_0518,F,30-44,k**************e@gmail.com,+91*********80,8f2c53770ce35681,1995
P1641,Passenger_0468,F,<18,m*********1@hotmail.com,+91*********94,4bb6235ca28f8675,2025
P1642,Passenger_0413,F,45-59,s**************e@gmail.com,+91*********59,628877ec9d1451b0,1972
P1643,Passenger_0261,M,<18,m***********1@outlook.com,+91*********11,4a9a066122182c3f,2023
P1644,Passenger_0554,M,<18,d********1@hotmail.com,+91*********13,ef4ce33bcf1c8cd5,2010
P1645,Passenger_0922,F,60+,a***********1@yahoo.com,+91*********76,d9d1e3bc69659949,1939
P1646,Passenger_0686,F,45-59,a**********a@gmail.com,+91*********29,f870a046aec84515,1969
P1647,Passenger_0109,M,60+,a********r@outlook.com,+91*********05,47da74814661a94c,1951
P1648,Passenger_0964,M,<18,a***********l@rediffmail.com,+91*********53,2821f62bdf4a84a3,2014
P1649,Passenger_0383,M,60+,a**********i@rediffmail.com,+91*********65,43fb8133db273eb5,1952
P1650,Passenger_0766,F,<18,a***********1@rediffmail.com,+91*********01,da3981b12c75f9f5,2010
P1651,Passenger_0847,M,60+,k***********h@yahoo.com,+91*********71,52be640e5b26c49a,1954
P1652,Passenger_0607,M,60+,a**************e@outlook.com,+91*********12,234969d381378c82,1950
P1653,Passenger_0806,F,18-29,s***********y@hotmail.com,+91*********42,781fe8a79851db09,2002
P1654,Passenger_0918,M,18-29,i*********r@gmail.com,+91*********45,4aaee51413946d98,1998
P1655,Passenger_0149,M,<18,a**********h@gmail.com,+91*********15,87f3f4ee2477034e,2018
P1656,Passenger_0406,M,30-44,a**************e@rediffmail.com,+91*********15,e41c2c72b3cde9d3,1990
P1657,Passenger_0078,F,<18,s**********i@yahoo.com,+91*********21,411b39f852f646cb,2018
P1658,Passenger_0706,F,45-59,s***********1@hotmail.com,+91*********85,a242fc41d2c8ba84,1968
P1659,Passenger_0380,F,45-59,r*********a@yahoo.com,+91*********97,cb2c95e00a4fc0fc,1966
P1660,Passenger_0533,F,45-59,a********1@rediffmail.com,+91*********16,d0d34b2fa0bfea52,1976
P1661,Passenger_0208,F,18-29,k**********r@outlook.com,+91*********26,c10df894d98b17af,1998
P1662,Passenger_0132,F,30-44,i*******a@gmail.com,+91*********29,e0b1dad3a3756a90,1985
P1663,Passenger_0011,F,60+,s*********1@rediffmail.com,+91*********77,49f2019004b0f4f4,1962
P1664,Passenger_0532,M,18-29,m********u@rediffmail.com,+91*********04,c23a1d7269043687,1999
P1665,Passenger_0772,M,60+,v**********h@hotmail.com,+91*********33,94528a6618471228,1963
P1666,Passenger_0700,F,<18,d******s@hotmail.com,+91*********92,64eeb86bd8ed73ee,2009
P1667,Passenger_0339,M,60+,s**************2@rediffmail.com,+91*********47,a7cc53a93df803d6,1953
P1668,Passenger_0948,M,30-44,i**************1@outlook.com,+91*********29,ad8d7e038279728b,1993
P1669,Passenger_0972,F,60+,m********a@outlook.com,+91*********16,a39899a206a66810,1942
P1670,Passenger_0303,M,60+,a************e@rediffmail.com,+91*********82,d7e687a8b5408bc2,1949
P1671,Passenger_0030,M,18-29,a***********1@outlook.com,+91*********80,fd7002f24d5ef37e,1997
P1672,Passenger_0011,M,<18,d*********1@gmail.com,+91*********10,c00f75d4cdff6ebc,2013
P1673,Passenger_0510,M,45-59,m***********2@outlook.com,+91*********00,55248fe7ea3d1aa7,1980
P1674,Passenger_0545,M,30-44,m**********l@yahoo.com,+91*********07,81712abec2432ffc,1991
P1675,Passenger_0658,F,<18,m******s@gmail.com,+91*********95,fd2aee20063dba21,2020
P1676,Passenger_0699,F,60+,r***********y@rediffmail.com,+91*********01,7654ca801744b877,1944
P1677,Passenger_0480,F,60+,d********u@yahoo.com,+91*********24,6c14df191a297f49,1957
P1678,Passenger_0024,M,45-59,a*********i@outlook.com,+91*********47,05ada28d6858864a,1979
P1679,Passenger_0692,F,18-29,s*********1@yahoo.com,+91*********59,521eeb549a52c799,2001
P1680,Passenger_0916,M,60+,i*******1@yahoo.com,+91*********73,5d466ef2d0401dac,1960
P1681,Passenger_0339,M,<18,a***********l@yahoo.com,+91*********22,e01c90f9418b5cef,2016
P1682,Passenger_0263,M,45-59,k***********1@gmail.com,+91*********15,465062afb7680aef,1970
P1683,Passenger_0544,M,18-29,a*******s@gmail.com,+91*********66,39556b9ac399ac51,1996
P1684,Passenger_0081,F,<18,k************e@yahoo.com,+91*********05,641b24315ebe2f47,2021
P1685,Passenger_0058,F,30-44,m*********2@hotmail.com,+91*********15,59abdd20574ffff8,1993
P1686,Passenger_0965,M,60+,i*********n@rediffmail.com,+91*********65,176c93a7de3c469a,1961
P1687,Passenger_0488,F,<18,a************1@outlook.com,+91*********35,6c7aaa108d171636,2008
P1688,Passenger_0259,M,45-59,s***********1@hotmail.com,+91*********96,24457f271d580072,1977
P1689,Passenger_0009,F,<18,i*******l@hotmail.com,+91*********29,cf52aad4d49f1089,2015
P1690,Passenger_0322,F,60+,k**************i@outlook.com,+91*********56,5294e749960db3ef,1941
P1691,Passenger_0905,M,18-29,v*************1@hotmail.com,+91*********13,854c911dd0cd9b0e,2000
P1692,Passenger_0518,F,60+,s*********1@gmail.com,+91*********48,48d78a19f743780b,1963
P1693,Passenger_0374,M,60+,i*******a@hotmail.com,+91*********51,02632cb7aabce883,1937
P1694,Passenger_0819,F,60+,s**********l@outlook.com,+91*********06,e305368568fb3fc2,1940
P1695,Passenger_0737,M,45-59,k********r@outlook.com,+91*********49,4a54605b1b34ba6e,1967
P1695,Passenger_0737,M,45-59,k********r@gmail.com,+91*********40,c080c7ce404b2104,1967
P1696,Passenger_0698,M,18-29,r*********a@gmail.com,+91*********49,5321393a3b853394,1999
P1697,Passenger_0620,F,45-59,a*********r@rediffmail.com,+91*********26,08be6d29c51a7f73,1977
P1698,Passenger_0840,F,60+,i********1@yahoo.com,+91*********72,459e0fa36501b54c,1949
P1699,Passenger_0037,M,30-44,v*************2@hotmail.com,+91*********08,7d05c47315f3a32c,1993
P1700,Passenger_0279,F,<18,k***********1@outlook.com,+91*********46,b516ccf801ef093d,2025
P1701,Passenger_0631,F,18-29,a**********a@gmail.com,+91*********15,ec621e5e43439347,2005
P1702,Passenger_0661,M,45-59,a***********2@rediffmail.com,+91*********01,bee36effe39b6d26,1971
P1703,Passenger_0852,M,<18,a**********i@yahoo.com,+91*********83,9ceb6ba7ad2b4ff2,2020
P1704,Passenger_0053,F,60+,s***********h@rediffmail.com,+91*********14,83fe0652594ae4b7,1945
P1705,Passenger_0535,M,60+,s***********a@hotmail.com,+91*********50,0d2609660ae52847,1957
P1706,Passenger_0813,M,<18,a*********l@gmail.com,+91*********55,d0967bd3ce5de9d7,2021
P1707,Passenger_0981,M,<18,s********s@gmail.com,+91*********35,9a9492fdb91270b6,2023
P1708,Passenger_0790,F,45-59,a*********h@rediffmail.com,+91*********93,2febb13429e59722,1973
P1709,Passenger_0309,F,18-29,s*******l@yahoo.com,+91*********75,e63aa93d3ff05707,2003
P1710,Passenger_0645,M,45-59,v***********1@hotmail.com,+91*********58,438c35b137b8bd2b,1973
P1711,Passenger_0888,F,30-44,i*******i@outlook.com,+91*********22,c370b53ae23d5ea9,1989
P1711,Passenger_0888,F,30-44,i*******i@yahoo.com,+91*********51,eb20d1cfc79c1e1b,1989
P1712,Passenger_0540,M,60+,k***********i@rediffmail.com,+91*********98,86a9bb212c1d2f90,1952
P1713,Passenger_0768,F,60+,k*********a@rediffmail.com,+91*********00,164b77d90473c5d7,1952
P1714,Passenger_0644,M,60+,i*******i@hotmail.com,+91*********47,118a13070e74b8f0,1943
P1715,Passenger_0587,M,<18,v***********a@rediffmail.com,+91*********59,bc5a09ebf43fdf4f,2009
P1716,Passenger_0353,F,60+,s************2@rediffmail.com,+91*********81,ead5331e80007495,1941
P1717,Passenger_0834,M,60+,a**********i@outlook.com,+91*********61,8551d123d523f059,1948
P1718,Passenger_0821,F,60+,a**********i@gmail.com,+91*********25,67eaabf7d88835f2,1953
P1719,Passenger_0816,F,<18,s***********h@yahoo.com,+91*********85,8cdfda521665061e,2025
P1720,Passenger_0975,M,45-59,a************1@yahoo.com,+91*********33,6b556bb556dcb69e,1975
P1721,Passenger_0658,M,30-44,k************i@hotmail.com,+91*********85,9e3afc669bf1bda4,1981
P1722,Passenger_0312,F,60+,s************1@outlook.com,+91*********16,ef2c1b8eaf25b43c,1949
P1723,Passenger_0750,M,<18,k********r@rediffmail.com,+91*********93,527d08733f35f2f6,2022
P1724,Passenger_0632,M,60+,m********l@yahoo.com,+91*********64,b74daf382537f525,1964
P1725,Passenger_0674,M,60+,a**********h@yahoo.com,+91*********86,4a36c07e00acece1,1961
P1726,Passenger_0843,M,30-44,m************y@outlook.com,+91*********17,17c4d285664995fd,1994
P1727,Passenger_0800,M,30-44,a********s@yahoo.com,+91*********84,5d67e75fb95ba879,1992
P1727,Passenger_0800,M,30-44,a********s@gmail.com,+91*********82,2b49e827254b6592,1992
P1728,Passenger_0551,F,60+,i********1@yahoo.com,+91*********17,04539e7bc7548608,1954
P1728,Passenger_0551,F,60+,i*******l@gmail.com,+91*********36,b68b3df78eb8b36a,1954
P1729,Passenger_0242,F,30-44,a**********1@rediffmail.com,+91*********27,e782ddd56e7c6f74,1987
P1730,Passenger_0254,M,18-29,m*********1@yahoo.com,+91*********81,30a4c5cc33306752,2000
P1731,Passenger_0477,M,30-44,k************a@rediffmail.com,+91*********47,6c1f7d957a183035,1992
P1732,Passenger_0331,M,45-59,i*******y@hotmail.com,+91*********46,d0cd599e8929a4ae,1972
P1733,Passenger_0096,F,<18,a*********1@rediffmail.com,+91*********88,33aa139803222294,2023
P1734,Passenger_0553,M,45-59,a***********2@yahoo.com,+91*********06,4d0ac7cc27d7acc6,1976
P1735,Passenger_0790,F,<18,a************i@hotmail.com,+91*********69,6f3baab5bb7ec272,2014
P1736,Passenger_0246,F,60+,a*********u@gmail.com,+91*********13,89e23bf1dfe4aef3,1961
P1737,Passenger_0570,F,45-59,i***************e@hotmail.com,+91*********77,125bde05258e455b,1972
P1738,Passenger_0073,M,<18,a************1@yahoo.com,+91*********91,6807be21fed37c1f,2021
P1739,Passenger_0814,F,45-59,s*********1@outlook.com,+91*********13,80cfd476d89d1315,1969
P1740,Passenger_0907,M,<18,s*************e@outlook.com,+91*********10,615215556793178d,2009
P1741,Passenger_0757,F,45-59,a**********1@rediffmail.com,+91*********42,20ea4ef8265597a1,1979
P1742,Passenger_0130,M,18-29,a**********a@hotmail.com,+91*********47,90312d565c87e475,2003
P1743,Passenger_0203,F,60+,s***********a@rediffmail.com,+91*********44,ed9f7c3750e5a10c,1947
P1744,Passenger_0509,M,60+,s***********i@outlook.com,+91*********24,c3677613defd6e14,1941
P1745,Passenger_0527,F,<18,m***************i@gmail.com,+91*********19,2c92d633bd6cc5f7,2012
P1746,Passenger_0638,M,60+,a**********a@outlook.com,+91*********91,17d8c5d17bc37567,1960
P1747,Passenger_0516,M,60+,k*********i@gmail.com,+91*********17,7567da9bbc1cfae1,1951
P1748,Passenger_0642,M,45-59,s*********1@hotmail.com,+91*********59,7ec0ba61e7592167,1975
P1749,Passenger_0411,M,30-44,s***********1@rediffmail.com,+91*********02,05ffb742a61c4843,1988
P1750,Passenger_0588,F,60+,a**********a@outlook.com,+91*********35,2e31f04ff6e00e02,1962
P1751,Passenger_0172,F,30-44,s*******y@hotmail.com,+91*********19,303c10690eed10df,1988
P1752,Passenger_0982,M,45-59,i*******h@outlook.com,+91*********56,f4288e7e855eeefd,1976
P1753,Passenger_0122,F,60+,d********y@hotmail.com,+91*********43,cde1b6cb9be265eb,1944
P1754,Passenger_0973,M,18-29,a*********a@gmail.com,+91*********30,dcdb94498544ce31,1996
P1755,Passenger_0858,M,60+,r***********a@hotmail.com,+91*********03,8290da15b41e936d,1947
P1756,Passenger_0545,F,45-59,i*******1@rediffmail.com,+91*********73,4e19b5df1206894e,1975
P1757,Passenger_0064,M,60+,a**********2@rediffmail.com,+91*********93,ce1772f5b6bb86a5,1963
P1758,Passenger_0282,M,45-59,s**************3@rediffmail.com,+91*********38,6d66facbf38290e6,1974
P1759,Passenger_0193,F,30-44,v***********i@rediffmail.com,+91*********43,2d5ec1c1c57ebe4f,1988
P1760,Passenger_0204,M,60+,s*********l@outlook.com,+91*********55,4996c1d46d036284,1938
P1761,Passenger_0006,M,60+,m*********1@yahoo.com,+91*********72,4c314669e588c52c,1947
P1762,Passenger_0847,M,18-29,s*******r@rediffmail.com,+91*********57,98512320957d707f,1996
P1763,Passenger_0535,M,45-59,s********l@gmail.com,+91*********60,e9fcbcebd823978c,1975
P1764,Passenger_0859,F,60+,m*********2@hotmail.com,+91*********23,bf7a9aa53ae2e57d,1945
P1765,Passenger_0983,F,<18,s**********a@yahoo.com,+91*********88,1a9c73cf4d86395c,2021
P1766,Passenger_0970,F,18-29,i**********e@gmail.com,+91*********81,c888bc197f0a9ccd,1997
P1767,Passenger_0624,M,<18,s*******h@rediffmail.com,+91*********74,2843e4eb6fd2399c,2022
P1768,Passenger_0297,M,<18,k***********h@gmail.com,+91*********05,2af7707a78f760a8,2016
P1769,Passenger_0965,F,45-59,a**********h@yahoo.com,+91*********00,98980555efb27dcf,1970
P1770,Passenger_0862,M,<18,m*********1@yahoo.com,+91*********20,1e2df802d64c5bf0,2009
P1771,Passenger_0032,M,60+,k*********y@hotmail.com,+91*********84,0072e1cd4978af66,1952
P1772,Passenger_0401,M,<18,s*************1@hotmail.com,+91*********96,574da37515534d7c,2009
P1773,Passenger_0765,M,60+,s***********1@hotmail.com,+91*********71,04dffdc55c69d3a8,1942
P1774,Passenger_0717,F,60+,a***********1@yahoo.com,+91*********42,377711e7a7c0acab,1938
P1775,Passenger_0186,F,60+,k*******s@hotmail.com,+91*********58,4863140f562e34af,1957
P1776,Passenger_0182,F,30-44,a*************e@rediffmail.com,+91*********89,542de9c3ed10213e,1992
P1777,Passenger_0425,M,<18,a**********a@hotmail.com,+91*********97,4aa09cff60077fbc,2020
P1778,Passenger_0217,F,45-59,k************1@gmail.com,+91*********40,c9f9ad1fa70fd0ea,1973
P1779,Passenger_0468,F,60+,m************u@rediffmail.com,+91*********89,ed6d184bc8518105,1960
P1780,Passenger_0052,M,60+,r************1@rediffmail.com,+91*********33,beb82f5eb71a1029,1949
P1781,Passenger_0311,M,30-44,a**********1@hotmail.com,+91*********42,ac79f4bd89c4dd32,1983
P1781,Passenger_0311,M,30-44,a*************r@outlook.com,+91*********41,7afd0c819cc87bf4,1983
P1782,Passenger_0563,F,60+,s********1@outlook.com,+91*********90,75ad28d6a18e2e22,1951
P1783,Passenger_0081,F,18-29,a************i@gmail.com,+91*********18,dc9b632af343af7c,2003
P1784,Passenger_0943,F,45-59,i**********i@hotmail.com,+91*********34,ccc09ef6bed12065,1971
P1785,Passenger_0762,F,60+,a**************1@yahoo.com,+91*********20,cc6744f39004d4ae,1946
P1786,Passenger_0340,M,60+,k************1@hotmail.com,+91*********25,16e20e4de286dcfc,1951
P1787,Passenger_0130,F,<18,r***********a@gmail.com,+91*********12,65ded7bfc5c51680,2010
P1788,Passenger_0014,F,<18,r************a@rediffmail.com,+91*********66,0da0cb2fc8b3fc4e,2018
P1789,Passenger_0659,M,<18,a**********1@outlook.com,+91*********21,af90f07a398c4129,2022
P1790,Passenger_0662,F,<18,s***********2@yahoo.com,+91*********95,1476521c88a07985,2022
P1791,Passenger_0096,M,45-59,a***********1@outlook.com,+91*********66,2c5e9a3b8b46d547,1970
P1792,Passenger_0857,M,18-29,i****************1@rediffmail.com,+91*********63,12b74c46ee8610f8,2001
P1793,Passenger_0041,M,60+,a*********i@hotmail.com,+91*********40,da8e4cb5b871da6d,1959
P1794,Passenger_0725,F,60+,k************1@hotmail.com,+91*********95,ec4ab477fe30d414,1959
P1795,Passenger_0090,F,18-29,s**************1@hotmail.com,+91*********63,0f9fea4fefa46122,1999
P1796,Passenger_0943,M,30-44,d**********l@gmail.com,+91*********66,16f80be00ffa2e78,1994
P1797,Passenger_0252,F,45-59,a**********3@yahoo.com,+91*********47,919351c5babdcc70,1976
P1798,Passenger_0759,F,60+,a***********1@outlook.com,+91*********10,d8584f94027bc44b,1965
P1799,Passenger_0693,M,45-59,m************h@outlook.com,+91*********24,8e59c24bd9105603,1975
P1800,Passenger_0198,M,18-29,r***********i@yahoo.com,+91*********15,4909a7886452ce7e,2007
P1801,Passenger_0538,F,18-29,a**********a@rediffmail.com,+91*********32,ffbbca6e67734c2e,2005
P1802,Passenger_0778,M,<18,m********a@rediffmail.com,+91*********41,526b528cd8bc1247,2021
P1803,Passenger_0857,F,60+,k***********h@outlook.com,+91*********63,e8e48b9bdf2fe29c,1944
P1804,Passenger_0687,F,30-44,m***************e@outlook.com,+91*********30,007fee4561ae9107,1984
P1805,Passenger_0756,F,60+,k*********l@yahoo.com,+91*********65,826e2d54eff561ba,1965
P1806,Passenger_0972,F,18-29,s*******h@rediffmail.com,+91*********34,4888c8dd640c675b,2004
P1807,Passenger_0359,M,18-29,a*************i@gmail.com,+91*********45,15e473a34cb4ecca,2005
P1807,Passenger_0359,M,18-29,a*************i@rediffmail.com,+91*********17,23142d5df3ddfc4a,2005
P1808,Passenger_0814,M,60+,a***********1@outlook.com,+91*********93,dd14a5d7adec1b00,1956
P1809,Passenger_0002,M,<18,d**********2@gmail.com,+91*********14,e4f765e151850607,2025
P1810,Passenger_0605,M,<18,i**********u@rediffmail.com,+91*********36,5b047513f4256805,2021
P1811,Passenger_0397,F,<18,m***************e@rediffmail.com,+91*********51,3fc7c8490a025403,2014
P1811,Passenger_0397,F,<18,m****************e@rediffmail.com,+91*********52,2f20f8c913211f68,2014
P1811,Passenger_0397,F,<18,m***************e@gmail.com,+91*********49,56ec5b9acbf5c8ac,2014
P1812,Passenger_0237,F,45-59,m************l@yahoo.com,+91*********81,2a1e9f52e0499201,1980
P1813,Passenger_0306,M,30-44,k**********1@hotmail.com,+91*********54,b63668286d324ae8,1992
P1814,Passenger_0631,F,45-59,r*************1@outlook.com,+91*********75,fbed8e8e06a72730,1977
P1815,Passenger_0938,F,60+,m**********l@gmail.com,+91*********85,9d8de516faf68c97,1948
P1816,Passenger_0343,F,30-44,s***********i@gmail.com,+91*********60,d8a388660430f5ff,1981
P1817,Passenger_0393,M,18-29,r***********l@rediffmail.com,+91*********34,dce3d61ed7f4fe2e,1999
P1818,Passenger_0216,M,60+,a*********1@hotmail.com,+91*********76,5496438b55fbf19d,1953
P1819,Passenger_0461,M,18-29,v***********1@hotmail.com,+91*********88,a3c2c768ef241859,2000
P1820,Passenger_0126,F,45-59,m************1@gmail.com,+91*********04,b19c1c38f11b85cc,1979
P1821,Passenger_0476,M,60+,a************2@outlook.com,+91*********27,60f536d50101aac6,1940
P1822,Passenger_0110,M,45-59,i*********l@yahoo.com,+91*********31,02fdcc3715d2b105,1970
P1823,Passenger_0393,M,60+,r**************e@hotmail.com,+91*********94,00375994ec55a473,1963
P1824,Passenger_0304,M,45-59,i*********l@rediffmail.com,+91*********12,44435b9f4bf9b6eb,1978
P1825,Passenger_0414,M,60+,i**********2@outlook.com,+91*********43,13d9f5e8e7271fe5,1965
P1826,Passenger_0467,M,60+,a************l@gmail.com,+91*********92,bd84e92914f57644,1945
P1827,Passenger_0562,F,18-29,a*********n@gmail.com,+91*********71,3fa83970406c24fc,2000
P1828,Passenger_0030,F,30-44,r***************2@outlook.com,+91*********88,037e594e3c9a1f11,1990
P1829,Passenger_0188,M,<18,a***********1@rediffmail.com,+91*********09,cc6ec9d306e6d8ec,2025
P1830,Passenger_0791,M,<18,m********i@outlook.com,+91*********65,ba87fda435e68801,2018
P1831,Passenger_0425,F,45-59,d************1@yahoo.com,+91*********49,7d88bbf8a99f62e8,1974
P1832,Passenger_0874,F,60+,k************e@hotmail.com,+91*********89,077bf2fddfdf7a42,1947
P1833,Passenger_0652,M,45-59,a*********1@yahoo.com,+91*********54,b2b7bae6dd2de68a,1979
P1834,Passenger_0224,M,45-59,r********h@rediffmail.com,+91*********03,1a9a7568761a6397,1970
P1835,Passenger_0736,M,60+,i***********1@hotmail.com,+91*********26,0f080a92bc5f54c3,1940
P1836,Passenger_0502,M,<18,s***************e@outlook.com,+91*********89,abfad1bb2a35aca8,2012
P1837,Passenger_0286,F,18-29,a**********a@hotmail.com,+91*********35,00f3f20056109ce0,1998
P1838,Passenger_0158,M,60+,i**************2@outlook.com,+91*********67,b4739e96ef51ce91,1939
P1839,Passenger_0018,M,60+,i**********2@yahoo.com,+91*********90,1aa8bfbebbf5feba,1948
P1840,Passenger_0676,M,60+,a***********1@gmail.com,+91*********12,44dfe72885264ec0,1938
P1841,Passenger_0464,M,<18,d*******1@hotmail.com,+91*********84,c309f9ed55720633,2024
P1842,Passenger_0784,F,18-29,i**********e@yahoo.com,+91*********42,066498aca94ba0ca,2000
P1843,Passenger_0383,F,<18,v**********l@rediffmail.com,+91*********49,beda29e250ec0fdd,2012
P1844,Passenger_0305,F,45-59,v************1@rediffmail.com,+91*********41,7b301a07d8022fcb,1967
P1845,Passenger_0489,M,45-59,a***********a@hotmail.com,+91*********50,d64734b6359744c6,1970
P1846,Passenger_0858,M,<18,v**********a@rediffmail.com,+91*********38,0872a0fff17f75c0,2019
P1847,Passenger_0509,F,<18,a************l@rediffmail.com,+91*********62,957569d431e433cf,2023
P1848,Passenger_0172,M,18-29,k**********1@hotmail.com,+91*********23,e55bec97bfa51387,2003
P1849,Passenger_0332,M,<18,a*********1@outlook.com,+91*********11,e053b32de0f0fa12,2008
P1850,Passenger_0428,F,30-44,a***********l@outlook.com,+91*********23,bd4b51657d2b5e1a,1988
P1851,Passenger_0617,F,<18,r************1@gmail.com,+91*********32,022ee7a7770cfbc0,2011
P1852,Passenger_0012,F,60+,s*******a@gmail.com,+91*********52,2d0fd110afa50e02,1962
P1853,Passenger_0175,F,60+,d**********l@yahoo.com,+91*********41,5ed6fea9e2bad332,1937
P1854,Passenger_0258,M,18-29,k*************1@yahoo.com,+91*********65,456d06e3218c900c,1998
P1855,Passenger_0811,M,60+,m************u@yahoo.com,+91*********81,664b37f5eaf3e290,1952
P1856,Passenger_0701,F,30-44,d*******n@yahoo.com,+91*********40,0a664d22e287a58d,1987
P1857,Passenger_0943,M,45-59,i******n@gmail.com,+91*********90,ac38fc9d94c2f0ff,1969
P1858,Passenger_0027,F,<18,m*********3@hotmail.com,+91*********59,be6847e040eba908,2009
P1858,Passenger_0027,F,<18,m*********1@gmail.com,+91*********16,b5d1d1665520a5b1,2009
P1859,Passenger_0566,F,60+,s**********n@rediffmail.com,+91*********93,8b3cd10a06756843,1940
P1860,Passenger_0826,M,30-44,s*************e@yahoo.com,+91*********07,394173bad5e482fc,1982
P1861,Passenger_0376,F,18-29,a************1@rediffmail.com,+91*********48,5f99d850f49c28e4,2001
P1862,Passenger_0452,M,<18,d*********2@rediffmail.com,+91*********44,1565f7389b441a27,2009
P1863,Passenger_0542,M,<18,d**********l@hotmail.com,+91*********59,eb0828d06f2f89d3,2013
P1864,Passenger_0630,M,60+,a*********h@rediffmail.com,+91*********48,149156d956f955d1,1942
P1865,Passenger_0371,M,18-29,i**********a@yahoo.com,+91*********49,cc7df9a6e97344aa,2001
P1866,Passenger_0897,F,60+,i***********1@outlook.com,+91*********53,ba5d8076e8adf37b,1958
P1867,Passenger_0909,M,<18,k*******s@outlook.com,+91*********59,5f8fc016512a111f,2016
P1868,Passenger_0413,F,60+,m********l@gmail.com,+91*********81,b7baec84190c4da2,1959
P1869,Passenger_0839,F,<18,i********1@hotmail.com,+91*********53,3d08f584480a58cc,2008
P1870,Passenger_0410,F,60+,r***********l@hotmail.com,+91*********67,2c6ce05d29cdbfff,1940
P1871,Passenger_0645,F,30-44,a*************i@yahoo.com,+91*********54,5070bd3d0a0696bf,1992
P1872,Passenger_0078,M,<18,k************2@hotmail.com,+91*********55,d57ffa1704ee050e,2018
P1873,Passenger_0589,M,30-44,s************1@rediffmail.com,+91*********51,2ac493e3562d1b00,1986
P1874,Passenger_0480,F,60+,m*************1@outlook.com,+91*********00,dd6f77e91a77c179,1943
P1875,Passenger_0847,F,30-44,i*************1@rediffmail.com,+91*********55,3040282dfa7f23b6,1984
P1875,Passenger_0847,F,30-44,i************l@gmail.com,+91*********69,b5a418a7dfc4bb56,1984
P1876,Passenger_0662,M,30-44,a**********1@outlook.com,+91*********90,6cecf6d86efede36,1985
P1877,Passenger_0475,F,<18,a**********1@gmail.com,+91*********40,fae82b72bf1999c6,2020
P1878,Passenger_0872,M,45-59,k**********a@yahoo.com,+91*********19,9113d03ce2efc2ff,1974
P1879,Passenger_0876,F,18-29,a************i@yahoo.com,+91*********73,cb887778d25fbd01,2000
P1880,Passenger_0896,M,60+,r***********1@gmail.com,+91*********12,e77f78f606a5fff7,1962
P1881,Passenger_0289,F,45-59,s************1@hotmail.com,+91*********50,40ccaeb1b855d00a,1967
P1882,Passenger_0579,F,45-59,k***********h@rediffmail.com,+91*********26,ba9a913596fb0f3d,1970
P1883,Passenger_0463,M,45-59,r*************e@rediffmail.com,+91*********86,02f27614925024b5,1967
P1884,Passenger_0440,F,60+,a***************e@outlook.com,+91*********73,73265e0eb7d564e5,1956
P1885,Passenger_0906,F,30-44,i************e@yahoo.com,+91*********07,7393ab5296812081,1993
P1886,Passenger_0276,M,45-59,d**********1@hotmail.com,+91*********42,bedb5db4982ca369,1973
P1887,Passenger_0861,F,18-29,i*******a@yahoo.com,+91*********06,69972d4428c04f68,2004
P1888,Passenger_0071,M,18-29,m************u@hotmail.com,+91*********07,4f95fec2e6bb5a54,2005
P1889,Passenger_0944,M,60+,a**********l@hotmail.com,+91*********86,257e320d6a08206b,1956
P1889,Passenger_0944,M,60+,a***************r@yahoo.com,+91*********81,0fd5bbc228ec2aec,1956
P1890,Passenger_0266,F,60+,r************a@gmail.com,+91*********75,c37220d8d4c4d775,1956
P1891,Passenger_0600,F,<18,s***************1@yahoo.com,+91*********69,8163c14057cea288,2022
P1892,Passenger_0663,F,60+,a***********1@gmail.com,+91*********77,c2e59403d71b2cfa,1951
P1893,Passenger_0660,F,60+,a*********r@gmail.com,+91*********51,5d4cb2d7cd03e077,1964
P1894,Passenger_0119,F,60+,k***********u@gmail.com,+91*********18,fc12037e0d58e6e6,1964
P1895,Passenger_0649,F,18-29,r***********i@rediffmail.com,+91*********74,e5e5c19a71681d89,2002
P1896,Passenger_0194,F,45-59,s**********1@yahoo.com,+91*********45,e001c9e0547819a8,1971
P1897,Passenger_0749,M,<18,k***********a@outlook.com,+91*********28,f2c05516ee415b2c,2017
P1898,Passenger_0412,F,<18,s***********h@hotmail.com,+91*********86,7342b58cf92095fa,2023
P1899,Passenger_0630,M,30-44,s***********h@gmail.com,+91*********37,4bede47af4a73e62,1995
P1900,Passenger_0297,F,30-44,r*******r@hotmail.com,+91*********59,a3d124937940b13a,1986
P1901,Passenger_0789,F,30-44,a*********l@hotmail.com,+91*********15,eda5d46dcfcc5f91,1990
P1902,Passenger_0475,M,18-29,v***********i@hotmail.com,+91*********11,556adaa11abf2a35,2002
P1903,Passenger_0758,F,<18,a********r@yahoo.com,+91*********42,b2da7ba33d2056f1,2020
P1904,Passenger_0581,F,60+,s************1@rediffmail.com,+91*********83,bb20c2a756151aa6,1960
P1905,Passenger_0708,M,60+,v***********i@outlook.com,+91*********47,854b3d281126bd94,1942
P1905,Passenger_0708,M,60+,v************2@rediffmail.com,+91*********23,7cb95f005c9085c0,1942
P1906,Passenger_0455,F,60+,s*************2@hotmail.com,+91*********84,7d9ac4f2d178b02e,1951
P1907,Passenger_0349,F,<18,s********a@outlook.com,+91*********98,db06579554e24647,2022
P1908,Passenger_0882,F,60+,a***********a@rediffmail.com,+91*********16,39c13f10a22d60da,1947
P1909,Passenger_0907,M,<18,a***************e@rediffmail.com,+91*********03,e2afb8e4feafe47a,2020
P1910,Passenger_0086,F,45-59,k*************1@hotmail.com,+91*********44,df8ab0b210a1ddcb,1975
P1911,Passenger_0506,F,60+,s************2@rediffmail.com,+91*********62,88bd845dc0f85f03,1964
P1912,Passenger_0067,F,45-59,d***********i@gmail.com,+91*********67,c191b14a555375a2,1969
P1912,Passenger_0067,F,45-59,d***********i@rediffmail.com,+91*********52,83d2772296641b5f,1969
P1913,Passenger_0053,F,60+,a**********1@hotmail.com,+91*********18,987859ac4690e276,1960
P1914,Passenger_0456,M,60+,d***********e@gmail.com,+91*********48,9a3e38ebe889bb88,1947
P1915,Passenger_0973,M,60+,s*******l@outlook.com,+91*********09,ad61303fcc822107,1951
P1916,Passenger_0905,F,<18,m*******1@gmail.com,+91*********95,b21f6c9d42b08210,2018
P1917,Passenger_0796,F,18-29,k***********a@gmail.com,+91*********20,a3ccbcc17867cc92,2000
P1918,Passenger_0989,M,45-59,a**********h@gmail.com,+91*********08,7c5a6e3c9b52d615,1975
P1919,Passenger_0355,M,30-44,a********r@rediffmail.com,+91*********62,5e9fe4b07648aa84,1981
P1920,Passenger_0511,F,30-44,r*************l@outlook.com,+91*********40,2f74cc257643e005,1982
P1921,Passenger_0626,M,<18,i****************1@hotmail.com,+91*********61,e0f65046e76f3d65,2021
P1922,Passenger_0169,F,60+,a***********1@outlook.com,+91*********72,2ec9108bf2a374f8,1956
P1923,Passenger_0905,M,18-29,s*******a@rediffmail.com,+91*********45,73f62a4b319bf634,2000
P1924,Passenger_0112,M,60+,a*********y@outlook.com,+91*********70,26c636b87356ff00,1958
P1925,Passenger_0156,M,18-29,d********u@outlook.com,+91*********16,92f5a92dc30776d6,2007
P1926,Passenger_0197,M,60+,k**********r@outlook.com,+91*********58,b73cff3596c438b5,1942
P1927,Passenger_0802,F,18-29,s*******y@gmail.com,+91*********99,3dc584f9ef18b361,2006
P1928,Passenger_0455,M,<18,s*************l@gmail.com,+91*********73,e882f77028ca1240,2014
P1929,Passenger_0906,M,45-59,a**********a@hotmail.com,+91*********49,4d97981390db6830,1979
P1930,Passenger_0177,F,<18,v**********a@gmail.com,+91*********34,2b29803a16f27b1b,2025
P1931,Passenger_0551,M,<18,a*********a@hotmail.com,+91*********09,053ab559ce7bec93,2012
P1931,Passenger_0551,M,<18,a*********a@gmail.com,+91*********08,85c7d0573ea30d69,2012
P1932,Passenger_0150,M,60+,i*******a@outlook.com,+91*********08,a994799129757ccf,1962
P1933,Passenger_0648,F,30-44,i******n@yahoo.com,+91*********56,a693dc753116c43a,1988
P1934,Passenger_0046,M,30-44,s************1@rediffmail.com,+91*********16,d12ca3c9418919c4,1989
P1935,Passenger_0940,F,<18,m***********i@yahoo.com,+91*********47,ee7a1fd518b6f9d3,2015
P1936,Passenger_0926,F,60+,r********a@outlook.com,+91*********23,985a624db5972af1,1949
P1937,Passenger_0024,F,<18,a**********1@outlook.com,+91*********36,a649ee8a9392107f,2023
P1938,Passenger_0995,F,30-44,r***********i@outlook.com,+91*********71,09bf794e73709fa0,1993
P1939,Passenger_0252,M,<18,r************a@outlook.com,+91*********39,e0b9ff3fbdcae4af,2020
P1940,Passenger_0754,F,45-59,r************1@outlook.com,+91*********62,332fc70931f58588,1976
P1941,Passenger_0840,M,<18,r********u@gmail.com,+91*********02,820ebde14f90890e,2016
P1942,Passenger_0945,M,<18,r*********i@hotmail.com,+91*********10,752d5e077f72ec3f,2021
P1943,Passenger_0246,M,18-29,s***********u@gmail.com,+91*********50,eb6953203dadc424,2003
P1944,Passenger_0982,M,<18,r*********1@gmail.com,+91*********55,3c7f5f37ca520e3e,2016
P1944,Passenger_0982,M,<18,r************r@yahoo.com,+91*********37,b4726b8cdda62df3,2016
P1945,Passenger_0984,M,30-44,r********a@rediffmail.com,+91*********27,02d3a52cde2284f1,1982
P1946,Passenger_0935,M,<18,a***********1@yahoo.com,+91*********06,86834322dc45ca8d,2024
P1947,Passenger_0304,M,<18,m*************a@gmail.com,+91*********80,8251f2c16657485f,2013
P1948,Passenger_0075,M,30-44,i**********a@hotmail.com,+91*********78,b18671256e77a9e8,1986
P1949,Passenger_0351,M,<18,s**********h@hotmail.com,+91*********33,0ed5c64d61f8c7f1,2024
P1950,Passenger_0430,M,60+,a*********a@gmail.com,+91*********80,81673ef0f7e230b0,1942
P1951,Passenger_0826,F,60+,v*************e@outlook.com,+91*********85,3365e6c3cfe26fbf,1961
P1952,Passenger_0024,F,60+,m******s@yahoo.com,+91*********96,068d660468859d17,1963
P1953,Passenger_0076,F,60+,k*********1@outlook.com,+91*********90,18091c91180f1227,1953
P1954,Passenger_0285,M,<18,a***********l@outlook.com,+91*********81,45371c4fa6bd5fc9,2009
P1955,Passenger_0615,F,<18,a*******s@rediffmail.com,+91*********59,d92dd9d615fc9742,2017
P1956,Passenger_0061,F,60+,a*********1@rediffmail.com,+91*********95,ea5ecceb2e0d2106,1951
P1957,Passenger_0162,F,<18,i**********a@rediffmail.com,+91*********45,890183231ecb7dde,2011
P1958,Passenger_0670,M,18-29,a*********h@rediffmail.com,+91*********87,f45c5a2547e377b2,2002
P1959,Passenger_0430,M,30-44,s******n@outlook.com,+91*********01,a219f9c062899e65,1988
P1960,Passenger_0120,M,30-44,k**********a@hotmail.com,+91*********16,050a5260bc8b7a77,1991
P1961,Passenger_0453,M,45-59,m***********r@hotmail.com,+91*********00,e41db1fa5da3c077,1977
P1962,Passenger_0445,F,60+,k***********h@hotmail.com,+91*********49,548036dec2491ab9,1957
P1963,Passenger_0328,F,60+,s*********i@outlook.com,+91*********85,7ee76e8bbed7020f,1964
P1964,Passenger_0837,F,45-59,s***********a@gmail.com,+91*********80,4fbe703f223bbe9e,1966
P1965,Passenger_0568,F,45-59,a************e@hotmail.com,+91*********52,bd0279ec5560afb9,1976
P1966,Passenger_0057,M,60+,r********h@gmail.com,+91*********06,49107a14179e2aa2,1948
P1967,Passenger_0488,M,60+,a*********r@yahoo.com,+91*********91,815d1bce75f9c364,1951
P1968,Passenger_0427,M,<18,s************1@gmail.com,+91*********07,89ec35e7f03d3402,2017
P1969,Passenger_0892,F,30-44,s****************e@gmail.com,+91*********52,6d8eb173b4d6010f,1992
P1970,Passenger_0146,M,60+,v**********a@yahoo.com,+91*********53,deefacf187cc5d3f,1950
P1971,Passenger_0763,M,30-44,v***********1@yahoo.com,+91*********20,026c11422e7e6606,1991
P1972,Passenger_0264,F,<18,a***********2@gmail.com,+91*********25,2ca042849a9d94ae,2025
P1973,Passenger_0328,F,30-44,k***********1@yahoo.com,+91*********80,dc2b555b92baa611,1986
P1974,Passenger_0585,M,60+,k***********1@gmail.com,+91*********98,b221c4ec9b96bc09,1962
P1975,Passenger_0005,M,18-29,r********l@gmail.com,+91*********08,2763b9faba19df5d,2004
P1976,Passenger_0238,M,45-59,r**********n@hotmail.com,+91*********86,d5d7165ab204f4bf,1966
P1977,Passenger_0464,M,60+,s************2@outlook.com,+91*********12,a4e62d2f18c4ec17,1962
P1978,Passenger_0779,M,60+,v***********a@hotmail.com,+91*********92,953b567dda1c9864,1954
P1979,Passenger_0521,M,<18,k*********a@yahoo.com,+91*********95,c29fc11a61ceba02,2015
P1980,Passenger_0049,F,<18,a*********h@hotmail.com,+91*********12,aa37139f6849048c,2012
P1981,Passenger_0701,F,45-59,d********a@yahoo.com,+91*********18,df6b7f445a15aad1,1966
P1982,Passenger_0134,F,18-29,a*********2@yahoo.com,+91*********89,c31b1b8389131977,1996
P1982,Passenger_0134,F,18-29,a********s@outlook.com,+91*********13,373a6b7c6ba98ba9,1996
P1983,Passenger_0071,M,30-44,m***********n@outlook.com,+91*********37,7f886e319fb0134e,1991
P1984,Passenger_0442,F,60+,i***********1@hotmail.com,+91*********50,4011ea4d2df4d7f8,1941
P1985,Passenger_0503,M,30-44,a*********r@outlook.com,+91*********78,01fe7fb61ba2808a,1989
P1985,Passenger_0503,M,30-44,a*************r@gmail.com,+91*********70,807b68e43318e8af,1989
P1986,Passenger_0267,M,<18,d*******n@gmail.com,+91*********94,470ab29fc2d4acf4,2021
P1987,Passenger_0741,F,60+,s**********l@gmail.com,+91*********41,66e06eb24de9085c,1943
P1988,Passenger_0468,M,60+,k********r@hotmail.com,+91*********43,1e1621b7c43a42a9,1948
P1989,Passenger_0728,M,18-29,r****************e@outlook.com,+91*********52,44c9e3c045b6bb56,2000
P1990,Passenger_0990,F,60+,a***********l@yahoo.com,+91*********53,408bb5de22823d0d,1964
P1991,Passenger_0069,F,<18,a**********a@rediffmail.com,+91*********54,acd017088865ff4f,2022
P1991,Passenger_0069,F,<18,a************a@rediffmail.com,+91*********19,17fed92aeed7d077,2022
P1992,Passenger_0004,F,60+,d********h@hotmail.com,+91*********36,758836bf958752fb,1937
P1993,Passenger_0568,M,30-44,m*************1@rediffmail.com,+91*********35,390d09719a79b489,1984
P1994,Passenger_0975,F,60+,d************1@hotmail.com,+91*********53,53e93a05fd30c90b,1937
P1994,Passenger_0975,F,60+,d***************r@gmail.com,+91*********29,a2832c9fa340cbb8,1937
P1995,Passenger_0857,F,<18,a**********1@gmail.com,+91*********02,e9a0ca0bf5f20c24,2008
P1996,Passenger_0045,M,30-44,i******r@gmail.com,+91*********87,a99bf74d494323fc,1986
P1997,Passenger_0924,F,60+,a**********y@rediffmail.com,+91*********62,d30b6054df630614,1954
P1998,Passenger_0178,F,30-44,s**************i@gmail.com,+91*********51,abf1ca9d3729c186,1987
P1999,Passenger_0261,F,<18,a************2@yahoo.com,+91*********90,fcc1c9874b9f3483,2012
P1999,Passenger_0261,F,<18,a***************r@outlook.com,+91*********44,5b05e52f36c37dc1,2012
