passenger_id,passenger_alias,gender,age_band
P1000,Passenger_0112,F,45-59
P1001,Passenger_0751,M,<18
P1002,Passenger_0418,M,60+
P1003,Passenger_0804,F,60+
P1004,Passenger_0556,M,18-29
P1005,Passenger_0342,M,60+
P1006,Passenger_0494,M,60+
P1007,Passenger_0162,M,60+
P1008,Passenger_0308,M,60+
P1009,Passenger_0844,M,60+
P1010,Passenger_0890,M,18-29
P1011,Passenger_0860,M,<18
P1012,Passenger_0239,M,18-29
P1013,Passenger_0132,M,45-59
P1014,Passenger_0556,F,<18
P1015,Passenger_0499,F,60+
P1016,Passenger_0132,M,18-29
P1017,Passenger_0346,F,30-44
P1018,Passenger_0092,F,<18
P1019,Passenger_0863,M,60+
P1020,Passenger_0992,M,45-59
P1021,Passenger_0252,M,18-29
P1022,Passenger_0529,F,30-44
P1023,Passenger_0479,F,60+
P1024,Passenger_0515,M,45-59
P1025,Passenger_0509,M,18-29
P1026,Passenger_0969,M,60+
P1027,Passenger_0717,F,45-59
P1028,Passenger_0129,F,45-59
P1029,Passenger_0064,F,30-44
P1030,Passenger_0169,F,45-59
P1031,Passenger_0330,M,60+
P1032,Passenger_0674,M,<18
P1033,Passenger_0987,M,60+
P1034,Passenger_0156,M,60+
P1034,Passenger_0156,M,60+
P1035,Passenger_0732,F,45-59
P1036,Passenger_0712,F,60+
P1037,Passenger_0900,M,45-59
P1038,Passenger_0517,M,45-59
P1039,Passenger_0682,F,60+
P1040,Passenger_0054,M,<18
P1041,Passenger_0799,F,45-59
P1042,Passenger_0137,M,<18
P1043,Passenger_0650,M,18-29
P1044,Passenger_0149,M,60+
P1045,Passenger_0458,M,30-44
P1046,Passenger_0819,M,<18
P1047,Passenger_0680,M,<18
P1048,Passenger_0013,M,60+
P1049,Passenger_0943,F,45-59
P1050,Passenger_0870,F,<18
P1051,Passenger_0275,F,<18
P1052,Passenger_0215,F,45-59
P1053,Passenger_0555,F,<18
P1054,Passenger_0297,M,60+
P1055,Passenger_0501,M,45-59
P1056,Passenger_0847,F,60+
P1057,Passenger_0905,M,30-44
P1058,Passenger_0042,F,<18
P1059,Passenger_0276,F,45-59
P1060,Passenger_0845,M,30-44
P1061,Passenger_0394,M,60+
P1062,Passenger_0733,M,60+
P1063,Passenger_0669,F,30-44
P1064,Passenger_0868,M,45-59
P1065,Passenger_0252,F,<18
P1066,Passenger_0027,F,<18
P1067,Passenger_0146,F,<18
P1068,Passenger_0466,M,45-59
P1069,Passenger_0373,M,<18
P1070,Passenger_0203,F,45-59
P1071,Passenger_0160,M,60+
P1072,Passenger_0755,M,<18
P1073,Passenger_0457,M,30-44
P1074,Passenger_0341,F,30-44
P1075,Passenger_0245,F,60+
P1076,Passenger_0064,M,60+
P1077,Passenger_0502,F,<18
P1078,Passenger_0683,M,45-59
P1079,Passenger_0114,M,<18
P1080,Passenger_0078,M,60+
P1081,Passenger_0144,M,60+
P1082,Passenger_0374,F,60+
P1083,Passenger_0493,F,60+
P1084,Passenger_0072,F,30-44
P1085,Passenger_0887,M,60+
P1086,Passenger_0411,M,60+
P1087,Passenger_0188,M,60+
P1088,Passenger_0712,F,45-59
P1089,Passenger_0233,M,18-29
P1090,Passenger_0956,F,18-29
P1091,Passenger_0827,F,60+
P1092,Passenger_0347,F,45-59
P1093,Passenger_0237,F,30-44
P1094,Passenger_0456,F,18-29
P1095,Passenger_0164,F,<18
P1096,Passenger_0263,M,30-44
P1097,Passenger_0741,M,60+
P1098,Passenger_0266,F,60+
P1099,Passenger_0544,F,60+
P1100,Passenger_0266,M,<18
P1101,Passenger_0168,F,60+
P1102,Passenger_0832,F,<18
P1102,Passenger_0832,F,<18
P1103,Passenger_0595,M,<18
P1104,Passenger_0930,F,60+
P1104,Passenger_0930,F,60+
P1104,Passenger_0930,F,60+
P1105,Passenger_0611,F,60+
P1106,Passenger_0263,F,<18
P1107,Passenger_0763,M,60+
P1108,Passenger_0628,M,<18
P1108,Passenger_0628,M,<18
P1109,Passenger_0189,M,30-44
P1110,Passenger_0934,F,30-44
P1111,Passenger_0246,F,30-44
P1112,Passenger_0959,M,<18
P1113,Passenger_0823,F,30-44
P1114,Passenger_0755,F,18-29
P1115,Passenger_0698,F,<18
P1116,Passenger_0838,F,60+
P1117,Passenger_0605,F,60+
P1118,Passenger_0796,M,<18
P1119,Passenger_0120,F,30-44
P1120,Passenger_0522,M,30-44
P1121,Passenger_0144,F,45-59
P1122,Passenger_0698,M,18-29
P1123,Passenger_0153,F,60+
P1124,Passenger_0807,M,60+
P1125,Passenger_0105,F,30-44
P1126,Passenger_0651,M,30-44
P1127,Passenger_0237,F,60+
P1128,Passenger_0140,M,30-44
P1129,Passenger_0771,F,60+
P1130,Passenger_0805,M,45-59
P1131,Passenger_0857,M,60+
P1132,Passenger_0392,F,<18
P1133,Passenger_0913,F,<18
P1134,Passenger_0672,M,<18
P1135,Passenger_0522,F,<18
P1136,Passenger_0739,M,18-29
P1137,Passenger_0328,M,<18
P1138,Passenger_0575,M,60+
P1139,Passenger_0782,F,<18
P1140,Passenger_0954,M,30-44
P1140,Passenger_0954,M,30-44
P1141,Passenger_0832,M,60+
P1141,Passenger_0832,M,60+
P1142,Passenger_0296,F,45-59
P1143,Passenger_0989,F,60+
P1144,Passenger_0523,F,45-59
P1145,Passenger_0527,F,<18
P1146,Passenger_0924,M,18-29
P1147,Passenger_0842,M,<18
P1148,Passenger_0950,M,30-44
P1149,Passenger_0020,M,18-29
P1150,Passenger_0029,F,30-44
P1151,Passenger_0321,M,<18
P1152,Passenger_0519,M,30-44
P1153,Passenger_0513,F,60+
P1154,Passenger_0046,M,45-59
P1155,Passenger_0058,M,60+
P1156,Passenger_0419,M,18-29
P1157,Passenger_0937,M,60+
P1158,Passenger_0592,M,30-44
P1159,Passenger_0243,M,30-44
P1160,Passenger_0772,F,60+
P1161,Passenger_0807,F,45-59
P1162,Passenger_0429,M,<18
P1163,Passenger_0292,M,18-29
P1164,Passenger_0021,F,18-29
P1165,Passenger_0923,M,30-44
P1166,Passenger_0750,M,60+
P1167,Passenger_0778,M,18-29
P1168,Passenger_0987,F,60+
P1169,Passenger_0849,M,60+
P1170,Passenger_0594,F,60+
P1171,Passenger_0812,M,60+
P1172,Passenger_0989,F,<18
P1173,Passenger_0264,F,18-29
P1174,Passenger_0207,M,60+
P1175,Passenger_0639,F,60+
P1176,Passenger_0865,M,<18
P1177,Passenger_0991,F,60+
P1178,Passenger_0235,M,60+
P1178,Passenger_0235,M,60+
P1179,Passenger_0484,M,18-29
P1180,Passenger_0115,F,<18
P1181,Passenger_0535,M,60+
P1182,Passenger_0377,M,30-44
P1183,Passenger_0715,F,45-59
P1184,Passenger_0298,M,30-44
P1185,Passenger_0100,M,18-29
P1186,Passenger_0565,F,60+
P1187,Passenger_0131,F,45-59
P1188,Passenger_0574,M,30-44
P1189,Passenger_0132,M,60+
P1190,Passenger_0243,F,45-59
P1191,Passenger_0750,F,60+
P1192,Passenger_0216,M,45-59
P1193,Passenger_0431,F,45-59
P1194,Passenger_0159,M,<18
P1195,Passenger_0134,M,30-44
P1196,Passenger_0666,M,<18
P1197,Passenger_0589,M,<18
P1198,Passenger_0214,M,45-59
P1199,Passenger_0181,F,60+
P1200,Passenger_0390,F,45-59
P1201,Passenger_0004,F,<18
P1202,Passenger_0391,F,<18
P1203,Passenger_0488,M,45-59
P1204,Passenger_0671,M,60+
P1205,Passenger_0005,M,<18
P1206,Passenger_0597,M,18-29
P1207,Passenger_0441,F,<18
P1208,Passenger_0203,M,45-59
P1209,Passenger_0930,M,30-44
P1210,Passenger_0053,F,30-44
P1211,Passenger_0343,F,60+
P1212,Passenger_0638,F,30-44
P1213,Passenger_0819,F,60+
P1214,Passenger_0993,M,45-59
P1215,Passenger_0812,M,60+
P1216,Passenger_0027,F,45-59
P1216,Passenger_0027,F,45-59
P1217,Passenger_0768,M,<18
P1218,Passenger_0237,M,30-44
P1219,Passenger_0408,M,18-29
P1220,Passenger_0969,F,60+
P1221,Passenger_0961,M,60+
P1222,Passenger_0011,F,60+
P1223,Passenger_0736,M,<18
P1224,Passenger_0216,M,<18
P1225,Passenger_0783,M,60+
P1226,Passenger_0066,F,45-59
P1227,Passenger_0689,M,60+
P1228,Passenger_0341,F,60+
P1229,Passenger_0742,F,<18
P1230,Passenger_0374,F,18-29
P1231,Passenger_0222,M,45-59
P1232,Passenger_0361,M,30-44
P1233,Passenger_0331,M,18-29
P1234,Passenger_0538,M,60+
P1235,Passenger_0944,F,18-29
P1236,Passenger_0298,F,18-29
P1236,Passenger_0298,F,18-29
P1237,Passenger_0708,F,60+
P1238,Passenger_0380,M,45-59
P1239,Passenger_0084,F,30-44
P1240,Passenger_0752,M,30-44
P1241,Passenger_0777,F,30-44
P1242,Passenger_0182,M,60+
P1243,Passenger_0675,M,<18
P1244,Passenger_0859,F,<18
P1245,Passenger_0989,F,45-59
P1246,Passenger_0943,F,60+
P1247,Passenger_0009,F,45-59
P1248,Passenger_0352,M,18-29
P1249,Passenger_0389,F,30-44
P1250,Passenger_0654,F,30-44
P1251,Passenger_0336,F,<18
P1252,Passenger_0006,M,<18
P1252,Passenger_0006,M,<18
P1253,Passenger_0494,M,45-59
P1254,Passenger_0196,F,<18
P1255,Passenger_0095,M,<18
P1256,Passenger_0607,F,45-59
P1257,Passenger_0602,M,<18
P1258,Passenger_0731,M,60+
P1259,Passenger_0946,M,30-44
P1260,Passenger_0054,M,30-44
P1261,Passenger_0626,F,<18
P1262,Passenger_0586,F,18-29
P1263,Passenger_0421,F,45-59
P1264,Passenger_0721,M,60+
P1265,Passenger_0406,F,<18
P1266,Passenger_0244,F,18-29
P1267,Passenger_0405,F,18-29
P1268,Passenger_0032,M,45-59
P1269,Passenger_0257,M,30-44
P1270,Passenger_0614,M,18-29
P1271,Passenger_0764,F,60+
P1272,Passenger_0084,F,60+
P1273,Passenger_0609,F,30-44
P1274,Passenger_0490,M,30-44
P1275,Passenger_0539,M,60+
P1276,Passenger_0852,F,60+
P1277,Passenger_0373,M,18-29
P1278,Passenger_0719,M,<18
P1279,Passenger_0526,M,60+
P1280,Passenger_0051,M,60+
P1281,Passenger_0258,F,45-59
P1282,Passenger_0811,M,30-44
P1283,Passenger_0156,M,60+
P1284,Passenger_0321,M,60+
P1285,Passenger_0182,M,30-44
P1286,Passenger_0320,F,30-44
P1287,Passenger_0777,F,60+
P1288,Passenger_0356,M,30-44
P1289,Passenger_0104,M,<18
P1290,Passenger_0600,M,18-29
P1291,Passenger_0450,M,45-59
P1292,Passenger_0489,M,18-29
P1293,Passenger_0883,M,<18
P1294,Passenger_0430,F,<18
P1295,Passenger_0806,M,60+
P1296,Passenger_0055,F,<18
P1297,Passenger_0446,F,30-44
P1298,Passenger_0027,M,45-59
P1299,Passenger_0772,F,60+
P1300,Passenger_0882,F,45-59
P1301,Passenger_0868,F,60+
P1302,Passenger_0818,F,18-29
P1303,Passenger_0799,F,18-29
P1304,Passenger_0099,F,30-44
P1305,Passenger_0103,M,45-59
P1306,Passenger_0710,F,45-59
P1307,Passenger_0909,F,<18
P1308,Passenger_0227,F,18-29
P1309,Passenger_0112,M,18-29
P1310,Passenger_0062,F,18-29
P1311,Passenger_0782,M,18-29
P1312,Passenger_0560,F,18-29
P1313,Passenger_0718,M,60+
P1314,Passenger_0794,M,60+
P1315,Passenger_0990,F,60+
P1316,Passenger_0463,F,45-59
P1317,Passenger_0113,M,18-29
P1318,Passenger_0463,F,<18
P1319,Passenger_0556,M,30-44
P1320,Passenger_0276,M,60+
P1321,Passenger_0557,M,45-59
P1322,Passenger_0827,M,<18
P1323,Passenger_0249,M,30-44
P1324,Passenger_0991,F,18-29
P1325,Passenger_0696,M,45-59
P1326,Passenger_0518,M,<18
P1327,Passenger_0848,F,30-44
P1328,Passenger_0502,M,18-29
P1329,Passenger_0855,F,45-59
P1330,Passenger_0162,F,45-59
P1331,Passenger_0805,F,45-59
P1331,Passenger_0805,F,45-59
P1332,Passenger_0215,M,60+
P1333,Passenger_0716,M,60+
P1334,Passenger_0398,M,30-44
P1335,Passenger_0790,F,60+
P1336,Passenger_0843,M,30-44
P1337,Passenger_0041,F,60+
P1338,Passenger_0710,M,<18
P1339,Passenger_0199,F,18-29
P1340,Passenger_0102,M,45-59
P1341,Passenger_0566,M,45-59
P1342,Passenger_0612,M,60+
P1343,Passenger_0557,F,45-59
P1344,Passenger_0142,F,18-29
P1345,Passenger_0722,M,30-44
P1346,Passenger_0202,M,45-59
P1347,Passenger_0760,F,60+
P1348,Passenger_0706,F,18-29
P1349,Passenger_0875,F,60+
P1350,Passenger_0287,M,18-29
P1351,Passenger_0221,F,<18
P1352,Passenger_0366,M,<18
P1353,Passenger_0447,F,30-44
P1354,Passenger_0758,M,<18
P1355,Passenger_0859,F,30-44
P1356,Passenger_0840,F,45-59
P1357,Passenger_0731,F,30-44
P1358,Passenger_0451,F,30-44
P1359,Passenger_0822,F,18-29
P1360,Passenger_0100,M,45-59
P1361,Passenger_0321,F,18-29
P1362,Passenger_0338,F,18-29
P1363,Passenger_0148,F,<18
P1364,Passenger_0788,M,45-59
P1365,Passenger_0328,F,<18
P1366,Passenger_0491,M,45-59
P1367,Passenger_0930,F,30-44
P1368,Passenger_0615,F,30-44
P1369,Passenger_0142,M,18-29
P1370,Passenger_0669,F,60+
P1371,Passenger_0868,M,<18
P1372,Passenger_0122,M,<18
P1373,Passenger_0890,F,<18
P1374,Passenger_0023,M,60+
P1375,Passenger_0380,F,60+
P1376,Passenger_0797,F,<18
P1377,Passenger_0892,M,60+
P1378,Passenger_0153,M,30-44
P1379,Passenger_0070,M,60+
P1380,Passenger_0660,M,60+
P1381,Passenger_0589,F,60+
P1382,Passenger_0779,F,45-59
P1383,Passenger_0002,M,18-29
P1384,Passenger_0855,F,45-59
P1385,Passenger_0949,F,60+
P1386,Passenger_0299,F,60+
P1387,Passenger_0993,F,18-29
P1388,Passenger_0077,M,45-59
P1389,Passenger_0210,M,45-59
P1390,Passenger_0681,F,60+
P1391,Passenger_0199,M,45-59
P1392,Passenger_0206,M,45-59
P1393,Passenger_0603,M,30-44
P1394,Passenger_0235,F,60+
P1395,Passenger_0105,F,<18
P1396,Passenger_0902,F,45-59
P1397,Passenger_0658,M,45-59
P1398,Passenger_0829,F,<18
P1399,Passenger_0446,F,45-59
P1400,Passenger_0942,M,45-59
P1401,Passenger_0636,F,<18
P1402,Passenger_0330,F,60+
P1403,Passenger_0657,M,<18
P1404,Passenger_0368,M,45-59
P1405,Passenger_0923,M,45-59
P1406,Passenger_0589,F,30-44
P1407,Passenger_0438,F,45-59
P1408,Passenger_0253,F,<18
P1408,Passenger_0253,F,<18
P1408,Passenger_0253,F,<18
P1409,Passenger_0389,M,<18
P1410,Passenger_0009,M,18-29
P1411,Passenger_0847,F,18-29
P1412,Passenger_0622,F,<18
P1413,Passenger_0452,M,60+
P1413,Passenger_0452,M,60+
P1414,Passenger_0174,M,18-29
P1415,Passenger_0213,M,45-59
P1416,Passenger_0504,M,45-59
P1417,Passenger_0444,F,60+
P1418,Passenger_0841,M,18-29
P1419,Passenger_0647,F,<18
P1420,Passenger_0861,F,<18
P1421,Passenger_0549,F,<18
P1422,Passenger_0593,M,45-59
P1423,Passenger_0439,M,<18
P1424,Passenger_0263,M,30-44
P1425,Passenger_0800,M,45-59
P1426,Passenger_0536,F,60+
P1427,Passenger_0693,M,<18
P1428,Passenger_0380,M,<18
P1429,Passenger_0478,F,60+
P1430,Passenger_0055,M,60+
P1431,Passenger_0087,F,60+
P1432,Passenger_0334,F,60+
P1433,Passenger_0293,F,18-29
P1434,Passenger_0527,F,60+
P1435,Passenger_0995,F,60+
P1436,Passenger_0702,F,18-29
P1437,Passenger_0455,F,<18
P1438,Passenger_0555,F,45-59
P1439,Passenger_0268,M,60+
P1440,Passenger_0127,M,45-59
P1441,Passenger_0315,M,18-29
P1442,Passenger_0313,M,60+
P1443,Passenger_0194,F,60+
P1444,Passenger_0496,M,45-59
P1445,Passenger_0404,F,60+
P1446,Passenger_0212,M,60+
P1447,Passenger_0773,M,60+
P1448,Passenger_0894,M,<18
P1449,Passenger_0069,F,45-59
P1450,Passenger_0121,M,60+
P1451,Passenger_0264,F,30-44
P1452,Passenger_0056,F,30-44
P1453,Passenger_0379,M,18-29
P1454,Passenger_0321,M,<18
P1455,Passenger_0927,M,60+
P1456,Passenger_0500,F,30-44
P1457,Passenger_0818,M,45-59
P1458,Passenger_0700,F,<18
P1459,Passenger_0148,F,18-29
P1460,Passenger_0253,M,45-59
P1461,Passenger_0116,M,<18
P1462,Passenger_0984,F,60+
P1463,Passenger_0660,F,<18
P1464,Passenger_0321,F,<18
P1465,Passenger_0008,M,18-29
P1466,Passenger_0200,F,60+
P1467,Passenger_0133,M,<18
P1468,Passenger_0302,F,30-44
P1469,Passenger_0344,F,60+
P1469,Passenger_0344,F,60+
P1470,Passenger_0308,M,18-29
P1471,Passenger_0865,F,<18
P1472,Passenger_0371,M,45-59
P1473,Passenger_0103,M,30-44
P1474,Passenger_0117,F,30-44
P1475,Passenger_0334,M,30-44
P1476,Passenger_0412,M,60+
P1477,Passenger_0163,F,45-59
P1478,Passenger_0639,M,30-44
P1479,Passenger_0691,M,<18
P1480,Passenger_0581,M,60+
P1481,Passenger_0364,F,60+
P1482,Passenger_0425,M,30-44
P1483,Passenger_0669,F,30-44
P1484,Passenger_0005,F,60+
P1485,Passenger_0209,M,30-44
P1486,Passenger_0255,M,30-44
P1487,Passenger_0767,M,18-29
P1488,Passenger_0385,F,<18
P1489,Passenger_0753,M,<18
P1490,Passenger_0124,M,45-59
P1491,Passenger_0224,M,<18
P1492,Passenger_0085,M,30-44
P1493,Passenger_0779,M,60+
P1494,Passenger_0303,F,60+
P1495,Passenger_0679,F,<18
P1496,Passenger_0284,M,18-29
P1497,Passenger_0223,M,60+
P1498,Passenger_0854,M,30-44
P1499,Passenger_0187,M,<18
P1500,Passenger_0400,F,60+
P1501,Passenger_0139,M,45-59
P1502,Passenger_0647,F,60+
P1503,Passenger_0923,F,18-29
P1504,Passenger_0619,M,30-44
P1505,Passenger_0015,F,60+
P1506,Passenger_0834,F,18-29
P1507,Passenger_0593,F,30-44
P1508,Passenger_0598,F,<18
P1509,Passenger_0554,M,60+
P1510,Passenger_0120,M,18-29
P1511,Passenger_0645,F,60+
P1512,Passenger_0495,M,45-59
P1513,Passenger_0408,M,30-44
P1514,Passenger_0581,M,60+
P1515,Passenger_0213,M,18-29
P1516,Passenger_0355,M,18-29
P1517,Passenger_0426,F,60+
P1518,Passenger_0244,M,30-44
P1519,Passenger_0901,M,<18
P1520,Passenger_0897,M,45-59
P1521,Passenger_0695,M,<18
P1522,Passenger_0269,F,18-29
P1523,Passenger_0957,F,60+
P1524,Passenger_0800,F,18-29
P1525,Passenger_0459,F,<18
P1526,Passenger_0406,M,60+
P1527,Passenger_0900,F,60+
P1528,Passenger_0754,M,60+
P1529,Passenger_0258,M,60+
P1530,Passenger_0781,M,<18
P1531,Passenger_0783,M,45-59
P1532,Passenger_0077,M,18-29
P1533,Passenger_0335,F,45-59
P1534,Passenger_0245,F,<18
P1535,Passenger_0923,F,60+
P1536,Passenger_0842,F,18-29
P1537,Passenger_0687,M,60+
P1538,Passenger_0369,F,<18
P1539,Passenger_0231,M,60+
P1540,Passenger_0460,F,18-29
P1541,Passenger_0835,M,60+
P1542,Passenger_0255,M,45-59
P1542,Passenger_0255,M,45-59
P1543,Passenger_0685,F,60+
P1544,Passenger_0420,M,<18
P1545,Passenger_0201,M,60+
P1546,Passenger_0764,F,<18
P1547,Passenger_0021,M,18-29
P1548,Passenger_0295,F,45-59
P1549,Passenger_0430,F,60+
P1550,Passenger_0364,F,45-59
P1551,Passenger_0141,M,18-29
P1552,Passenger_0313,M,<18
P1553,Passenger_0464,M,45-59
P1554,Passenger_0539,F,30-44
P1555,Passenger_0584,M,45-59
P1556,Passenger_0210,F,30-44
P1557,Passenger_0842,F,45-59
P1558,Passenger_0207,M,30-44
P1559,Passenger_0694,F,<18
P1560,Passenger_0042,M,<18
P1561,Passenger_0636,M,30-44
P1562,Passenger_0192,M,60+
P1563,Passenger_0678,M,60+
P1564,Passenger_0572,M,<18
P1565,Passenger_0797,F,60+
P1566,Passenger_0922,F,<18
P1567,Passenger_0393,F,60+
P1568,Passenger_0361,M,45-59
P1569,Passenger_0788,M,<18
P1570,Passenger_0352,M,<18
P1571,Passenger_0138,F,45-59
P1572,Passenger_0659,M,<18
P1573,Passenger_0947,F,30-44
P1574,Passenger_0668,F,30-44
P1575,Passenger_0656,M,<18
P1576,Passenger_0617,M,45-59
P1577,Passenger_0267,F,18-29
P1578,Passenger_0527,M,60+
P1579,Passenger_0321,F,<18
P1580,Passenger_0804,M,18-29
P1581,Passenger_0520,M,30-44
P1582,Passenger_0043,F,30-44
P1583,Passenger_0578,M,60+
P1584,Passenger_0613,F,<18
P1585,Passenger_0228,M,60+
P1586,Passenger_0315,F,60+
P1587,Passenger_0873,F,<18
P1588,Passenger_0118,M,60+
P1589,Passenger_0143,F,60+
P1590,Passenger_0703,M,30-44
P1591,Passenger_0732,M,<18
P1592,Passenger_0398,M,30-44
P1593,Passenger_0996,F,60+
P1594,Passenger_0083,F,30-44
P1595,Passenger_0596,M,18-29
P1596,Passenger_0223,M,60+
P1597,Passenger_0040,F,45-59
P1598,Passenger_0628,M,30-44
P1599,Passenger_0382,M,60+
P1600,Passenger_0407,F,18-29
P1601,Passenger_0956,M,30-44
P1602,Passenger_0215,F,60+
P1603,Passenger_0535,M,30-44
P1604,Passenger_0476,F,<18
P1605,Passenger_0579,M,45-59
P1606,Passenger_0470,M,18-29
P1607,Passenger_0089,F,60+
P1608,Passenger_0680,M,60+
P1609,Passenger_0529,F,30-44
P1610,Passenger_0314,M,<18
P1611,Passenger_0501,F,<18
P1612,Passenger_0543,F,60+
P1613,Passenger_0495,F,60+
P1614,Passenger_0915,F,60+
P1615,Passenger_0588,M,18-29
P1615,Passenger_0588,M,18-29
P1616,Passenger_0053,M,45-59
P1617,Passenger_0482,F,30-44
P1618,Passenger_0111,F,30-44
P1619,Passenger_0312,F,<18
P1620,Passenger_0284,M,45-59
P1621,Passenger_0522,M,30-44
P1622,Passenger_0446,M,30-44
P1623,Passenger_0903,M,30-44
P1624,Passenger_0577,F,30-44
P1625,Passenger_0527,F,60+
P1626,Passenger_0250,F,45-59
P1627,Passenger_0158,M,18-29
P1628,Passenger_0567,M,60+
P1629,Passenger_0864,M,60+
P1630,Passenger_0440,F,60+
P1630,Passenger_0440,F,60+
P1631,Passenger_0756,F,30-44
P1632,Passenger_0297,M,18-29
P1633,Passenger_0325,F,18-29
P1634,Passenger_0181,M,45-59
P1635,Passenger_0524,M,<18
P1636,Passenger_0256,F,45-59
P1637,Passenger_0970,M,45-59
P1638,Passenger_0133,F,<18
P1639,Passenger_0128,M,<18
P1640,Passenger_0518,F,30-44
P1641,Passenger_0468,F,<18
P1642,Passenger_0413,F,45-59
P1643,Passenger_0261,M,<18
P1644,Passenger_0554,M,<18
P1645,Passenger_0922,F,60+
P1646,Passenger_0686,F,45-59
P1647,Passenger_0109,M,60+
P1648,Passenger_0964,M,<18
P1649,Passenger_0383,M,60+
P1650,Passenger_0766,F,<18
P1651,Passenger_0847,M,60+
P1652,Passenger_0607,M,60+
P1653,Passenger_0806,F,18-29
P1654,Passenger_0918,M,18-29
P1655,Passenger_0149,M,<18
P1656,Passenger_0406,M,30-44
P1657,Passenger_0078,F,<18
P1658,Passenger_0706,F,45-59
P1659,Passenger_0380,F,45-59
P1660,Passenger_0533,F,45-59
P1661,Passenger_0208,F,18-29
P1662,Passenger_0132,F,30-44
P1663,Passenger_0011,F,60+
P1664,Passenger_0532,M,18-29
P1665,Passenger_0772,M,60+
P1666,Passenger_0700,F,<18
P1667,Passenger_0339,M,60+
P1668,Passenger_0948,M,30-44
P1669,Passenger_0972,F,60+
P1670,Passenger_0303,M,60+
P1671,Passenger_0030,M,18-29
P1672,Passenger_0011,M,<18
P1673,Passenger_0510,M,45-59
P1674,Passenger_0545,M,30-44
P1675,Passenger_0658,F,<18
P1676,Passenger_0699,F,60+
P1677,Passenger_0480,F,60+
P1678,Passenger_0024,M,45-59
P1679,Passenger_0692,F,18-29
P1680,Passenger_0916,M,60+
P1681,Passenger_0339,M,<18
P1682,Passenger_0263,M,45-59
P1683,Passenger_0544,M,18-29
P1684,Passenger_0081,F,<18
P1685,Passenger_0058,F,30-44
P1686,Passenger_0965,M,60+
P1687,Passenger_0488,F,<18
P1688,Passenger_0259,M,45-59
P1689,Passenger_0009,F,<18
P1690,Passenger_0322,F,60+
P1691,Passenger_0905,M,18-29
P1692,Passenger_0518,F,60+
P1693,Passenger_0374,M,60+
P1694,Passenger_0819,F,60+
P1695,Passenger_0737,M,45-59
P1695,Passenger_0737,M,45-59
P1696,Passenger_0698,M,18-29
P1697,Passenger_0620,F,45-59
P1698,Passenger_0840,F,60+
P1699,Passenger_0037,M,30-44
P1700,Passenger_0279,F,<18
P1701,Passenger_0631,F,18-29
P1702,Passenger_0661,M,45-59
P1703,Passenger_0852,M,<18
P1704,Passenger_0053,F,60+
P1705,Passenger_0535,M,60+
P1706,Passenger_0813,M,<18
P1707,Passenger_0981,M,<18
P1708,Passenger_0790,F,45-59
P1709,Passenger_0309,F,18-29
P1710,Passenger_0645,M,45-59
P1711,Passenger_0888,F,30-44
P1711,Passenger_0888,F,30-44
P1712,Passenger_0540,M,60+
P1713,Passenger_0768,F,60+
P1714,Passenger_0644,M,60+
P1715,Passenger_0587,M,<18
P1716,Passenger_0353,F,60+
P1717,Passenger_0834,M,60+
P1718,Passenger_0821,F,60+
P1719,Passenger_0816,F,<18
P1720,Passenger_0975,M,45-59
P1721,Passenger_0658,M,30-44
P1722,Passenger_0312,F,60+
P1723,Passenger_0750,M,<18
P1724,Passenger_0632,M,60+
P1725,Passenger_0674,M,60+
P1726,Passenger_0843,M,30-44
P1727,Passenger_0800,M,30-44
P1727,Passenger_0800,M,30-44
P1728,Passenger_0551,F,60+
P1728,Passenger_0551,F,60+
P1729,Passenger_0242,F,30-44
P1730,Passenger_0254,M,18-29
P1731,Passenger_0477,M,30-44
P1732,Passenger_0331,M,45-59
P1733,Passenger_0096,F,<18
P1734,Passenger_0553,M,45-59
P1735,Passenger_0790,F,<18
P1736,Passenger_0246,F,60+
P1737,Passenger_0570,F,45-59
P1738,Passenger_0073,M,<18
P1739,Passenger_0814,F,45-59
P1740,Passenger_0907,M,<18
P1741,Passenger_0757,F,45-59
P1742,Passenger_0130,M,18-29
P1743,Passenger_0203,F,60+
P1744,Passenger_0509,M,60+
P1745,Passenger_0527,F,<18
P1746,Passenger_0638,M,60+
P1747,Passenger_0516,M,60+
P1748,Passenger_0642,M,45-59
P1749,Passenger_0411,M,30-44
P1750,Passenger_0588,F,60+
P1751,Passenger_0172,F,30-44
P1752,Passenger_0982,M,45-59
P1753,Passenger_0122,F,60+
P1754,Passenger_0973,M,18-29
P1755,Passenger_0858,M,60+
P1756,Passenger_0545,F,45-59
P1757,Passenger_0064,M,60+
P1758,Passenger_0282,M,45-59
P1759,Passenger_0193,F,30-44
P1760,Passenger_0204,M,60+
P1761,Passenger_0006,M,60+
P1762,Passenger_0847,M,18-29
P1763,Passenger_0535,M,45-59
P1764,Passenger_0859,F,60+
P1765,Passenger_0983,F,<18
P1766,Passenger_0970,F,18-29
P1767,Passenger_0624,M,<18
P1768,Passenger_0297,M,<18
P1769,Passenger_0965,F,45-59
P1770,Passenger_0862,M,<18
P1771,Passenger_0032,M,60+
P1772,Passenger_0401,M,<18
P1773,Passenger_0765,M,60+
P1774,Passenger_0717,F,60+
P1775,Passenger_0186,F,60+
P1776,Passenger_0182,F,30-44
P1777,Passenger_0425,M,<18
P1778,Passenger_0217,F,45-59
P1779,Passenger_0468,F,60+
P1780,Passenger_0052,M,60+
P1781,Passenger_0311,M,30-44
P1781,Passenger_0311,M,30-44
P1782,Passenger_0563,F,60+
P1783,Passenger_0081,F,18-29
P1784,Passenger_0943,F,45-59
P1785,Passenger_0762,F,60+
P1786,Passenger_0340,M,60+
P1787,Passenger_0130,F,<18
P1788,Passenger_0014,F,<18
P1789,Passenger_0659,M,<18
P1790,Passenger_0662,F,<18
P1791,Passenger_0096,M,45-59
P1792,Passenger_0857,M,18-29
P1793,Passenger_0041,M,60+
P1794,Passenger_0725,F,60+
P1795,Passenger_0090,F,18-29
P1796,Passenger_0943,M,30-44
P1797,Passenger_0252,F,45-59
P1798,Passenger_0759,F,60+
P1799,Passenger_0693,M,45-59
P1800,Passenger_0198,M,18-29
P1801,Passenger_0538,F,18-29
P1802,Passenger_0778,M,<18
P1803,Passenger_0857,F,60+
P1804,Passenger_0687,F,30-44
P1805,Passenger_0756,F,60+
P1806,Passenger_0972,F,18-29
P1807,Passenger_0359,M,18-29
P1807,Passenger_0359,M,18-29
P1808,Passenger_0814,M,60+
P1809,Passenger_0002,M,<18
P1810,Passenger_0605,M,<18
P1811,Passenger_0397,F,<18
P1811,Passenger_0397,F,<18
P1811,Passenger_0397,F,<18
P1812,Passenger_0237,F,45-59
P1813,Passenger_0306,M,30-44
P1814,Passenger_0631,F,45-59
P1815,Passenger_0938,F,60+
P1816,Passenger_0343,F,30-44
P1817,Passenger_0393,M,18-29
P1818,Passenger_0216,M,60+
P1819,Passenger_0461,M,18-29
P1820,Passenger_0126,F,45-59
P1821,Passenger_0476,M,60+
P1822,Passenger_0110,M,45-59
P1823,Passenger_0393,M,60+
P1824,Passenger_0304,M,45-59
P1825,Passenger_0414,M,60+
P1826,Passenger_0467,M,60+
P1827,Passenger_0562,F,18-29
P1828,Passenger_0030,F,30-44
P1829,Passenger_0188,M,<18
P1830,Passenger_0791,M,<18
P1831,Passenger_0425,F,45-59
P1832,Passenger_0874,F,60+
P1833,Passenger_0652,M,45-59
P1834,Passenger_0224,M,45-59
P1835,Passenger_0736,M,60+
P1836,Passenger_0502,M,<18
P1837,Passenger_0286,F,18-29
P1838,Passenger_0158,M,60+
P1839,Passenger_0018,M,60+
P1840,Passenger_0676,M,60+
P1841,Passenger_0464,M,<18
P1842,Passenger_0784,F,18-29
P1843,Passenger_0383,F,<18
P1844,Passenger_0305,F,45-59
P1845,Passenger_0489,M,45-59
P1846,Passenger_0858,M,<18
P1847,Passenger_0509,F,<18
P1848,Passenger_0172,M,18-29
P1849,Passenger_0332,M,<18
P1850,Passenger_0428,F,30-44
P1851,Passenger_0617,F,<18
P1852,Passenger_0012,F,60+
P1853,Passenger_0175,F,60+
P1854,Passenger_0258,M,18-29
P1855,Passenger_0811,M,60+
P1856,Passenger_0701,F,30-44
P1857,Passenger_0943,M,45-59
P1858,Passenger_0027,F,<18
P1858,Passenger_0027,F,<18
P1859,Passenger_0566,F,60+
P1860,Passenger_0826,M,30-44
P1861,Passenger_0376,F,18-29
P1862,Passenger_0452,M,<18
P1863,Passenger_0542,M,<18
P1864,Passenger_0630,M,60+
P1865,Passenger_0371,M,18-29
P1866,Passenger_0897,F,60+
P1867,Passenger_0909,M,<18
P1868,Passenger_0413,F,60+
P1869,Passenger_0839,F,<18
P1870,Passenger_0410,F,60+
P1871,Passenger_0645,F,30-44
P1872,Passenger_0078,M,<18
P1873,Passenger_0589,M,30-44
P1874,Passenger_0480,F,60+
P1875,Passenger_0847,F,30-44
P1875,Passenger_0847,F,30-44
P1876,Passenger_0662,M,30-44
P1877,Passenger_0475,F,<18
P1878,Passenger_0872,M,45-59
P1879,Passenger_0876,F,18-29
P1880,Passenger_0896,M,60+
P1881,Passenger_0289,F,45-59
P1882,Passenger_0579,F,45-59
P1883,Passenger_0463,M,45-59
P1884,Passenger_0440,F,60+
P1885,Passenger_0906,F,30-44
P1886,Passenger_0276,M,45-59
P1887,Passenger_0861,F,18-29
P1888,Passenger_0071,M,18-29
P1889,Passenger_0944,M,60+
P1889,Passenger_0944,M,60+
P1890,Passenger_0266,F,60+
P1891,Passenger_0600,F,<18
P1892,Passenger_0663,F,60+
P1893,Passenger_0660,F,60+
P1894,Passenger_0119,F,60+
P1895,Passenger_0649,F,18-29
P1896,Passenger_0194,F,45-59
P1897,Passenger_0749,M,<18
P1898,Passenger_0412,F,<18
P1899,Passenger_0630,M,30-44
P1900,Passenger_0297,F,30-44
P1901,Passenger_0789,F,30-44
P1902,Passenger_0475,M,18-29
P1903,Passenger_0758,F,<18
P1904,Passenger_0581,F,60+
P1905,Passenger_0708,M,60+
P1905,Passenger_0708,M,60+
P1906,Passenger_0455,F,60+
P1907,Passenger_0349,F,<18
P1908,Passenger_0882,F,60+
P1909,Passenger_0907,M,<18
P1910,Passenger_0086,F,45-59
P1911,Passenger_0506,F,60+
P1912,Passenger_0067,F,45-59
P1912,Passenger_0067,F,45-59
P1913,Passenger_0053,F,60+
P1914,Passenger_0456,M,60+
P1915,Passenger_0973,M,60+
P1916,Passenger_0905,F,<18
P1917,Passenger_0796,F,18-29
P1918,Passenger_0989,M,45-59
P1919,Passenger_0355,M,30-44
P1920,Passenger_0511,F,30-44
P1921,Passenger_0626,M,<18
P1922,Passenger_0169,F,60+
P1923,Passenger_0905,M,18-29
P1924,Passenger_0112,M,60+
P1925,Passenger_0156,M,18-29
P1926,Passenger_0197,M,60+
P1927,Passenger_0802,F,18-29
P1928,Passenger_0455,M,<18
P1929,Passenger_0906,M,45-59
P1930,Passenger_0177,F,<18
P1931,Passenger_0551,M,<18
P1931,Passenger_0551,M,<18
P1932,Passenger_0150,M,60+
P1933,Passenger_0648,F,30-44
P1934,Passenger_0046,M,30-44
P1935,Passenger_0940,F,<18
P1936,Passenger_0926,F,60+
P1937,Passenger_0024,F,<18
P1938,Passenger_0995,F,30-44
P1939,Passenger_0252,M,<18
P1940,Passenger_0754,F,45-59
P1941,Passenger_0840,M,<18
P1942,Passenger_0945,M,<18
P1943,Passenger_0246,M,18-29
P1944,Passenger_0982,M,<18
P1944,Passenger_0982,M,<18
P1945,Passenger_0984,M,30-44
P1946,Passenger_0935,M,<18
P1947,Passenger_0304,M,<18
P1948,Passenger_0075,M,30-44
P1949,Passenger_0351,M,<18
P1950,Passenger_0430,M,60+
P1951,Passenger_0826,F,60+
P1952,Passenger_0024,F,60+
P1953,Passenger_0076,F,60+
P1954,Passenger_0285,M,<18
P1955,Passenger_0615,F,<18
P1956,Passenger_0061,F,60+
P1957,Passenger_0162,F,<18
P1958,Passenger_0670,M,18-29
P1959,Passenger_0430,M,30-44
P1960,Passenger_0120,M,30-44
P1961,Passenger_0453,M,45-59
P1962,Passenger_0445,F,60+
P1963,Passenger_0328,F,60+
P1964,Passenger_0837,F,45-59
P1965,Passenger_0568,F,45-59
P1966,Passenger_0057,M,60+
P1967,Passenger_0488,M,60+
P1968,Passenger_0427,M,<18
P1969,Passenger_0892,F,30-44
P1970,Passenger_0146,M,60+
P1971,Passenger_0763,M,30-44
P1972,Passenger_0264,F,<18
P1973,Passenger_0328,F,30-44
P1974,Passenger_0585,M,60+
P1975,Passenger_0005,M,18-29
P1976,Passenger_0238,M,45-59
P1977,Passenger_0464,M,60+
P1978,Passenger_0779,M,60+
P1979,Passenger_0521,M,<18
P1980,Passenger_0049,F,<18
P1981,Passenger_0701,F,45-59
P1982,Passenger_0134,F,18-29
P1982,Passenger_0134,F,18-29
P1983,Passenger_0071,M,30-44
P1984,Passenger_0442,F,60+
P1985,Passenger_0503,M,30-44
P1985,Passenger_0503,M,30-44
P1986,Passenger_0267,M,<18
P1987,Passenger_0741,F,60+
P1988,Passenger_0468,M,60+
P1989,Passenger_0728,M,18-29
P1990,Passenger_0990,F,60+
P1991,Passenger_0069,F,<18
P1991,Passenger_0069,F,<18
P1992,Passenger_0004,F,60+
P1993,Passenger_0568,M,30-44
P1994,Passenger_0975,F,60+
P1994,Passenger_0975,F,60+
P1995,Passenger_0857,F,<18
P1996,Passenger_0045,M,30-44
P1997,Passenger_0924,F,60+
P1998,Passenger_0178,F,30-44
P1999,Passenger_0261,F,<18
P1999,Passenger_0261,F,<18
