flight_id,airline_id,route_id,departure_time,arrival_time,dep_date_id,arr_date_id,duration_minutes,is_overnight,is_corrupted_time
SJ010,1,1,2026-04-20 23:38:41.701,2026-04-21 02:32:41.701,20260420,20260421,174.0,True,False
AI155,2,2,2026-04-20 23:35:41.703,2026-04-21 01:23:41.703,20260420,20260421,108.0,True,False
UK094,3,2,2026-04-20 23:26:41.702,2026-04-21 01:11:41.702,20260420,20260421,105.0,True,False
AI245,2,2,2026-04-20 23:07:41.704,2026-04-21 01:43:41.704,20260420,20260421,156.0,True,False
AI192,2,3,2026-04-20 23:05:41.703,2026-04-21 04:04:41.703,20260420,20260421,299.0,True,False
SJ158,1,4,2026-04-20 23:05:41.703,2026-04-21 01:24:41.703,20260420,20260421,139.0,True,False
6F196,4,1,2026-04-20 23:04:41.703,2026-04-21 00:47:41.703,20260420,20260421,103.0,True,False
AI080,2,5,2026-04-20 23:03:41.702,2026-04-21 00:35:41.702,20260420,20260421,92.0,True,False
6F025,4,6,2026-04-20 23:02:41.701,2026-04-20 23:57:41.701,20260420,20260420,55.0,False,False
6F251,5,7,2026-04-20 22:56:41.703,2026-04-20 23:37:41.703,20260420,20260420,41.0,False,False
AI137,2,8,2026-04-20 22:49:41.702,2026-04-21 01:17:41.702,20260420,20260421,148.0,True,False
6F026,4,2,2026-04-20 22:46:42.000,2026-04-21 03:13:42.000,20260420,20260421,267.0,True,False
UK167,3,9,2026-04-20 22:45:41.703,2026-04-21 01:46:41.703,20260420,20260421,181.0,True,False
UK027,3,2,2026-04-20 22:44:41.701,2026-04-21 01:05:41.701,20260420,20260421,141.0,True,False
AI069,5,10,2026-04-20 22:43:41.702,2026-04-21 02:29:41.702,20260420,20260421,226.0,True,False
AI058,2,2,2026-04-20 22:40:41.701,2026-04-21 00:18:41.701,20260420,20260421,98.0,True,False
AI140,2,8,2026-04-20 22:25:41.702,2026-04-21 02:08:41.702,20260420,20260421,223.0,True,False
SJ239,1,2,2026-04-20 22:24:41.704,2026-04-21 00:10:41.704,20260420,20260421,106.0,True,False
6F099,4,11,2026-04-20 22:24:41.702,2026-04-20 22:59:41.702,20260420,20260420,35.0,False,False
AI048,2,12,2026-04-20 22:23:41.701,2026-04-21 02:15:41.701,20260420,20260421,232.0,True,False
SJ112,1,13,2026-04-20 22:20:41.702,2026-04-21 00:40:41.702,20260420,20260421,140.0,True,False
6F164,4,6,2026-04-20 22:18:41.703,2026-04-21 00:45:41.703,20260420,20260421,147.0,True,False
UK021,3,14,2026-04-20 22:00:41.701,2026-04-20 23:50:41.701,20260420,20260420,110.0,False,False
SJ172,1,12,2026-04-20 21:58:41.703,2026-04-21 01:14:41.703,20260420,20260421,196.0,True,False
AI060,2,4,2026-04-20 21:58:41.701,2026-04-20 23:51:41.701,20260420,20260420,113.0,False,False
SJ205,1,15,2026-04-20 21:56:41.703,2026-04-20 23:00:41.703,20260420,20260420,64.0,False,False
SJ093,1,6,2026-04-20 21:55:41.702,2026-04-20 23:01:41.702,20260420,20260420,66.0,False,False
6F195,4,12,2026-04-20 21:44:41.703,2026-04-20 22:39:41.703,20260420,20260420,55.0,False,False
UK003,5,13,2026-04-20 21:41:41.700,2026-04-21 02:19:41.700,20260420,20260421,278.0,True,False
UK026,3,14,2026-04-20 21:38:41.701,2026-04-20 23:44:41.701,20260420,20260420,126.0,False,False
6F174,4,4,2026-04-20 21:36:41.703,2026-04-20 22:16:41.703,20260420,20260420,40.0,False,False
UK067,3,2,2026-04-20 21:36:41.701,2026-04-21 01:02:41.701,20260420,20260421,206.0,True,False
SJ149,1,14,2026-04-20 21:20:41.702,2026-04-20 23:20:42.000,20260420,20260420,120.00496666666666,False,False
6F213,4,6,2026-04-20 21:05:41.703,2026-04-21 00:32:41.703,20260420,20260421,207.0,True,False
UK200,3,12,2026-04-20 20:54:41.703,2026-04-20 22:45:41.703,20260420,20260420,111.0,False,False
SJ214,1,16,2026-04-20 20:54:41.703,2026-04-20 22:10:41.703,20260420,20260420,76.0,False,False
SJ047,1,17,2026-04-20 20:44:41.701,2026-04-20 21:21:41.701,20260420,20260420,37.0,False,False
AI179,2,17,2026-04-20 20:41:41.703,2026-04-21 01:19:41.703,20260420,20260421,278.0,True,False
SJ153,1,18,2026-04-20 20:37:41.702,2026-04-20 22:00:41.702,20260420,20260420,83.0,False,False
6F236,4,8,2026-04-20 20:35:41.704,2026-04-20 23:54:41.704,20260420,20260420,199.0,False,False
UK059,3,14,2026-04-20 20:33:41.701,2026-04-20 22:10:41.701,20260420,20260420,97.0,False,False
SJ001,1,16,2026-04-20 20:28:41.700,2026-04-21 01:15:41.700,20260420,20260421,287.0,True,False
SJ049,1,12,2026-04-20 20:26:41.701,2026-04-21 00:26:41.701,20260420,20260421,240.0,True,False
6F086,4,19,2026-04-20 20:23:41.702,2026-04-20 21:00:41.702,20260420,20260420,37.0,False,False
AI220,2,8,2026-04-20 20:19:41.703,2026-04-20 21:57:41.703,20260420,20260420,98.0,False,False
AI188,2,20,2026-04-20 20:16:41.703,2026-04-20 23:02:41.703,20260420,20260420,166.0,False,False
6F114,4,16,2026-04-20 20:10:41.702,2026-04-20 21:00:41.702,20260420,20260420,50.0,False,False
SJ179,1,4,2026-04-20 20:09:41.703,2026-04-20 23:39:41.703,20260420,20260420,210.0,False,False
6F190,4,9,2026-04-20 20:02:41.703,2026-04-21 00:36:41.703,20260420,20260421,274.0,True,False
SJ003,1,21,2026-04-20 19:50:41.701,2026-04-20 20:32:41.701,20260420,20260420,42.0,False,False
6F028,4,15,2026-04-20 19:49:41.701,2026-04-20 21:49:41.701,20260420,20260420,120.0,False,False
UK036,3,22,2026-04-20 19:48:41.701,2026-04-21 00:12:41.701,20260420,20260421,264.0,True,False
SJ160,1,23,2026-04-20 19:45:41.703,2026-04-20 20:30:41.703,20260420,20260420,45.0,False,False
6F151,4,20,2026-04-20 19:44:41.703,2026-04-20 22:04:41.703,20260420,20260420,140.0,False,False
UK140,3,23,2026-04-20 19:37:41.703,2026-04-20 21:00:41.703,20260420,20260420,83.0,False,False
AI115,2,23,2026-04-20 19:37:41.702,2026-04-21 00:26:41.702,20260420,20260421,289.0,True,False
AI132,2,6,2026-04-20 19:32:41.702,2026-04-20 21:41:41.702,20260420,20260420,129.0,False,False
UK209,5,23,2026-04-20 19:02:41.704,2026-04-20 21:47:41.704,20260420,20260420,165.0,False,False
SJ043,5,11,2026-04-20 18:59:41.701,2026-04-20 21:08:41.701,20260420,20260420,129.0,False,False
UK176,3,24,2026-04-20 18:41:41.703,2026-04-20 22:49:41.703,20260420,20260420,248.0,False,False
UK216,3,19,2026-04-20 18:33:41.704,2026-04-20 21:47:41.704,20260420,20260420,194.0,False,False
UK150,3,18,2026-04-20 18:31:41.703,2026-04-20 19:01:41.703,20260420,20260420,30.0,False,False
UK145,3,5,2026-04-20 18:30:41.703,2026-04-20 20:41:41.703,20260420,20260420,131.0,False,False
6F270,5,14,2026-04-20 18:14:41.701,2026-04-20 19:02:41.701,20260420,20260420,48.0,False,False
6F012,4,20,2026-04-20 18:06:41.701,2026-04-20 21:31:41.701,20260420,20260420,205.0,False,False
SJ236,1,3,2026-04-20 18:03:41.704,2026-04-20 22:02:41.704,20260420,20260420,239.0,False,False
6F149,4,25,2026-04-20 17:57:41.703,2026-04-20 20:42:41.703,20260420,20260420,165.0,False,False
UK004,3,2,2026-04-20 17:56:41.700,2026-04-20 18:30:41.700,20260420,20260420,34.0,False,False
UK010,3,19,2026-04-20 17:53:41.701,2026-04-20 20:40:41.701,20260420,20260420,167.0,False,False
UK215,3,8,2026-04-20 17:38:41.704,2026-04-20 19:50:41.704,20260420,20260420,132.0,False,False
SJ116,1,15,2026-04-20 17:33:41.702,2026-04-20 19:02:41.702,20260420,20260420,89.0,False,False
SJ023,1,14,2026-04-20 17:27:41.701,2026-04-20 19:09:41.701,20260420,20260420,102.0,False,False
UK152,3,2,2026-04-20 17:24:41.703,2026-04-20 20:13:41.703,20260420,20260420,169.0,False,False
SJ202,1,20,2026-04-20 17:21:41.703,2026-04-20 19:08:41.703,20260420,20260420,107.0,False,False
6F043,4,5,2026-04-20 17:17:41.701,2026-04-20 18:43:41.701,20260420,20260420,86.0,False,False
UK173,3,23,2026-04-20 17:06:41.703,2026-04-20 21:22:41.703,20260420,20260420,256.0,False,False
SJ081,1,26,2026-04-20 17:04:41.702,2026-04-20 18:53:41.702,20260420,20260420,109.0,False,False
UK153,3,20,2026-04-20 16:52:41.703,2026-04-20 20:53:41.703,20260420,20260420,241.0,False,False
UK187,3,6,2026-04-20 16:52:41.703,2026-04-20 18:42:41.703,20260420,20260420,110.0,False,False
UK055,3,13,2026-04-20 16:48:41.701,2026-04-20 19:31:41.701,20260420,20260420,163.0,False,False
UK181,3,11,2026-04-20 16:44:41.703,2026-04-20 19:26:41.703,20260420,20260420,162.0,False,False
UK074,3,8,2026-04-20 16:44:41.702,2026-04-20 18:41:41.702,20260420,20260420,117.0,False,False
SJ068,1,6,2026-04-20 16:44:41.701,2026-04-20 18:48:41.701,20260420,20260420,124.0,False,False
AI242,5,25,2026-04-20 16:41:41.704,2026-04-20 17:43:41.704,20260420,20260420,62.0,False,False
SJ237,1,2,2026-04-20 16:32:41.704,2026-04-20 19:00:41.704,20260420,20260420,148.0,False,False
6F194,4,2,2026-04-20 16:29:41.703,2026-04-20 18:27:41.703,20260420,20260420,118.0,False,False
UK063,3,10,2026-04-20 16:29:41.701,2026-04-20 17:41:41.701,20260420,20260420,72.0,False,False
UK068,3,27,2026-04-20 16:28:41.701,2026-04-20 18:09:41.701,20260420,20260420,101.0,False,False
UK224,5,1,2026-04-20 16:25:41.704,2026-04-20 20:24:41.704,20260420,20260420,239.0,False,False
UK077,5,17,2026-04-20 16:22:41.702,2026-04-20 18:00:41.702,20260420,20260420,98.0,False,False
UK207,3,21,2026-04-20 16:21:41.703,2026-04-20 17:36:41.703,20260420,20260420,75.0,False,False
AI221,2,19,2026-04-20 16:18:41.703,2026-04-20 18:54:41.703,20260420,20260420,156.0,False,False
UK109,3,6,2026-04-20 16:06:41.702,2026-04-20 17:06:42.000,20260420,20260420,60.00496666666666,False,False
UK089,3,5,2026-04-20 15:38:41.702,2026-04-20 19:50:41.702,20260420,20260420,252.0,False,False
AI072,2,25,2026-04-20 15:34:41.702,2026-04-20 16:32:41.702,20260420,20260420,58.0,False,False
UK131,3,8,2026-04-20 15:33:41.702,2026-04-20 19:39:41.702,20260420,20260420,246.0,False,False
SJ150,1,5,2026-04-20 15:33:41.702,2026-04-20 19:03:41.702,20260420,20260420,210.0,False,False
6F097,4,6,2026-04-20 15:32:41.702,2026-04-20 16:49:41.702,20260420,20260420,77.0,False,False
6F123,4,4,2026-04-20 15:26:41.702,2026-04-20 17:12:41.702,20260420,20260420,106.0,False,False
6F017,4,28,2026-04-20 15:25:41.701,2026-04-20 18:06:41.701,20260420,20260420,161.0,False,False
6F245,4,28,2026-04-20 15:25:41.701,2026-04-20 18:06:41.701,20260420,20260420,161.0,False,False
6F180,4,23,2026-04-20 15:24:41.703,2026-04-20 19:48:41.703,20260420,20260420,264.0,False,False
6F152,4,12,2026-04-20 15:21:41.703,2026-04-20 17:25:41.703,20260420,20260420,124.0,False,False
SJ034,1,3,2026-04-20 15:20:41.701,2026-04-20 20:11:41.701,20260420,20260420,291.0,False,False
SJ142,1,28,2026-04-20 15:14:41.702,2026-04-20 16:56:41.702,20260420,20260420,102.0,False,False
UK189,3,27,2026-04-20 15:07:41.703,2026-04-20 18:51:41.703,20260420,20260420,224.0,False,False
SJ044,1,18,2026-04-20 15:06:41.701,2026-04-20 17:43:41.701,20260420,20260420,157.0,False,False
SJ196,1,4,2026-04-20 14:58:41.703,2026-04-20 17:44:41.703,20260420,20260420,166.0,False,False
6F188,4,4,2026-04-20 14:57:41.703,2026-04-20 19:39:41.703,20260420,20260420,282.0,False,False
6F181,4,16,2026-04-20 14:55:41.703,2026-04-20 16:43:41.703,20260420,20260420,108.0,False,False
6F077,4,12,2026-04-20 14:55:41.702,2026-04-20 19:13:41.702,20260420,20260420,258.0,False,False
SJ154,1,29,2026-04-20 14:47:41.702,2026-04-20 16:26:41.702,20260420,20260420,99.0,False,False
AI025,2,13,2026-04-20 14:46:41.701,2026-04-20 17:11:41.701,20260420,20260420,145.0,False,False
AI094,2,7,2026-04-20 14:44:41.702,2026-04-20 15:44:42.000,20260420,20260420,60.00496666666666,False,False
6F191,4,30,2026-04-20 14:41:41.703,2026-04-20 15:11:41.703,20260420,20260420,30.0,False,False
SJ085,1,27,2026-04-20 14:41:41.702,2026-04-20 19:11:41.702,20260420,20260420,270.0,False,False
6F261,5,12,2026-04-20 14:31:41.703,2026-04-20 17:29:41.703,20260420,20260420,178.0,False,False
6F129,4,18,2026-04-20 14:28:41.702,2026-04-20 16:47:41.702,20260420,20260420,139.0,False,False
6F254,5,23,2026-04-20 14:26:41.703,2026-04-20 18:01:41.703,20260420,20260420,215.0,False,False
SJ185,1,2,2026-04-20 14:21:41.703,2026-04-20 15:21:41.703,20260420,20260420,60.0,False,False
6F030,4,8,2026-04-20 14:20:41.701,2026-04-20 17:10:41.701,20260420,20260420,170.0,False,False
SJ222,1,8,2026-04-20 14:15:41.703,2026-04-20 17:09:41.703,20260420,20260420,174.0,False,False
6F259,5,8,2026-04-20 14:10:41.703,2026-04-20 15:21:41.703,20260420,20260420,71.0,False,False
UK083,3,4,2026-04-20 14:10:41.702,2026-04-20 14:59:41.702,20260420,20260420,49.0,False,False
6F051,4,6,2026-04-20 13:58:41.701,2026-04-20 15:58:41.701,20260420,20260420,120.0,False,False
SJ088,1,1,2026-04-20 13:54:41.702,2026-04-20 14:26:41.702,20260420,20260420,32.0,False,False
6F146,4,14,2026-04-20 13:51:41.703,2026-04-20 15:07:41.703,20260420,20260420,76.0,False,False
6F047,4,11,2026-04-20 13:50:41.701,2026-04-20 15:55:41.701,20260420,20260420,125.0,False,False
AI077,2,20,2026-04-20 13:45:41.702,2026-04-20 14:51:41.702,20260420,20260420,66.0,False,False
UK134,3,15,2026-04-20 13:44:41.702,2026-04-20 17:26:41.702,20260420,20260420,222.0,False,False
AI056,2,9,2026-04-20 13:44:41.701,2026-04-20 17:39:41.701,20260420,20260420,235.0,False,False
UK141,5,14,2026-04-20 13:38:41.703,2026-04-20 15:59:41.703,20260420,20260420,141.0,False,False
AI030,2,20,2026-04-20 13:33:41.701,2026-04-20 16:52:41.701,20260420,20260420,199.0,False,False
AI029,2,11,2026-04-20 13:29:41.701,2026-04-20 17:53:41.701,20260420,20260420,264.0,False,False
SJ167,1,21,2026-04-20 13:18:41.703,2026-04-20 14:12:41.703,20260420,20260420,54.0,False,False
UK017,3,29,2026-04-20 13:14:41.701,2026-04-20 14:49:41.701,20260420,20260420,95.0,False,False
6F229,4,11,2026-04-20 13:10:41.704,2026-04-20 14:30:41.704,20260420,20260420,80.0,False,False
SJ117,1,23,2026-04-20 13:10:41.702,2026-04-20 17:06:41.702,20260420,20260420,236.0,False,False
6F184,4,3,2026-04-20 13:05:41.703,2026-04-20 16:04:41.703,20260420,20260420,179.0,False,False
AI031,2,9,2026-04-20 13:05:41.701,2026-04-20 16:11:41.701,20260420,20260420,186.0,False,False
AI178,2,22,2026-04-20 13:04:41.703,2026-04-20 14:03:41.703,20260420,20260420,59.0,False,False
SJ089,1,15,2026-04-20 12:42:41.702,2026-04-20 17:15:41.702,20260420,20260420,273.0,False,False
UK166,3,14,2026-04-20 12:39:41.703,2026-04-20 17:32:41.703,20260420,20260420,293.0,False,False
UK104,3,10,2026-04-20 12:30:41.702,2026-04-20 13:52:41.702,20260420,20260420,82.0,False,False
6F168,4,13,2026-04-20 12:18:41.703,2026-04-20 15:58:41.703,20260420,20260420,220.0,False,False
AI222,5,8,2026-04-20 12:10:41.703,2026-04-20 13:14:41.703,20260420,20260420,64.0,False,False
SJ025,1,2,2026-04-20 12:02:41.701,2026-04-20 15:29:41.701,20260420,20260420,207.0,False,False
6F255,5,10,2026-04-20 11:59:41.703,2026-04-20 15:33:41.703,20260420,20260420,214.0,False,False
UK228,3,9,2026-04-20 11:58:41.704,2026-04-20 15:08:41.704,20260420,20260420,190.0,False,False
6F158,4,1,2026-04-20 11:58:41.703,2026-04-20 16:04:41.703,20260420,20260420,246.0,False,False
SJ218,1,4,2026-04-20 11:58:41.703,2026-04-20 15:03:41.703,20260420,20260420,185.0,False,False
6F034,4,8,2026-04-20 11:53:41.701,2026-04-20 12:49:41.701,20260420,20260420,56.0,False,False
UK156,3,23,2026-04-20 11:50:41.703,2026-04-20 15:54:41.703,20260420,20260420,244.0,False,False
6F105,4,6,2026-04-20 11:46:41.702,2026-04-20 12:58:41.702,20260420,20260420,72.0,False,False
6F073,4,18,2026-04-20 11:38:41.702,2026-04-20 15:18:41.702,20260420,20260420,220.0,False,False
SJ074,1,18,2026-04-20 11:21:41.701,2026-04-20 12:02:41.701,20260420,20260420,41.0,False,False
6F234,4,8,2026-04-20 11:20:41.704,2026-04-20 14:11:41.704,20260420,20260420,171.0,False,False
6F068,4,29,2026-04-20 11:17:41.701,2026-04-20 15:06:41.701,20260420,20260420,229.0,False,False
6F074,4,17,2026-04-20 11:09:41.702,2026-04-20 14:29:41.702,20260420,20260420,200.0,False,False
AI038,2,14,2026-04-20 11:05:41.701,2026-04-20 15:44:41.701,20260420,20260420,279.0,False,False
AI079,2,22,2026-04-20 11:04:41.702,2026-04-20 13:19:41.702,20260420,20260420,135.0,False,False
SJ018,1,2,2026-04-20 10:58:41.701,2026-04-20 13:31:41.701,20260420,20260420,153.0,False,False
6F018,4,7,2026-04-20 10:57:41.701,2026-04-20 11:43:41.701,20260420,20260420,46.0,False,False
AI091,2,1,2026-04-20 10:52:41.702,2026-04-20 15:15:41.702,20260420,20260420,263.0,False,False
UK071,3,4,2026-04-20 10:50:41.701,2026-04-20 14:06:41.701,20260420,20260420,196.0,False,False
AI019,2,2,2026-04-20 10:49:41.701,2026-04-20 11:51:41.701,20260420,20260420,62.0,False,False
UK212,3,14,2026-04-20 10:46:41.704,2026-04-20 11:31:41.704,20260420,20260420,45.0,False,False
AI146,2,30,2026-04-20 10:40:41.702,2026-04-20 13:46:41.702,20260420,20260420,186.0,False,False
6F232,4,23,2026-04-20 10:39:41.704,2026-04-20 12:22:41.704,20260420,20260420,103.0,False,False
6F084,4,20,2026-04-20 10:34:41.702,2026-04-20 11:34:42.000,20260420,20260420,60.00496666666666,False,False
AI129,2,2,2026-04-20 10:29:41.702,2026-04-20 13:38:41.702,20260420,20260420,189.0,False,False
AI240,2,11,2026-04-20 10:19:41.704,2026-04-20 12:46:41.704,20260420,20260420,147.0,False,False
6F091,4,25,2026-04-20 10:10:41.702,2026-04-20 11:36:41.702,20260420,20260420,86.0,False,False
UK133,3,8,2026-04-20 10:04:41.702,2026-04-20 13:16:41.702,20260420,20260420,192.0,False,False
SJ007,1,2,2026-04-20 10:03:41.701,2026-04-20 14:53:41.701,20260420,20260420,290.0,False,False
SJ141,1,12,2026-04-20 10:00:41.702,2026-04-20 13:37:41.702,20260420,20260420,217.0,False,False
6F049,4,13,2026-04-20 10:00:41.701,2026-04-20 13:13:41.701,20260420,20260420,193.0,False,False
SJ235,1,8,2026-04-20 09:57:41.704,2026-04-20 13:45:41.704,20260420,20260420,228.0,False,False
UK087,3,14,2026-04-20 09:49:41.702,2026-04-20 13:17:41.702,20260420,20260420,208.0,False,False
UK170,3,26,2026-04-20 09:42:41.703,2026-04-20 11:32:41.703,20260420,20260420,110.0,False,False
SJ078,1,4,2026-04-20 09:41:41.701,2026-04-20 12:49:41.701,20260420,20260420,188.0,False,False
SJ075,1,23,2026-04-20 09:26:41.701,2026-04-20 11:03:41.701,20260420,20260420,97.0,False,False
AI159,2,24,2026-04-20 09:23:41.703,2026-04-20 11:36:41.703,20260420,20260420,133.0,False,False
UK120,3,13,2026-04-20 09:19:41.702,2026-04-20 13:30:41.702,20260420,20260420,251.0,False,False
AI059,2,12,2026-04-20 09:16:41.701,2026-04-20 11:43:41.701,20260420,20260420,147.0,False,False
UK040,3,15,2026-04-20 09:15:41.701,2026-04-20 10:32:41.701,20260420,20260420,77.0,False,False
AI044,5,23,2026-04-20 09:03:41.701,2026-04-20 12:36:41.701,20260420,20260420,213.0,False,False
AI078,2,10,2026-04-20 08:58:41.702,2026-04-20 13:28:41.702,20260420,20260420,270.0,False,False
SJ226,1,17,2026-04-20 08:47:41.704,2026-04-20 12:54:41.704,20260420,20260420,247.0,False,False
6F209,4,21,2026-04-20 08:40:41.703,2026-04-20 13:40:41.703,20260420,20260420,300.0,False,False
UK193,3,13,2026-04-20 08:39:41.703,2026-04-20 09:14:41.703,20260420,20260420,35.0,False,False
6F092,4,23,2026-04-20 08:39:41.702,2026-04-20 09:15:41.702,20260420,20260420,36.0,False,False
AI208,2,6,2026-04-20 08:38:41.703,2026-04-20 11:52:41.703,20260420,20260420,194.0,False,False
SJ227,1,2,2026-04-20 08:32:41.704,2026-04-20 12:53:41.704,20260420,20260420,261.0,False,False
6F238,4,8,2026-04-20 08:31:41.704,2026-04-20 09:19:41.704,20260420,20260420,48.0,False,False
AI084,2,5,2026-04-20 08:31:41.702,2026-04-20 09:46:41.702,20260420,20260420,75.0,False,False
SJ228,1,2,2026-04-20 08:29:41.704,2026-04-20 12:16:41.704,20260420,20260420,227.0,False,False
UK194,3,28,2026-04-20 08:26:41.703,2026-04-20 09:26:42.000,20260420,20260420,60.00495,False,False
6F126,4,1,2026-04-20 08:21:41.702,2026-04-20 09:39:41.702,20260420,20260420,78.0,False,False
SJ052,1,23,2026-04-20 08:20:41.701,2026-04-20 09:57:41.701,20260420,20260420,97.0,False,False
AI233,2,6,2026-04-20 08:04:41.704,2026-04-20 09:52:41.704,20260420,20260420,108.0,False,False
AI213,2,15,2026-04-20 08:03:41.703,2026-04-20 09:14:41.703,20260420,20260420,71.0,False,False
UK076,3,21,2026-04-20 08:03:41.702,2026-04-20 12:26:41.702,20260420,20260420,263.0,False,False
SJ022,1,7,2026-04-20 07:56:41.701,2026-04-20 11:07:41.701,20260420,20260420,191.0,False,False
SJ002,1,10,2026-04-20 07:54:41.701,2026-04-20 12:40:41.701,20260420,20260420,286.0,False,False
AI163,2,14,2026-04-20 07:45:41.703,2026-04-20 08:46:41.703,20260420,20260420,61.0,False,False
UK229,5,13,2026-04-20 07:40:41.704,2026-04-20 11:57:41.704,20260420,20260420,257.0,False,False
UK185,3,9,2026-04-20 07:31:41.703,2026-04-20 08:48:41.703,20260420,20260420,77.0,False,False
6F029,4,26,2026-04-20 07:31:41.701,2026-04-20 11:45:41.701,20260420,20260420,254.0,False,False
6F056,4,16,2026-04-20 07:00:41.701,2026-04-20 08:49:41.701,20260420,20260420,109.0,False,False
AI062,2,11,2026-04-20 06:49:41.701,2026-04-20 07:25:41.701,20260420,20260420,36.0,False,False
UK034,3,7,2026-04-20 06:47:41.701,2026-04-20 10:11:41.701,20260420,20260420,204.0,False,False
UK079,3,7,2026-04-20 06:43:41.702,2026-04-20 10:34:41.702,20260420,20260420,231.0,False,False
AI135,2,6,2026-04-20 06:40:41.702,2026-04-20 09:21:41.702,20260420,20260420,161.0,False,False
SJ061,1,23,2026-04-20 06:38:41.701,2026-04-20 09:35:41.701,20260420,20260420,177.0,False,False
AI047,5,1,2026-04-20 06:36:41.701,2026-04-20 07:23:41.701,20260420,20260420,47.0,False,False
UK210,3,18,2026-04-20 06:35:41.704,2026-04-20 07:30:41.704,20260420,20260420,55.0,False,False
AI088,5,11,2026-04-20 06:34:41.702,2026-04-20 10:10:41.702,20260420,20260420,216.0,False,False
UK177,3,4,2026-04-20 06:21:41.703,2026-04-20 10:50:41.703,20260420,20260420,269.0,False,False
AI128,5,2,2026-04-20 06:07:41.702,2026-04-20 10:03:41.702,20260420,20260420,236.0,False,False
AI158,2,12,2026-04-20 06:04:41.703,2026-04-20 09:01:41.703,20260420,20260420,177.0,False,False
UK206,3,23,2026-04-20 06:01:41.703,2026-04-20 10:34:41.703,20260420,20260420,273.0,False,False
SJ138,5,6,2026-04-20 05:55:41.702,2026-04-20 06:43:41.702,20260420,20260420,48.0,False,False
AI034,2,10,2026-04-20 05:48:41.701,2026-04-20 10:31:41.701,20260420,20260420,283.0,False,False
AI012,2,2,2026-04-20 05:44:41.701,2026-04-20 09:47:41.701,20260420,20260420,243.0,False,False
6F083,4,30,2026-04-20 05:24:41.702,2026-04-20 06:03:41.702,20260420,20260420,39.0,False,False
SJ083,1,23,2026-04-20 05:13:41.702,2026-04-20 08:17:41.702,20260420,20260420,184.0,False,False
SJ186,1,12,2026-04-20 05:11:41.703,2026-04-20 07:22:41.703,20260420,20260420,131.0,False,False
UK001,3,12,2026-04-20 05:06:41.700,2026-04-20 06:31:41.700,20260420,20260420,85.0,False,False
AI217,2,22,2026-04-20 04:57:41.703,2026-04-20 07:14:41.703,20260420,20260420,137.0,False,False
6F178,4,2,2026-04-20 04:48:41.703,2026-04-20 09:11:41.703,20260420,20260420,263.0,False,False
UK015,3,6,2026-04-20 04:46:41.701,2026-04-20 06:33:41.701,20260420,20260420,107.0,False,False
AI112,2,7,2026-04-20 04:41:41.702,2026-04-20 08:24:41.702,20260420,20260420,223.0,False,False
UK100,3,22,2026-04-20 04:40:41.702,2026-04-20 07:12:41.702,20260420,20260420,152.0,False,False
6F133,4,23,2026-04-20 04:38:41.702,2026-04-20 06:25:41.702,20260420,20260420,107.0,False,False
AI227,2,27,2026-04-20 04:31:41.703,2026-04-20 08:17:41.703,20260420,20260420,226.0,False,False
UK093,3,15,2026-04-20 04:31:41.702,2026-04-20 05:21:41.702,20260420,20260420,50.0,False,False
UK203,3,29,2026-04-20 04:12:41.703,2026-04-20 05:24:41.703,20260420,20260420,72.0,False,False
UK154,3,19,2026-04-20 04:00:41.703,2026-04-20 07:57:41.703,20260420,20260420,237.0,False,False
UK073,3,25,2026-04-20 03:59:41.702,2026-04-20 08:09:41.702,20260420,20260420,250.0,False,False
AI164,2,7,2026-04-20 03:57:41.703,2026-04-20 05:45:41.703,20260420,20260420,108.0,False,False
UK008,3,22,2026-04-20 03:57:41.701,2026-04-20 04:34:41.701,20260420,20260420,37.0,False,False
UK051,3,13,2026-04-20 03:55:41.701,2026-04-20 06:55:41.701,20260420,20260420,180.0,False,False
UK208,3,18,2026-04-20 03:54:41.704,2026-04-20 08:51:41.704,20260420,20260420,297.0,False,False
AI150,2,8,2026-04-20 03:51:41.703,2026-04-20 04:38:41.703,20260420,20260420,47.0,False,False
AI189,2,12,2026-04-20 03:44:41.703,2026-04-20 05:32:41.703,20260420,20260420,108.0,False,False
6F230,4,22,2026-04-20 03:34:41.704,2026-04-20 06:47:41.704,20260420,20260420,193.0,False,False
6F169,4,8,2026-04-20 03:27:41.703,2026-04-20 08:06:41.703,20260420,20260420,279.0,False,False
AI205,2,6,2026-04-20 03:26:41.703,2026-04-20 05:14:41.703,20260420,20260420,108.0,False,False
AI103,2,6,2026-04-20 03:26:41.702,2026-04-20 04:04:41.702,20260420,20260420,38.0,False,False
6F250,5,7,2026-04-20 03:26:41.701,2026-04-20 07:30:41.701,20260420,20260420,244.0,False,False
AI246,2,26,2026-04-20 03:22:41.704,2026-04-20 06:41:41.704,20260420,20260420,199.0,False,False
6F187,4,16,2026-04-20 03:19:41.703,2026-04-20 07:37:41.703,20260420,20260420,258.0,False,False
AI082,2,18,2026-04-20 03:19:41.702,2026-04-20 06:01:41.702,20260420,20260420,162.0,False,False
UK116,3,28,2026-04-20 03:18:41.702,2026-04-20 07:06:41.702,20260420,20260420,228.0,False,False
SJ169,1,16,2026-04-20 03:10:41.703,2026-04-20 07:56:41.703,20260420,20260420,286.0,False,False
AI175,2,5,2026-04-20 03:08:41.703,2026-04-20 06:55:41.703,20260420,20260420,227.0,False,False
SJ098,1,14,2026-04-20 03:02:41.702,2026-04-20 03:37:41.702,20260420,20260420,35.0,False,False
SJ191,1,6,2026-04-20 03:01:41.703,2026-04-20 04:23:41.703,20260420,20260420,82.0,False,False
SJ017,1,9,2026-04-20 02:57:41.701,2026-04-20 05:00:41.701,20260420,20260420,123.0,False,False
UK188,3,23,2026-04-20 02:55:41.703,2026-04-20 03:44:41.703,20260420,20260420,49.0,False,False
AI196,2,19,2026-04-20 02:52:41.703,2026-04-20 04:25:41.703,20260420,20260420,93.0,False,False
AI068,2,26,2026-04-20 02:48:41.702,2026-04-20 04:48:42.000,20260420,20260420,120.00496666666666,False,False
SJ097,1,2,2026-04-20 02:37:41.702,2026-04-20 05:27:41.702,20260420,20260420,170.0,False,False
SJ030,1,4,2026-04-20 02:36:41.701,2026-04-20 03:19:41.701,20260420,20260420,43.0,False,False
6F179,4,14,2026-04-20 02:25:41.703,2026-04-20 06:40:41.703,20260420,20260420,255.0,False,False
6F156,4,3,2026-04-20 02:23:41.703,2026-04-20 04:57:41.703,20260420,20260420,154.0,False,False
6F250_1,5,22,2026-04-20 02:23:41.702,2026-04-20 02:56:41.702,20260420,20260420,33.0,False,False
SJ057,1,2,2026-04-20 02:17:41.701,2026-04-20 05:29:41.701,20260420,20260420,192.0,False,False
6F036,4,22,2026-04-20 02:14:41.701,2026-04-20 06:57:41.701,20260420,20260420,283.0,False,False
6F201,4,28,2026-04-20 02:09:41.703,2026-04-20 06:49:41.703,20260420,20260420,280.0,False,False
6F143,4,12,2026-04-20 02:09:41.702,2026-04-20 06:08:41.702,20260420,20260420,239.0,False,False
6F177,4,14,2026-04-20 02:03:41.703,2026-04-20 04:25:41.703,20260420,20260420,142.0,False,False
6F031,4,26,2026-04-20 02:00:41.701,2026-04-20 06:37:41.701,20260420,20260420,277.0,False,False
UK165,3,7,2026-04-20 01:51:41.703,2026-04-20 06:04:41.703,20260420,20260420,253.0,False,False
6F122,4,7,2026-04-20 01:44:41.702,2026-04-20 05:28:41.702,20260420,20260420,224.0,False,False
AI009,5,18,2026-04-20 01:31:41.701,2026-04-20 04:05:41.701,20260420,20260420,154.0,False,False
6F046,4,7,2026-04-20 01:27:41.701,2026-04-20 05:08:41.701,20260420,20260420,221.0,False,False
AI051,2,23,2026-04-20 01:27:41.701,2026-04-20 02:22:41.701,20260420,20260420,55.0,False,False
UK222,3,2,2026-04-20 01:22:41.704,2026-04-20 02:57:41.704,20260420,20260420,95.0,False,False
SJ127,1,8,2026-04-20 01:21:41.702,2026-04-20 03:58:41.702,20260420,20260420,157.0,False,False
AI226,5,29,2026-04-20 01:19:41.703,2026-04-20 04:08:41.703,20260420,20260420,169.0,False,False
AI216,2,2,2026-04-20 01:10:41.703,2026-04-20 02:34:41.703,20260420,20260420,84.0,False,False
6F058,4,2,2026-04-20 01:04:41.701,2026-04-20 03:33:41.701,20260420,20260420,149.0,False,False
SJ207,1,18,2026-04-20 00:52:41.703,2026-04-20 04:05:41.703,20260420,20260420,193.0,False,False
SJ198,1,28,2026-04-20 00:47:41.703,2026-04-20 05:28:41.703,20260420,20260420,281.0,False,False
SJ108,1,29,2026-04-20 00:40:41.702,2026-04-20 03:16:41.702,20260420,20260420,156.0,False,False
SJ155,1,18,2026-04-20 00:38:41.702,2026-04-20 05:38:41.702,20260420,20260420,300.0,False,False
6F193,4,16,2026-04-20 00:34:41.703,2026-04-20 02:32:41.703,20260420,20260420,118.0,False,False
6F019,4,6,2026-04-20 00:19:41.701,2026-04-20 04:14:41.701,20260420,20260420,235.0,False,False
AI102,2,22,2026-04-20 00:17:41.702,2026-04-20 05:08:41.702,20260420,20260420,291.0,False,False
6F166,4,2,2026-04-20 00:03:41.703,2026-04-20 04:33:41.703,20260420,20260420,270.0,False,False
UK175,3,6,2026-04-19 23:56:41.703,2026-04-20 03:18:41.703,20260419,20260420,202.0,True,False
6F010,4,7,2026-04-19 23:53:41.701,2026-04-20 03:44:41.701,20260419,20260420,231.0,True,False
AI234,2,16,2026-04-19 23:50:41.704,2026-04-20 01:34:41.704,20260419,20260420,104.0,True,False
UK135,3,13,2026-04-19 23:50:41.702,2026-04-20 01:43:41.702,20260419,20260420,113.0,True,False
6F272,5,14,2026-04-19 23:35:41.702,2026-04-20 00:22:41.702,20260419,20260420,47.0,True,False
AI061,2,2,2026-04-19 23:31:41.701,2026-04-20 01:02:41.701,20260419,20260420,91.0,True,False
6F070,4,13,2026-04-19 23:23:41.701,2026-04-20 02:24:41.701,20260419,20260420,181.0,True,False
AI015,2,25,2026-04-19 23:21:41.701,2026-04-20 01:15:41.701,20260419,20260420,114.0,True,False
SJ076,1,9,2026-04-19 23:01:41.701,2026-04-20 02:02:41.701,20260419,20260420,181.0,True,False
SJ029,5,13,2026-04-19 22:55:41.701,2026-04-20 00:22:41.701,20260419,20260420,87.0,True,False
SJ194,1,12,2026-04-19 22:46:41.703,2026-04-20 02:31:41.703,20260419,20260420,225.0,True,False
AI235,2,29,2026-04-19 22:45:41.704,2026-04-20 02:12:41.704,20260419,20260420,207.0,True,False
SJ048,1,23,2026-04-19 22:43:41.701,2026-04-20 00:19:41.701,20260419,20260420,96.0,True,False
SJ114,1,13,2026-04-19 22:42:41.702,2026-04-20 02:02:41.702,20260419,20260420,200.0,True,False
SJ146,1,24,2026-04-19 22:37:41.702,2026-04-20 00:33:41.702,20260419,20260420,116.0,True,False
UK041,3,14,2026-04-19 22:37:41.701,2026-04-19 23:44:41.701,20260419,20260419,67.0,False,False
6F075,4,2,2026-04-19 22:20:41.702,2026-04-20 03:02:41.702,20260419,20260420,282.0,True,False
SJ020,1,6,2026-04-19 22:18:41.701,2026-04-20 02:27:41.701,20260419,20260420,249.0,True,False
SJ099,5,23,2026-04-19 22:14:41.702,2026-04-20 00:34:41.702,20260419,20260420,140.0,True,False
6F078,4,2,2026-04-19 22:04:41.702,2026-04-19 23:37:41.702,20260419,20260419,93.0,False,False
UK219,3,5,2026-04-19 22:03:41.704,2026-04-20 02:21:41.704,20260419,20260420,258.0,True,False
UK223,3,12,2026-04-19 21:58:41.704,2026-04-19 22:30:41.704,20260419,20260419,32.0,False,False
UK227,3,5,2026-04-19 21:57:41.704,2026-04-20 01:47:41.704,20260419,20260420,230.0,True,False
6F260,5,12,2026-04-19 21:51:41.702,2026-04-20 01:14:41.702,20260419,20260420,203.0,True,False
AI096,2,12,2026-04-19 21:48:41.702,2026-04-20 02:46:41.702,20260419,20260420,298.0,True,False
6F022,4,23,2026-04-19 21:46:41.701,2026-04-20 02:05:41.701,20260419,20260420,259.0,True,False
6F237,4,14,2026-04-19 21:41:41.704,2026-04-20 00:44:41.704,20260419,20260420,183.0,True,False
UK146,3,16,2026-04-19 21:40:41.703,2026-04-20 00:08:41.703,20260419,20260420,148.0,True,False
SJ015,1,2,2026-04-19 21:40:41.701,2026-04-19 22:52:41.701,20260419,20260419,72.0,False,False
AI108,2,25,2026-04-19 21:32:41.702,2026-04-20 00:17:41.702,20260419,20260420,165.0,True,False
UK020,3,23,2026-04-19 21:23:41.701,2026-04-19 22:38:41.701,20260419,20260419,75.0,False,False
6F113,4,2,2026-04-19 21:04:41.702,2026-04-20 01:30:41.702,20260419,20260420,266.0,True,False
6F112,4,13,2026-04-19 21:00:41.702,2026-04-19 23:16:41.702,20260419,20260419,136.0,False,False
6F246,4,13,2026-04-19 21:00:41.702,2026-04-19 23:16:41.702,20260419,20260419,136.0,False,False
UK158,3,16,2026-04-19 20:49:41.703,2026-04-19 21:22:41.703,20260419,20260419,33.0,False,False
UK159,3,22,2026-04-19 20:45:41.703,2026-04-19 23:32:41.703,20260419,20260419,167.0,False,False
UK084,3,11,2026-04-19 20:44:41.702,2026-04-20 00:20:41.702,20260419,20260420,216.0,True,False
SJ206,1,18,2026-04-19 20:43:41.703,2026-04-20 01:21:41.703,20260419,20260420,278.0,True,False
UK044,3,6,2026-04-19 20:31:41.701,2026-04-19 23:29:41.701,20260419,20260419,178.0,False,False
SJ036,1,4,2026-04-19 20:24:41.701,2026-04-19 23:54:41.701,20260419,20260419,210.0,False,False
6F176,4,12,2026-04-19 20:23:42.000,2026-04-19 23:23:42.000,20260419,20260419,180.0,False,False
6F148,4,28,2026-04-19 20:23:41.703,2026-04-19 22:30:41.703,20260419,20260419,127.0,False,False
6F202,4,24,2026-04-19 20:18:41.703,2026-04-19 23:48:41.703,20260419,20260419,210.0,False,False
6F071,4,18,2026-04-19 20:18:41.702,2026-04-20 00:31:41.702,20260419,20260420,253.0,True,False
AI105,2,12,2026-04-19 20:16:41.702,2026-04-19 22:03:41.702,20260419,20260419,107.0,False,False
AI241,2,24,2026-04-19 20:11:41.704,2026-04-19 22:18:41.704,20260419,20260419,127.0,False,False
SJ162,1,4,2026-04-19 20:11:41.703,2026-04-19 22:30:41.703,20260419,20260419,139.0,False,False
6F003,4,17,2026-04-19 20:06:41.700,2026-04-19 23:13:41.700,20260419,20260419,187.0,False,False
6F249,4,17,2026-04-19 20:06:41.700,2026-04-19 23:13:41.700,20260419,20260419,187.0,False,False
AI237,2,2,2026-04-19 19:58:41.704,2026-04-19 23:13:41.704,20260419,20260419,195.0,False,False
SJ134,1,2,2026-04-19 19:58:41.702,2026-04-20 00:15:41.702,20260419,20260420,257.0,True,False
AI071,2,16,2026-04-19 19:55:41.702,2026-04-19 22:58:41.702,20260419,20260419,183.0,False,False
6F118,4,20,2026-04-19 19:52:41.702,2026-04-19 21:01:41.702,20260419,20260419,69.0,False,False
6F014,4,9,2026-04-19 19:42:41.701,2026-04-19 23:15:41.701,20260419,20260419,213.0,False,False
6F065,4,23,2026-04-19 19:40:41.701,2026-04-19 22:23:41.701,20260419,20260419,163.0,False,False
6F271,5,14,2026-04-19 19:33:41.702,2026-04-19 22:52:41.702,20260419,20260419,199.0,False,False
SJ070,1,21,2026-04-19 18:55:41.701,2026-04-19 20:48:41.701,20260419,20260419,113.0,False,False
6F007,4,14,2026-04-19 18:55:41.701,2026-04-19 19:54:41.701,20260419,20260419,59.0,False,False
UK007,3,4,2026-04-19 18:50:41.701,2026-04-19 21:04:41.701,20260419,20260419,134.0,False,False
SJ192,1,17,2026-04-19 18:45:42.000,2026-04-18 23:45:42.000,20260419,20260418,,False,True
AI097,2,14,2026-04-19 18:42:41.702,2026-04-19 23:34:41.702,20260419,20260419,292.0,False,False
6F256,5,2,2026-04-19 18:40:41.702,2026-04-19 19:13:41.702,20260419,20260419,33.0,False,False
UK047,3,29,2026-04-19 18:40:41.701,2026-04-19 22:45:41.701,20260419,20260419,245.0,False,False
AI024,2,3,2026-04-19 18:38:41.701,2026-04-19 19:45:41.701,20260419,20260419,67.0,False,False
UK113,3,12,2026-04-19 18:34:41.702,2026-04-19 22:58:41.702,20260419,20260419,264.0,False,False
SJ163,1,4,2026-04-19 18:32:41.703,2026-04-19 23:08:41.703,20260419,20260419,276.0,False,False
SJ208,1,4,2026-04-19 18:32:41.703,2026-04-19 19:33:41.703,20260419,20260419,61.0,False,False
SJ221,1,19,2026-04-19 18:31:41.703,2026-04-19 23:17:41.703,20260419,20260419,286.0,False,False
SJ084,1,14,2026-04-19 18:31:41.702,2026-04-19 19:30:41.702,20260419,20260419,59.0,False,False
6F127,4,17,2026-04-19 18:27:41.702,2026-04-19 22:28:41.702,20260419,20260419,241.0,False,False
AI122,2,2,2026-04-19 18:25:41.702,2026-04-19 22:36:41.702,20260419,20260419,251.0,False,False
AI139,2,14,2026-04-19 18:23:41.702,2026-04-19 19:24:41.702,20260419,20260419,61.0,False,False
UK149,3,11,2026-04-19 18:22:41.703,2026-04-19 23:08:41.703,20260419,20260419,286.0,False,False
AI149,2,5,2026-04-19 18:19:41.703,2026-04-19 21:36:41.703,20260419,20260419,197.0,False,False
SJ243,1,30,2026-04-19 18:17:41.704,2026-04-19 23:03:41.704,20260419,20260419,286.0,False,False
AI053,2,12,2026-04-19 18:04:41.701,2026-04-19 22:19:41.701,20260419,20260419,255.0,False,False
UK061,3,6,2026-04-19 17:58:41.701,2026-04-19 19:48:41.701,20260419,20260419,110.0,False,False
SJ004,1,11,2026-04-19 17:52:41.701,2026-04-19 21:01:41.701,20260419,20260419,189.0,False,False
AI173,2,13,2026-04-19 17:36:41.703,2026-04-19 22:27:41.703,20260419,20260419,291.0,False,False
6F085,4,14,2026-04-19 17:32:41.702,2026-04-19 19:32:42.000,20260419,20260419,120.00496666666666,False,False
AI252,5,13,2026-04-19 17:30:41.704,2026-04-19 21:54:41.704,20260419,20260419,264.0,False,False
SJ109,1,8,2026-04-19 17:24:41.702,2026-04-19 20:28:41.702,20260419,20260419,184.0,False,False
UK123,3,8,2026-04-19 17:24:41.702,2026-04-19 20:18:41.702,20260419,20260419,174.0,False,False
6F125,4,2,2026-04-19 17:09:41.702,2026-04-19 21:13:41.702,20260419,20260419,244.0,False,False
UK183,3,25,2026-04-19 17:07:41.703,2026-04-19 18:30:41.703,20260419,20260419,83.0,False,False
AI110,2,2,2026-04-19 17:07:41.702,2026-04-19 22:00:41.702,20260419,20260419,293.0,False,False
UK105,3,20,2026-04-19 17:04:41.702,2026-04-19 18:11:41.702,20260419,20260419,67.0,False,False
6F128,4,13,2026-04-19 16:56:41.702,2026-04-19 18:03:41.702,20260419,20260419,67.0,False,False
6F224,4,9,2026-04-19 16:53:41.704,2026-04-19 18:52:41.704,20260419,20260419,119.0,False,False
SJ130,1,8,2026-04-19 16:53:41.702,2026-04-19 20:53:41.702,20260419,20260419,240.0,False,False
AI224,2,4,2026-04-19 16:51:41.703,2026-04-19 21:36:41.703,20260419,20260419,285.0,False,False
SJ182,1,28,2026-04-19 16:48:41.703,2026-04-19 17:36:41.703,20260419,20260419,48.0,False,False
UK164,3,5,2026-04-19 16:46:41.703,2026-04-19 21:10:41.703,20260419,20260419,264.0,False,False
AI161,2,28,2026-04-19 16:40:41.703,2026-04-19 19:40:41.703,20260419,20260419,180.0,False,False
6F206,4,10,2026-04-19 16:39:41.703,2026-04-19 20:59:41.703,20260419,20260419,260.0,False,False
SJ204,1,12,2026-04-19 16:34:41.703,2026-04-19 18:15:41.703,20260419,20260419,101.0,False,False
AI206,2,1,2026-04-19 16:30:41.703,2026-04-19 20:01:41.703,20260419,20260419,211.0,False,False
6F140,4,20,2026-04-19 16:30:41.702,2026-04-19 18:21:41.702,20260419,20260419,111.0,False,False
6F253,5,23,2026-04-19 16:26:41.703,2026-04-19 18:24:41.703,20260419,20260419,118.0,False,False
SJ203,5,4,2026-04-19 16:22:41.703,2026-04-19 18:27:41.703,20260419,20260419,125.0,False,False
SJ161,1,23,2026-04-19 16:22:41.703,2026-04-19 17:04:41.703,20260419,20260419,42.0,False,False
AI098,2,14,2026-04-19 16:01:41.702,2026-04-19 18:11:41.702,20260419,20260419,130.0,False,False
AI168,5,18,2026-04-19 15:50:41.703,2026-04-19 20:20:41.703,20260419,20260419,270.0,False,False
UK190,3,7,2026-04-19 15:49:41.703,2026-04-19 18:53:41.703,20260419,20260419,184.0,False,False
AI085,2,4,2026-04-19 15:45:41.702,2026-04-19 20:33:41.702,20260419,20260419,288.0,False,False
AI076,2,6,2026-04-19 15:37:41.702,2026-04-19 16:12:41.702,20260419,20260419,35.0,False,False
UK130,3,23,2026-04-19 15:36:41.702,2026-04-19 19:43:41.702,20260419,20260419,247.0,False,False
6F038,4,14,2026-04-19 15:36:41.701,2026-04-19 19:33:41.701,20260419,20260419,237.0,False,False
UK110,3,13,2026-04-19 15:26:41.702,2026-04-19 20:13:41.702,20260419,20260419,287.0,False,False
SJ013,1,9,2026-04-19 15:25:41.701,2026-04-19 19:54:41.701,20260419,20260419,269.0,False,False
AI039,2,23,2026-04-19 15:24:41.701,2026-04-19 18:56:41.701,20260419,20260419,212.0,False,False
AI248,2,12,2026-04-19 15:17:41.704,2026-04-19 16:35:41.704,20260419,20260419,78.0,False,False
6F199,4,9,2026-04-19 15:15:41.703,2026-04-19 17:32:41.703,20260419,20260419,137.0,False,False
AI225,2,26,2026-04-19 15:05:41.703,2026-04-19 16:01:41.703,20260419,20260419,56.0,False,False
SJ028,1,28,2026-04-19 15:04:41.701,2026-04-19 19:32:41.701,20260419,20260419,268.0,False,False
SJ012,1,24,2026-04-19 15:01:41.701,2026-04-19 16:12:41.701,20260419,20260419,71.0,False,False
SJ131,1,19,2026-04-19 15:00:41.702,2026-04-19 16:07:41.702,20260419,20260419,67.0,False,False
AI010,2,5,2026-04-19 15:00:41.701,2026-04-19 19:48:41.701,20260419,20260419,288.0,False,False
6F020,4,5,2026-04-19 14:58:41.701,2026-04-19 16:43:41.701,20260419,20260419,105.0,False,False
SJ038,1,30,2026-04-19 14:57:41.701,2026-04-19 17:46:41.701,20260419,20260419,169.0,False,False
UK204,3,30,2026-04-19 14:46:41.703,2026-04-19 16:24:41.703,20260419,20260419,98.0,False,False
AI036,2,2,2026-04-19 14:45:41.701,2026-04-19 16:16:41.701,20260419,20260419,91.0,False,False
AI100,5,28,2026-04-19 14:42:41.702,2026-04-19 18:22:41.702,20260419,20260419,220.0,False,False
SJ215,1,12,2026-04-19 14:37:41.703,2026-04-19 16:12:41.703,20260419,20260419,95.0,False,False
UK155,3,19,2026-04-19 14:34:41.703,2026-04-19 18:37:41.703,20260419,20260419,243.0,False,False
SJ173,1,20,2026-04-19 14:27:41.703,2026-04-19 16:09:41.703,20260419,20260419,102.0,False,False
UK179,3,4,2026-04-19 14:25:41.703,2026-04-19 19:15:41.703,20260419,20260419,290.0,False,False
UK221,3,12,2026-04-19 14:18:41.704,2026-04-19 18:44:41.704,20260419,20260419,266.0,False,False
UK023,3,9,2026-04-19 14:15:41.701,2026-04-19 19:03:41.701,20260419,20260419,288.0,False,False
SJ107,1,16,2026-04-19 14:10:41.702,2026-04-19 18:38:41.702,20260419,20260419,268.0,False,False
AI073,2,26,2026-04-19 14:08:41.702,2026-04-19 16:10:41.702,20260419,20260419,122.0,False,False
SJ187,1,23,2026-04-19 14:07:41.703,2026-04-19 17:30:41.703,20260419,20260419,203.0,False,False
UK058,3,3,2026-04-19 13:46:41.701,2026-04-19 17:04:41.701,20260419,20260419,198.0,False,False
SJ063,1,3,2026-04-19 13:38:41.701,2026-04-19 15:23:41.701,20260419,20260419,105.0,False,False
SJ062,1,29,2026-04-19 13:37:41.701,2026-04-19 17:06:41.701,20260419,20260419,209.0,False,False
UK048,3,11,2026-04-19 13:36:41.701,2026-04-19 18:21:41.701,20260419,20260419,285.0,False,False
AI181,2,19,2026-04-19 13:29:41.703,2026-04-19 16:55:41.703,20260419,20260419,206.0,False,False
AI003,2,29,2026-04-19 13:27:41.701,2026-04-19 16:55:41.701,20260419,20260419,208.0,False,False
6F041,4,3,2026-04-19 13:19:41.701,2026-04-19 16:48:41.701,20260419,20260419,209.0,False,False
6F175,4,21,2026-04-19 13:18:41.703,2026-04-19 15:13:41.703,20260419,20260419,115.0,False,False
6F013,4,2,2026-04-19 13:15:41.701,2026-04-19 18:05:41.701,20260419,20260419,290.0,False,False
SJ040,1,2,2026-04-19 13:12:41.701,2026-04-19 16:44:41.701,20260419,20260419,212.0,False,False
SJ016,1,15,2026-04-19 13:01:41.701,2026-04-19 16:26:41.701,20260419,20260419,205.0,False,False
6F135,4,19,2026-04-19 12:59:41.702,2026-04-19 13:45:41.702,20260419,20260419,46.0,False,False
6F150,4,14,2026-04-19 12:55:41.703,2026-04-19 16:53:41.703,20260419,20260419,238.0,False,False
AI083,2,10,2026-04-19 12:54:41.702,2026-04-19 13:37:41.702,20260419,20260419,43.0,False,False
SJ166,1,20,2026-04-19 12:51:41.703,2026-04-19 16:18:41.703,20260419,20260419,207.0,False,False
SJ027,5,16,2026-04-19 12:50:41.701,2026-04-19 17:13:41.701,20260419,20260419,263.0,False,False
6F134,4,27,2026-04-19 12:47:41.702,2026-04-19 14:06:41.702,20260419,20260419,79.0,False,False
UK225,3,23,2026-04-19 12:46:41.704,2026-04-19 15:02:41.704,20260419,20260419,136.0,False,False
SJ175,1,23,2026-04-19 12:46:41.703,2026-04-19 16:50:41.703,20260419,20260419,244.0,False,False
AI182,2,13,2026-04-19 12:41:41.703,2026-04-19 17:14:41.703,20260419,20260419,273.0,False,False
AI190,2,2,2026-04-19 12:38:41.703,2026-04-19 15:56:41.703,20260419,20260419,198.0,False,False
AI120,2,21,2026-04-19 12:12:41.702,2026-04-19 14:18:41.702,20260419,20260419,126.0,False,False
6F132,4,3,2026-04-19 12:00:41.702,2026-04-19 13:00:42.000,20260419,20260419,60.00496666666666,False,False
UK102,3,15,2026-04-19 11:58:41.702,2026-04-19 14:01:41.702,20260419,20260419,123.0,False,False
AI045,2,14,2026-04-19 11:58:41.701,2026-04-19 14:37:41.701,20260419,20260419,159.0,False,False
UK136,3,15,2026-04-19 11:43:41.703,2026-04-19 15:26:41.703,20260419,20260419,223.0,False,False
SJ238,1,23,2026-04-19 11:41:41.704,2026-04-19 15:39:41.704,20260419,20260419,238.0,False,False
AI193,2,19,2026-04-19 11:33:41.703,2026-04-19 16:07:41.703,20260419,20260419,274.0,False,False
6F001,4,17,2026-04-19 11:33:41.700,2026-04-19 13:08:41.700,20260419,20260419,95.0,False,False
6F211,4,23,2026-04-19 11:29:41.703,2026-04-19 16:20:41.703,20260419,20260419,291.0,False,False
SJ199,1,17,2026-04-19 11:29:41.703,2026-04-19 13:59:41.703,20260419,20260419,150.0,False,False
SJ050,1,15,2026-04-19 11:24:41.701,2026-04-19 12:03:41.701,20260419,20260419,39.0,False,False
UK115,3,6,2026-04-19 11:20:41.702,2026-04-19 13:20:42.000,20260419,20260419,120.00496666666666,False,False
AI037,5,26,2026-04-19 11:14:41.701,2026-04-19 15:13:41.701,20260419,20260419,239.0,False,False
6F235,4,14,2026-04-19 11:06:41.704,2026-04-19 13:51:41.704,20260419,20260419,165.0,False,False
UK111,3,23,2026-04-19 11:06:41.702,2026-04-19 12:20:41.702,20260419,20260419,74.0,False,False
6F005,4,16,2026-04-19 11:04:41.701,2026-04-19 15:27:41.701,20260419,20260419,263.0,False,False
AI198,2,1,2026-04-19 10:56:41.703,2026-04-19 14:19:41.703,20260419,20260419,203.0,False,False
UK184,3,19,2026-04-19 10:49:41.703,2026-04-19 13:00:41.703,20260419,20260419,131.0,False,False
6F219,4,11,2026-04-19 10:32:41.704,2026-04-19 14:37:41.704,20260419,20260419,245.0,False,False
UK066,3,2,2026-04-19 10:29:41.701,2026-04-19 12:07:41.701,20260419,20260419,98.0,False,False
6F220,4,17,2026-04-19 10:27:41.704,2026-04-19 11:25:41.704,20260419,20260419,58.0,False,False
AI180,2,2,2026-04-19 10:19:41.703,2026-04-19 11:00:41.703,20260419,20260419,41.0,False,False
6F098,4,27,2026-04-19 10:18:41.702,2026-04-19 12:49:41.702,20260419,20260419,151.0,False,False
AI141,2,30,2026-04-19 10:16:41.702,2026-04-19 14:53:41.702,20260419,20260419,277.0,False,False
SJ170,1,6,2026-04-19 10:11:41.703,2026-04-19 11:56:41.703,20260419,20260419,105.0,False,False
SJ178,1,5,2026-04-19 09:58:41.703,2026-04-19 12:27:41.703,20260419,20260419,149.0,False,False
6F172,4,26,2026-04-19 09:53:41.703,2026-04-19 14:46:41.703,20260419,20260419,293.0,False,False
UK220,3,6,2026-04-19 09:51:41.704,2026-04-19 13:25:41.704,20260419,20260419,214.0,False,False
SJ148,1,7,2026-04-19 09:51:41.702,2026-04-19 13:41:41.702,20260419,20260419,230.0,False,False
UK065,3,2,2026-04-19 09:38:41.701,2026-04-19 13:46:41.701,20260419,20260419,248.0,False,False
6F243,4,5,2026-04-19 09:37:41.704,2026-04-19 10:33:41.704,20260419,20260419,56.0,False,False
SJ193,1,12,2026-04-19 09:37:41.703,2026-04-19 12:16:41.703,20260419,20260419,159.0,False,False
UK056,3,14,2026-04-19 09:29:41.701,2026-04-19 10:15:41.701,20260419,20260419,46.0,False,False
AI219,5,30,2026-04-19 09:28:41.703,2026-04-19 11:27:41.703,20260419,20260419,119.0,False,False
SJ073,1,22,2026-04-19 09:26:41.701,2026-04-19 11:14:41.701,20260419,20260419,108.0,False,False
6F052,4,2,2026-04-19 09:13:41.701,2026-04-19 12:02:41.701,20260419,20260419,169.0,False,False
SJ201,1,30,2026-04-19 09:10:41.703,2026-04-19 11:12:41.703,20260419,20260419,122.0,False,False
UK028,3,14,2026-04-19 09:02:41.701,2026-04-19 10:37:41.701,20260419,20260419,95.0,False,False
SJ119,1,2,2026-04-19 08:53:41.702,2026-04-19 11:29:41.702,20260419,20260419,156.0,False,False
AI165,2,18,2026-04-19 08:51:41.703,2026-04-19 10:31:41.703,20260419,20260419,100.0,False,False
AI255,2,21,2026-04-19 08:45:41.704,2026-04-19 13:12:41.704,20260419,20260419,267.0,False,False
AI202,2,24,2026-04-19 08:44:41.703,2026-04-19 10:53:41.703,20260419,20260419,129.0,False,False
SJ039,1,3,2026-04-19 08:41:41.701,2026-04-19 12:08:41.701,20260419,20260419,207.0,False,False
SJ051,5,26,2026-04-19 08:40:41.701,2026-04-19 12:18:41.701,20260419,20260419,218.0,False,False
UK024,3,23,2026-04-19 08:29:41.701,2026-04-19 13:29:41.701,20260419,20260419,300.0,False,False
SJ006,1,24,2026-04-19 08:25:41.701,2026-04-19 08:57:41.701,20260419,20260419,32.0,False,False
AI207,2,16,2026-04-19 08:24:41.703,2026-04-19 11:23:41.703,20260419,20260419,179.0,False,False
SJ168,1,28,2026-04-19 08:17:41.703,2026-04-19 12:29:41.703,20260419,20260419,252.0,False,False
AI028,2,17,2026-04-19 07:53:41.701,2026-04-19 08:35:41.701,20260419,20260419,42.0,False,False
6F094,4,6,2026-04-19 07:37:41.702,2026-04-19 09:06:41.702,20260419,20260419,89.0,False,False
6F024,4,8,2026-04-19 07:31:41.701,2026-04-19 11:17:41.701,20260419,20260419,226.0,False,False
6F061,4,3,2026-04-19 07:28:41.701,2026-04-19 08:09:41.701,20260419,20260419,41.0,False,False
AI032,2,23,2026-04-19 07:26:41.701,2026-04-19 09:26:42.000,20260419,20260419,120.00498333333333,False,False
UK163,3,4,2026-04-19 07:22:41.703,2026-04-19 09:04:41.703,20260419,20260419,102.0,False,False
SJ067,1,23,2026-04-19 07:17:41.701,2026-04-19 08:16:41.701,20260419,20260419,59.0,False,False
SJ106,1,12,2026-04-19 07:16:41.702,2026-04-19 09:40:41.702,20260419,20260419,144.0,False,False
AI086,2,20,2026-04-19 07:13:41.702,2026-04-19 10:09:41.702,20260419,20260419,176.0,False,False
6F263,5,4,2026-04-19 07:07:41.703,2026-04-19 08:30:41.703,20260419,20260419,83.0,False,False
6F163,4,3,2026-04-19 06:49:41.703,2026-04-19 10:46:41.703,20260419,20260419,237.0,False,False
SJ064,1,12,2026-04-19 06:29:41.701,2026-04-19 08:43:41.701,20260419,20260419,134.0,False,False
UK118,3,24,2026-04-19 06:22:41.702,2026-04-19 07:22:42.000,20260419,20260419,60.00496666666666,False,False
UK022,3,4,2026-04-19 06:22:41.701,2026-04-19 10:59:41.701,20260419,20260419,277.0,False,False
UK099,3,16,2026-04-19 06:16:41.702,2026-04-19 10:24:41.702,20260419,20260419,248.0,False,False
6F212,4,25,2026-04-19 06:10:41.703,2026-04-19 10:52:41.703,20260419,20260419,282.0,False,False
AI023,2,24,2026-04-19 06:10:41.701,2026-04-19 09:35:41.701,20260419,20260419,205.0,False,False
SJ245,1,8,2026-04-19 06:07:41.704,2026-04-19 09:39:41.704,20260419,20260419,212.0,False,False
6F066,4,29,2026-04-19 06:07:41.701,2026-04-19 07:43:41.701,20260419,20260419,96.0,False,False
AI138,2,18,2026-04-19 05:50:41.702,2026-04-19 06:40:41.702,20260419,20260419,50.0,False,False
SJ021,1,24,2026-04-19 05:48:41.701,2026-04-19 09:46:41.701,20260419,20260419,238.0,False,False
SJ136,1,24,2026-04-19 05:45:41.702,2026-04-19 08:04:41.702,20260419,20260419,139.0,False,False
AI148,2,14,2026-04-19 05:41:41.703,2026-04-19 08:32:41.703,20260419,20260419,171.0,False,False
SJ014,1,5,2026-04-19 05:40:41.701,2026-04-19 06:39:41.701,20260419,20260419,59.0,False,False
6F104,4,28,2026-04-19 05:39:41.702,2026-04-19 06:14:41.702,20260419,20260419,35.0,False,False
SJ121,1,12,2026-04-19 05:32:41.702,2026-04-19 06:47:41.702,20260419,20260419,75.0,False,False
UK174,3,12,2026-04-19 05:27:41.703,2026-04-19 07:47:41.703,20260419,20260419,140.0,False,False
AI033,2,21,2026-04-19 05:25:41.701,2026-04-19 10:21:41.701,20260419,20260419,296.0,False,False
SJ122,1,28,2026-04-19 05:22:41.702,2026-04-19 10:09:41.702,20260419,20260419,287.0,False,False
UK095,3,16,2026-04-19 05:22:41.702,2026-04-19 07:36:41.702,20260419,20260419,134.0,False,False
SJ026,1,1,2026-04-19 05:22:41.701,2026-04-19 09:40:41.701,20260419,20260419,258.0,False,False
6F221,4,11,2026-04-19 05:20:41.704,2026-04-19 08:52:41.704,20260419,20260419,212.0,False,False
SJ103,1,23,2026-04-19 05:16:41.702,2026-04-19 08:56:41.702,20260419,20260419,220.0,False,False
SJ011,1,16,2026-04-19 05:14:41.701,2026-04-19 09:59:41.701,20260419,20260419,285.0,False,False
AI002,2,24,2026-04-19 05:12:41.700,2026-04-19 07:12:41.700,20260419,20260419,120.0,False,False
AI046,5,10,2026-04-19 05:09:41.701,2026-04-19 08:00:41.701,20260419,20260419,171.0,False,False
SJ053,1,12,2026-04-19 05:00:41.701,2026-04-19 06:38:41.701,20260419,20260419,98.0,False,False
AI236,2,10,2026-04-19 04:52:41.704,2026-04-19 09:11:41.704,20260419,20260419,259.0,False,False
AI254,2,20,2026-04-19 04:46:41.704,2026-04-19 08:06:41.704,20260419,20260419,200.0,False,False
6F063,4,4,2026-04-19 04:42:41.701,2026-04-19 07:31:41.701,20260419,20260419,169.0,False,False
6F115,4,23,2026-04-19 04:41:41.702,2026-04-19 06:23:41.702,20260419,20260419,102.0,False,False
UK070,3,8,2026-04-19 04:36:41.701,2026-04-19 06:49:41.701,20260419,20260419,133.0,False,False
SJ147,1,25,2026-04-19 04:30:41.702,2026-04-19 08:52:41.702,20260419,20260419,262.0,False,False
UK201,3,17,2026-04-19 04:29:41.703,2026-04-19 06:42:41.703,20260419,20260419,133.0,False,False
SJ234,1,25,2026-04-19 04:20:41.704,2026-04-19 06:23:41.704,20260419,20260419,123.0,False,False
AI176,2,30,2026-04-19 04:20:41.703,2026-04-19 06:25:41.703,20260419,20260419,125.0,False,False
SJ045,1,9,2026-04-19 04:16:41.701,2026-04-19 09:03:41.701,20260419,20260419,287.0,False,False
SJ174,1,12,2026-04-19 04:09:41.703,2026-04-19 05:04:41.703,20260419,20260419,55.0,False,False
AI007,2,11,2026-04-19 04:01:41.701,2026-04-19 06:01:42.000,20260419,20260419,120.00498333333333,False,False
AI143,2,12,2026-04-19 03:58:41.702,2026-04-19 04:36:41.702,20260419,20260419,38.0,False,False
SJ241,1,4,2026-04-19 03:57:41.704,2026-04-19 06:36:41.704,20260419,20260419,159.0,False,False
AI020,5,26,2026-04-19 03:53:41.701,2026-04-19 06:21:41.701,20260419,20260419,148.0,False,False
UK031,3,12,2026-04-19 03:45:41.701,2026-04-19 07:20:41.701,20260419,20260419,215.0,False,False
AI013,2,24,2026-04-19 03:41:41.701,2026-04-19 04:58:41.701,20260419,20260419,77.0,False,False
AI249,2,29,2026-04-19 03:38:41.704,2026-04-19 06:27:41.704,20260419,20260419,169.0,False,False
UK046,3,12,2026-04-19 03:37:41.701,2026-04-19 06:05:41.701,20260419,20260419,148.0,False,False
UK168,3,25,2026-04-19 03:20:41.703,2026-04-19 04:09:41.703,20260419,20260419,49.0,False,False
AI022,2,16,2026-04-19 03:15:41.701,2026-04-19 05:10:41.701,20260419,20260419,115.0,False,False
UK218,3,23,2026-04-19 03:12:41.704,2026-04-19 07:22:41.704,20260419,20260419,250.0,False,False
UK142,3,30,2026-04-19 03:03:41.703,2026-04-19 07:13:41.703,20260419,20260419,250.0,False,False
6F067,4,23,2026-04-19 02:59:41.701,2026-04-19 06:02:41.701,20260419,20260419,183.0,False,False
SJ217,1,2,2026-04-19 02:57:41.703,2026-04-19 06:04:41.703,20260419,20260419,187.0,False,False
SJ143,1,10,2026-04-19 02:55:41.702,2026-04-19 03:52:41.702,20260419,20260419,57.0,False,False
AI243,5,6,2026-04-19 02:50:41.704,2026-04-19 05:09:41.704,20260419,20260419,139.0,False,False
SJ246,1,8,2026-04-19 02:47:41.704,2026-04-19 03:47:42.000,20260419,20260419,60.004933333333334,False,False
6F170,4,13,2026-04-19 02:44:41.703,2026-04-19 04:14:41.703,20260419,20260419,90.0,False,False
UK157,3,28,2026-04-19 02:41:41.703,2026-04-19 03:41:42.000,20260419,20260419,60.00495,False,False
UK172,3,10,2026-04-19 02:20:41.703,2026-04-19 05:21:41.703,20260419,20260419,181.0,False,False
SJ139,1,7,2026-04-19 02:20:41.702,2026-04-19 06:02:41.702,20260419,20260419,222.0,False,False
UK085,3,11,2026-04-19 02:15:41.702,2026-04-19 03:17:41.702,20260419,20260419,62.0,False,False
6F079,4,19,2026-04-19 02:14:41.702,2026-04-19 06:18:41.702,20260419,20260419,244.0,False,False
SJ032,1,3,2026-04-19 02:11:41.701,2026-04-19 04:33:41.701,20260419,20260419,142.0,False,False
6F182,4,2,2026-04-19 02:10:41.703,2026-04-19 04:18:41.703,20260419,20260419,128.0,False,False
AI106,2,24,2026-04-19 02:07:41.702,2026-04-19 03:20:41.702,20260419,20260419,73.0,False,False
AI200,2,14,2026-04-19 02:05:41.703,2026-04-19 05:29:41.703,20260419,20260419,204.0,False,False
6F142,4,1,2026-04-19 02:05:41.702,2026-04-19 06:04:41.702,20260419,20260419,239.0,False,False
SJ079,1,13,2026-04-19 01:58:41.702,2026-04-19 05:02:41.702,20260419,20260419,184.0,False,False
SJ082,1,8,2026-04-19 01:54:41.702,2026-04-19 02:33:41.702,20260419,20260419,39.0,False,False
SJ110,1,12,2026-04-19 01:47:41.702,2026-04-19 02:20:41.702,20260419,20260419,33.0,False,False
6F262,5,11,2026-04-19 01:44:41.702,2026-04-19 02:47:41.702,20260419,20260419,63.0,False,False
UK143,3,6,2026-04-19 01:34:41.703,2026-04-19 02:48:41.703,20260419,20260419,74.0,False,False
6F269,5,14,2026-04-19 01:30:41.702,2026-04-19 02:52:41.702,20260419,20260419,82.0,False,False
6F214,4,2,2026-04-19 01:21:41.703,2026-04-19 05:20:41.703,20260419,20260419,239.0,False,False
SJ213,1,2,2026-04-19 01:19:41.703,2026-04-19 04:48:41.703,20260419,20260419,209.0,False,False
SJ072,1,4,2026-04-19 01:18:41.701,2026-04-19 04:08:41.701,20260419,20260419,170.0,False,False
6F059,4,8,2026-04-19 01:12:41.701,2026-04-19 06:02:41.701,20260419,20260419,290.0,False,False
UK202,3,4,2026-04-19 01:11:41.703,2026-04-19 05:37:41.703,20260419,20260419,266.0,False,False
UK037,3,6,2026-04-19 01:10:41.701,2026-04-19 05:12:41.701,20260419,20260419,242.0,False,False
UK069,3,12,2026-04-19 01:10:41.701,2026-04-19 03:23:41.701,20260419,20260419,133.0,False,False
SJ118,1,10,2026-04-19 01:08:41.702,2026-04-19 02:33:41.702,20260419,20260419,85.0,False,False
6F145,4,12,2026-04-19 01:02:41.703,2026-04-19 02:18:41.703,20260419,20260419,76.0,False,False
UK097,3,17,2026-04-19 00:49:41.702,2026-04-19 05:00:41.702,20260419,20260419,251.0,False,False
6F117,4,12,2026-04-19 00:46:41.702,2026-04-19 01:51:41.702,20260419,20260419,65.0,False,False
6F226,4,10,2026-04-19 00:38:41.704,2026-04-19 02:55:41.704,20260419,20260419,137.0,False,False
6F050,4,10,2026-04-19 00:35:41.701,2026-04-19 04:32:41.701,20260419,20260419,237.0,False,False
UK196,3,5,2026-04-19 00:32:41.703,2026-04-19 04:49:41.703,20260419,20260419,257.0,False,False
SJ086,1,12,2026-04-19 00:32:41.702,2026-04-19 04:17:41.702,20260419,20260419,225.0,False,False
AI134,2,17,2026-04-19 00:28:41.702,2026-04-19 04:23:41.702,20260419,20260419,235.0,False,False
AI043,2,12,2026-04-19 00:28:41.701,2026-04-19 04:37:41.701,20260419,20260419,249.0,False,False
UK119,3,2,2026-04-19 00:21:41.702,2026-04-19 04:38:41.702,20260419,20260419,257.0,False,False
SJ181,1,26,2026-04-19 00:20:41.703,2026-04-19 01:49:41.703,20260419,20260419,89.0,False,False
AI070,2,12,2026-04-19 00:05:41.702,2026-04-19 01:44:41.702,20260419,20260419,99.0,False,False
6F233,4,6,2026-04-18 23:56:41.704,2026-04-19 03:53:41.704,20260418,20260419,237.0,True,False
UK013,3,16,2026-04-18 23:52:41.701,2026-04-19 02:52:41.701,20260418,20260419,180.0,True,False
6F015,4,2,2026-04-18 23:39:41.701,2026-04-19 02:27:41.701,20260418,20260419,168.0,True,False
SJ247,1,10,2026-04-18 23:38:41.704,2026-04-19 03:43:41.704,20260418,20260419,245.0,True,False
AI067,2,13,2026-04-18 23:36:41.701,2026-04-19 03:09:41.701,20260418,20260419,213.0,True,False
AI211,2,18,2026-04-18 23:34:41.703,2026-04-19 01:21:41.703,20260418,20260419,107.0,True,False
UK029,3,10,2026-04-18 23:26:41.701,2026-04-19 02:15:41.701,20260418,20260419,169.0,True,False
SJ200,1,8,2026-04-18 23:24:41.703,2026-04-19 02:11:41.703,20260418,20260419,167.0,True,False
6F087,4,4,2026-04-18 23:24:41.702,2026-04-19 03:10:41.702,20260418,20260419,226.0,True,False
SJ210,1,15,2026-04-18 23:21:41.703,2026-04-19 02:54:41.703,20260418,20260419,213.0,True,False
AI101,2,7,2026-04-18 23:20:41.702,2026-04-19 02:23:41.702,20260418,20260419,183.0,True,False
UK075,3,21,2026-04-18 23:15:41.702,2026-04-19 03:54:41.702,20260418,20260419,279.0,True,False
SJ091,1,25,2026-04-18 23:10:41.702,2026-04-19 00:47:41.702,20260418,20260419,97.0,True,False
AI251,2,11,2026-04-18 22:40:41.704,2026-04-18 23:24:41.704,20260418,20260418,44.0,False,False
SJ042,1,15,2026-04-18 22:38:41.701,2026-04-19 02:20:41.701,20260418,20260419,222.0,True,False
UK126,3,12,2026-04-18 22:37:41.702,2026-04-19 00:03:41.702,20260418,20260419,86.0,True,False
6F042,4,13,2026-04-18 22:35:41.701,2026-04-19 02:41:41.701,20260418,20260419,246.0,True,False
AI116,2,28,2026-04-18 22:30:41.702,2026-04-19 01:57:41.702,20260418,20260419,207.0,True,False
SJ209,1,6,2026-04-18 22:22:41.703,2026-04-19 02:03:41.703,20260418,20260419,221.0,True,False
AI123,2,3,2026-04-18 22:19:41.702,2026-04-19 00:45:41.702,20260418,20260419,146.0,True,False
6F016,4,17,2026-04-18 22:18:41.701,2026-04-18 22:54:41.701,20260418,20260418,36.0,False,False
UK012,3,3,2026-04-18 22:16:41.701,2026-04-19 00:25:41.701,20260418,20260419,129.0,True,False
SJ188,1,6,2026-04-18 22:15:41.703,2026-04-18 22:55:41.703,20260418,20260418,40.0,False,False
UK096,3,29,2026-04-18 22:11:41.702,2026-04-19 00:06:41.702,20260418,20260419,115.0,True,False
SJ046,1,16,2026-04-18 22:01:41.701,2026-04-19 01:25:41.701,20260418,20260419,204.0,True,False
UK081,5,30,2026-04-18 22:00:41.702,2026-04-18 23:00:41.702,20260418,20260418,60.0,False,False
UK191,3,23,2026-04-18 21:51:41.703,2026-04-18 22:57:41.703,20260418,20260418,66.0,False,False
6F064,4,12,2026-04-18 21:45:41.701,2026-04-18 22:50:41.701,20260418,20260418,65.0,False,False
AI005,2,18,2026-04-18 21:24:41.701,2026-04-18 22:11:41.701,20260418,20260418,47.0,False,False
6F021,4,27,2026-04-18 21:23:41.701,2026-04-19 01:25:41.701,20260418,20260419,242.0,True,False
AI169,2,12,2026-04-18 21:21:41.703,2026-04-19 01:34:41.703,20260418,20260419,253.0,True,False
UK035,3,17,2026-04-18 21:08:41.701,2026-04-18 22:24:41.701,20260418,20260418,76.0,False,False
AI040,2,24,2026-04-18 21:01:41.701,2026-04-18 22:42:41.701,20260418,20260418,101.0,False,False
UK042,3,3,2026-04-18 20:59:41.701,2026-04-19 01:38:41.701,20260418,20260419,279.0,True,False
SJ171,1,4,2026-04-18 20:52:41.703,2026-04-18 23:52:41.703,20260418,20260418,180.0,False,False
AI250,5,2,2026-04-18 20:48:41.704,2026-04-19 00:12:41.704,20260418,20260419,204.0,True,False
SJ195,1,2,2026-04-18 20:41:41.703,2026-04-18 23:54:41.703,20260418,20260418,193.0,False,False
UK211,3,21,2026-04-18 20:39:41.704,2026-04-18 22:02:41.704,20260418,20260418,83.0,False,False
UK122,3,15,2026-04-18 20:29:42.000,2026-04-18 23:29:42.000,20260418,20260418,180.0,False,False
AI136,2,30,2026-04-18 20:29:41.702,2026-04-18 23:48:41.702,20260418,20260418,199.0,False,False
6F141,4,2,2026-04-18 20:26:41.702,2026-04-18 22:28:41.702,20260418,20260418,122.0,False,False
6F053,4,4,2026-04-18 20:26:41.701,2026-04-19 00:39:41.701,20260418,20260419,253.0,True,False
6F136,4,12,2026-04-18 20:24:41.702,2026-04-18 21:01:41.702,20260418,20260418,37.0,False,False
6F009,4,25,2026-04-18 20:21:41.701,2026-04-18 23:36:41.701,20260418,20260418,195.0,False,False
6F023,4,23,2026-04-18 20:18:41.701,2026-04-19 00:14:41.701,20260418,20260419,236.0,True,False
UK006,3,21,2026-04-18 20:16:41.701,2026-04-18 21:55:41.701,20260418,20260418,99.0,False,False
SJ165,1,28,2026-04-18 20:08:41.703,2026-04-18 23:18:41.703,20260418,20260418,190.0,False,False
6F189,4,23,2026-04-18 20:08:41.703,2026-04-18 21:51:41.703,20260418,20260418,103.0,False,False
AI131,2,3,2026-04-18 19:55:41.702,2026-04-18 22:35:41.702,20260418,20260418,160.0,False,False
6F004,4,2,2026-04-18 19:53:41.701,2026-04-18 23:33:41.701,20260418,20260418,220.0,False,False
AI027,2,16,2026-04-18 19:41:41.701,2026-04-18 23:23:41.701,20260418,20260418,222.0,False,False
AI238,2,1,2026-04-18 19:25:41.704,2026-04-19 00:07:41.704,20260418,20260419,282.0,True,False
SJ105,1,5,2026-04-18 19:22:41.702,2026-04-18 22:48:41.702,20260418,20260418,206.0,False,False
UK088,5,23,2026-04-18 19:16:41.702,2026-04-18 23:36:41.702,20260418,20260418,260.0,False,False
6F035,4,20,2026-04-18 19:16:41.701,2026-04-18 23:40:41.701,20260418,20260418,264.0,False,False
AI133,2,18,2026-04-18 19:12:41.702,2026-04-18 21:32:41.702,20260418,20260418,140.0,False,False
AI001,2,4,2026-04-18 19:00:41.700,2026-04-18 22:03:41.700,20260418,20260418,183.0,False,False
SJ133,1,2,2026-04-18 18:50:41.702,2026-04-18 21:29:41.702,20260418,20260418,159.0,False,False
SJ216,1,2,2026-04-18 18:35:41.703,2026-04-18 21:31:41.703,20260418,20260418,176.0,False,False
SJ225,5,4,2026-04-18 18:16:41.704,2026-04-18 20:53:41.704,20260418,20260418,157.0,False,False
AI147,2,15,2026-04-18 18:14:41.703,2026-04-18 20:10:41.703,20260418,20260418,116.0,False,False
SJ054,1,23,2026-04-18 18:13:41.701,2026-04-18 22:46:41.701,20260418,20260418,273.0,False,False
6F197,4,26,2026-04-18 17:59:41.703,2026-04-18 22:44:41.703,20260418,20260418,285.0,False,False
SJ066,1,15,2026-04-18 17:47:41.701,2026-04-18 19:03:41.701,20260418,20260418,76.0,False,False
SJ183,1,12,2026-04-18 17:44:41.703,2026-04-18 19:40:41.703,20260418,20260418,116.0,False,False
SJ151,1,2,2026-04-18 17:44:41.702,2026-04-18 19:16:41.702,20260418,20260418,92.0,False,False
SJ071,1,1,2026-04-18 17:43:41.701,2026-04-18 19:32:41.701,20260418,20260418,109.0,False,False
SJ102,1,21,2026-04-18 17:26:41.702,2026-04-18 18:58:41.702,20260418,20260418,92.0,False,False
AI209,2,25,2026-04-18 17:25:41.703,2026-04-18 18:37:41.703,20260418,20260418,72.0,False,False
6F111,4,13,2026-04-18 17:09:41.702,2026-04-18 20:02:41.702,20260418,20260418,173.0,False,False
AI050,2,6,2026-04-18 17:07:41.701,2026-04-18 19:42:41.701,20260418,20260418,155.0,False,False
SJ189,1,24,2026-04-18 17:05:41.703,2026-04-18 22:01:41.703,20260418,20260418,296.0,False,False
UK112,5,12,2026-04-18 17:05:41.702,2026-04-18 19:47:41.702,20260418,20260418,162.0,False,False
6F171,4,7,2026-04-18 17:03:41.703,2026-04-18 18:12:41.703,20260418,20260418,69.0,False,False
AI011,2,28,2026-04-18 16:58:41.701,2026-04-18 21:01:41.701,20260418,20260418,243.0,False,False
6F027,4,30,2026-04-18 16:52:41.701,2026-04-18 18:21:41.701,20260418,20260418,89.0,False,False
UK082,3,10,2026-04-18 16:50:41.702,2026-04-18 21:21:41.702,20260418,20260418,271.0,False,False
UK138,3,7,2026-04-18 16:47:41.703,2026-04-18 19:36:41.703,20260418,20260418,169.0,False,False
UK198,3,7,2026-04-18 16:43:41.703,2026-04-18 18:18:41.703,20260418,20260418,95.0,False,False
6F039,4,21,2026-04-18 16:43:41.701,2026-04-18 21:01:41.701,20260418,20260418,258.0,False,False
6F157,4,21,2026-04-18 16:37:41.703,2026-04-18 18:04:41.703,20260418,20260418,87.0,False,False
SJ024,1,9,2026-04-18 16:29:41.701,2026-04-18 20:21:41.701,20260418,20260418,232.0,False,False
6F167,4,6,2026-04-18 16:26:41.703,2026-04-18 17:50:41.703,20260418,20260418,84.0,False,False
AI197,2,2,2026-04-18 16:25:41.703,2026-04-18 20:00:41.703,20260418,20260418,215.0,False,False
SJ211,1,3,2026-04-18 16:22:41.703,2026-04-18 18:34:41.703,20260418,20260418,132.0,False,False
6F055,4,18,2026-04-18 16:21:41.701,2026-04-18 18:49:41.701,20260418,20260418,148.0,False,False
AI253,2,6,2026-04-18 16:13:41.704,2026-04-18 19:51:41.704,20260418,20260418,218.0,False,False
UK060,3,25,2026-04-18 16:09:41.701,2026-04-18 19:42:41.701,20260418,20260418,213.0,False,False
6F257,5,21,2026-04-18 16:04:41.704,2026-04-18 19:55:41.704,20260418,20260418,231.0,False,False
SJ135,1,21,2026-04-18 16:03:41.702,2026-04-18 19:48:41.702,20260418,20260418,225.0,False,False
AI247,2,2,2026-04-18 15:58:41.704,2026-04-18 19:02:41.704,20260418,20260418,184.0,False,False
UK127,3,5,2026-04-18 15:56:41.702,2026-04-18 20:00:41.702,20260418,20260418,244.0,False,False
AI109,2,6,2026-04-18 15:53:41.702,2026-04-18 20:14:41.702,20260418,20260418,261.0,False,False
AI057,2,2,2026-04-18 15:53:41.701,2026-04-18 19:22:41.701,20260418,20260418,209.0,False,False
6F103,4,1,2026-04-18 15:37:41.702,2026-04-18 18:32:41.702,20260418,20260418,175.0,False,False
SJ144,1,6,2026-04-18 15:35:41.702,2026-04-18 19:12:41.702,20260418,20260418,217.0,False,False
6F076,4,20,2026-04-18 15:35:41.702,2026-04-18 16:20:41.702,20260418,20260418,45.0,False,False
6F240,4,4,2026-04-18 15:31:41.704,2026-04-18 19:56:41.704,20260418,20260418,265.0,False,False
UK057,3,12,2026-04-18 15:25:41.701,2026-04-18 20:04:41.701,20260418,20260418,279.0,False,False
AI201,2,25,2026-04-18 15:19:41.703,2026-04-18 16:40:41.703,20260418,20260418,81.0,False,False
SJ242,1,29,2026-04-18 14:55:41.704,2026-04-18 17:42:41.704,20260418,20260418,167.0,False,False
6F037,4,16,2026-04-18 14:51:41.701,2026-04-18 17:23:41.701,20260418,20260418,152.0,False,False
SJ132,1,11,2026-04-18 14:44:41.702,2026-04-18 15:36:41.702,20260418,20260418,52.0,False,False
AI055,2,28,2026-04-18 14:39:41.701,2026-04-18 16:18:41.701,20260418,20260418,99.0,False,False
6F252,5,23,2026-04-18 14:25:41.701,2026-04-18 18:52:41.701,20260418,20260418,267.0,False,False
AI183,2,18,2026-04-18 14:24:41.703,2026-04-18 16:06:41.703,20260418,20260418,102.0,False,False
SJ125,1,7,2026-04-18 14:21:41.702,2026-04-18 16:55:41.702,20260418,20260418,154.0,False,False
SJ087,1,8,2026-04-18 14:20:41.702,2026-04-18 19:09:41.702,20260418,20260418,289.0,False,False
UK182,3,15,2026-04-18 14:19:41.703,2026-04-18 18:25:41.703,20260418,20260418,246.0,False,False
AI016,2,2,2026-04-18 14:15:41.701,2026-04-18 18:38:41.701,20260418,20260418,263.0,False,False
6F107,4,22,2026-04-18 14:14:41.702,2026-04-18 17:14:42.000,20260418,20260418,180.0049666666667,False,False
AI026,2,10,2026-04-18 14:14:41.701,2026-04-18 15:13:41.701,20260418,20260418,59.0,False,False
AI177,2,20,2026-04-18 14:11:41.703,2026-04-18 16:26:41.703,20260418,20260418,135.0,False,False
AI041,2,26,2026-04-18 14:08:41.701,2026-04-18 15:59:41.701,20260418,20260418,111.0,False,False
6F264,5,4,2026-04-18 14:03:41.701,2026-04-18 18:23:41.701,20260418,20260418,260.0,False,False
6F222,4,14,2026-04-18 14:01:41.704,2026-04-18 16:11:41.704,20260418,20260418,130.0,False,False
AI004,2,14,2026-04-18 13:58:41.701,2026-04-18 18:12:41.701,20260418,20260418,254.0,False,False
SJ126,1,7,2026-04-18 13:47:41.702,2026-04-18 16:31:41.702,20260418,20260418,164.0,False,False
SJ220,1,2,2026-04-18 13:45:41.703,2026-04-18 15:21:41.703,20260418,20260418,96.0,False,False
AI204,2,1,2026-04-18 13:40:41.703,2026-04-18 18:38:41.703,20260418,20260418,298.0,False,False
UK098,3,12,2026-04-18 13:38:41.702,2026-04-18 17:54:41.702,20260418,20260418,256.0,False,False
AI090,2,21,2026-04-18 13:37:41.702,2026-04-18 16:11:41.702,20260418,20260418,154.0,False,False
AI092,2,28,2026-04-18 13:36:41.702,2026-04-18 16:20:41.702,20260418,20260418,164.0,False,False
AI049,2,1,2026-04-18 13:35:41.701,2026-04-18 15:48:41.701,20260418,20260418,133.0,False,False
UK117,3,6,2026-04-18 13:17:41.702,2026-04-18 16:54:41.702,20260418,20260418,217.0,False,False
6F227,4,3,2026-04-18 13:16:41.704,2026-04-18 17:41:41.704,20260418,20260418,265.0,False,False
AI228,2,6,2026-04-18 13:16:41.703,2026-04-18 17:44:41.703,20260418,20260418,268.0,False,False
SJ164,1,1,2026-04-18 13:14:41.703,2026-04-18 15:14:42.000,20260418,20260418,120.00495,False,False
AI018,2,2,2026-04-18 13:12:41.701,2026-04-18 18:04:41.701,20260418,20260418,292.0,False,False
UK192,3,13,2026-04-18 12:54:41.703,2026-04-18 13:54:42.000,20260418,20260418,60.00495,False,False
SJ224,1,9,2026-04-18 12:41:41.703,2026-04-18 15:33:41.703,20260418,20260418,172.0,False,False
UK050,3,8,2026-04-18 12:39:41.701,2026-04-18 13:18:41.701,20260418,20260418,39.0,False,False
SJ159,1,12,2026-04-18 12:22:41.703,2026-04-18 14:05:41.703,20260418,20260418,103.0,False,False
UK038,3,21,2026-04-18 12:22:41.701,2026-04-18 15:31:41.701,20260418,20260418,189.0,False,False
6F192,4,22,2026-04-18 12:20:41.703,2026-04-18 16:45:41.703,20260418,20260418,265.0,False,False
6F173,4,2,2026-04-18 12:19:41.703,2026-04-18 13:08:41.703,20260418,20260418,49.0,False,False
AI185,2,28,2026-04-18 12:16:41.703,2026-04-18 16:18:41.703,20260418,20260418,242.0,False,False
SJ152,1,8,2026-04-18 12:09:41.702,2026-04-18 13:50:41.702,20260418,20260418,101.0,False,False
AI215,2,30,2026-04-18 12:07:41.703,2026-04-18 13:43:41.703,20260418,20260418,96.0,False,False
AI074,2,28,2026-04-18 12:03:41.702,2026-04-18 12:50:41.702,20260418,20260418,47.0,False,False
6F109,4,6,2026-04-18 12:00:41.702,2026-04-18 12:51:41.702,20260418,20260418,51.0,False,False
6F144,4,17,2026-04-18 11:56:41.702,2026-04-18 15:11:41.702,20260418,20260418,195.0,False,False
6F210,4,13,2026-04-18 11:51:41.703,2026-04-18 15:58:41.703,20260418,20260418,247.0,False,False
SJ111,1,9,2026-04-18 11:47:41.702,2026-04-18 12:59:41.702,20260418,20260418,72.0,False,False
UK092,3,23,2026-04-18 11:42:41.702,2026-04-18 13:17:41.702,20260418,20260418,95.0,False,False
UK009,3,8,2026-04-18 11:34:41.701,2026-04-18 13:41:41.701,20260418,20260418,127.0,False,False
AI170,2,13,2026-04-18 11:27:41.703,2026-04-18 15:50:41.703,20260418,20260418,263.0,False,False
6F154,4,12,2026-04-18 11:26:41.703,2026-04-18 12:23:41.703,20260418,20260418,57.0,False,False
6F161,4,11,2026-04-18 11:24:41.703,2026-04-18 12:21:41.703,20260418,20260418,57.0,False,False
UK128,3,2,2026-04-18 11:22:41.702,2026-04-18 14:11:41.702,20260418,20260418,169.0,False,False
AI186,2,10,2026-04-18 11:11:41.703,2026-04-18 13:05:41.703,20260418,20260418,114.0,False,False
AI099,2,6,2026-04-18 11:07:41.702,2026-04-18 13:29:41.702,20260418,20260418,142.0,False,False
6F203,4,29,2026-04-18 11:05:41.703,2026-04-18 12:56:41.703,20260418,20260418,111.0,False,False
UK139,5,27,2026-04-18 10:54:41.703,2026-04-18 14:31:41.703,20260418,20260418,217.0,False,False
SJ008,1,24,2026-04-18 10:53:41.701,2026-04-18 15:48:41.701,20260418,20260418,295.0,False,False
AI171,2,23,2026-04-18 10:51:41.703,2026-04-18 13:34:41.703,20260418,20260418,163.0,False,False
6F124,4,6,2026-04-18 10:47:41.702,2026-04-18 15:21:41.702,20260418,20260418,274.0,False,False
6F137,4,12,2026-04-18 10:45:41.702,2026-04-18 15:01:41.702,20260418,20260418,256.0,False,False
AI008,2,2,2026-04-18 10:43:41.701,2026-04-18 12:43:42.000,20260418,20260418,120.00498333333333,False,False
SJ140,5,13,2026-04-18 10:42:41.702,2026-04-18 14:30:41.702,20260418,20260418,228.0,False,False
UK016,3,18,2026-04-18 10:42:41.701,2026-04-18 11:22:41.701,20260418,20260418,40.0,False,False
AI127,2,4,2026-04-18 10:37:41.702,2026-04-18 13:45:41.702,20260418,20260418,188.0,False,False
SJ096,5,4,2026-04-18 10:29:41.702,2026-04-18 13:45:41.702,20260418,20260418,196.0,False,False
6F048,4,13,2026-04-18 10:27:41.701,2026-04-18 11:18:41.701,20260418,20260418,51.0,False,False
SJ090,1,14,2026-04-18 10:24:41.702,2026-04-18 13:11:41.702,20260418,20260418,167.0,False,False
AI014,2,14,2026-04-18 10:24:41.701,2026-04-18 13:51:41.701,20260418,20260418,207.0,False,False
6F131,4,29,2026-04-18 10:22:41.702,2026-04-18 14:20:41.702,20260418,20260418,238.0,False,False
AI130,2,26,2026-04-18 10:18:41.702,2026-04-18 12:59:41.702,20260418,20260418,161.0,False,False
UK151,5,2,2026-04-18 10:11:41.703,2026-04-18 13:30:41.703,20260418,20260418,199.0,False,False
6F165,4,6,2026-04-18 10:11:41.703,2026-04-18 11:09:41.703,20260418,20260418,58.0,False,False
UK161,3,6,2026-04-18 10:05:41.703,2026-04-18 12:48:41.703,20260418,20260418,163.0,False,False
AI107,2,15,2026-04-18 10:03:41.702,2026-04-18 10:49:41.702,20260418,20260418,46.0,False,False
SJ104,1,13,2026-04-18 10:00:41.702,2026-04-18 11:00:42.000,20260418,20260418,60.00496666666666,False,False
AI042,2,12,2026-04-18 09:53:41.701,2026-04-18 10:57:41.701,20260418,20260418,64.0,False,False
6F266,5,1,2026-04-18 09:49:41.703,2026-04-18 11:17:41.703,20260418,20260418,88.0,False,False
6F138,4,24,2026-04-18 09:49:41.702,2026-04-18 12:53:41.702,20260418,20260418,184.0,False,False
SJ219,1,8,2026-04-18 09:32:41.703,2026-04-18 14:09:41.703,20260418,20260418,277.0,False,False
UK197,3,29,2026-04-18 09:22:41.703,2026-04-18 10:54:41.703,20260418,20260418,92.0,False,False
6F119,4,10,2026-04-18 09:19:41.702,2026-04-18 11:33:41.702,20260418,20260418,134.0,False,False
SJ058,1,4,2026-04-18 08:58:41.701,2026-04-18 13:14:41.701,20260418,20260418,256.0,False,False
AI218,2,2,2026-04-18 08:55:41.703,2026-04-18 11:55:41.703,20260418,20260418,180.0,False,False
SJ060,1,15,2026-04-18 08:51:41.701,2026-04-18 13:46:41.701,20260418,20260418,295.0,False,False
UK121,3,6,2026-04-18 08:36:41.702,2026-04-18 12:36:41.702,20260418,20260418,240.0,False,False
6F208,4,28,2026-04-18 08:27:41.703,2026-04-18 11:34:41.703,20260418,20260418,187.0,False,False
6F153,4,22,2026-04-18 08:23:41.703,2026-04-18 12:20:41.703,20260418,20260418,237.0,False,False
AI117,2,24,2026-04-18 08:18:41.702,2026-04-18 10:09:41.702,20260418,20260418,111.0,False,False
SJ113,1,6,2026-04-18 08:10:41.702,2026-04-18 10:10:42.000,20260418,20260418,120.00496666666666,False,False
AI191,2,27,2026-04-18 07:57:41.703,2026-04-18 11:58:41.703,20260418,20260418,241.0,False,False
6F267,5,9,2026-04-18 07:56:41.703,2026-04-18 11:49:41.703,20260418,20260418,233.0,False,False
6F185,4,12,2026-04-18 07:49:41.703,2026-04-18 10:08:41.703,20260418,20260418,139.0,False,False
AI114,2,12,2026-04-18 07:48:41.702,2026-04-18 09:03:41.702,20260418,20260418,75.0,False,False
6F155,4,7,2026-04-18 07:47:41.703,2026-04-18 08:20:41.703,20260418,20260418,33.0,False,False
UK045,3,19,2026-04-18 07:43:41.701,2026-04-18 09:28:41.701,20260418,20260418,105.0,False,False
AI111,2,21,2026-04-18 07:40:41.702,2026-04-18 10:39:41.702,20260418,20260418,179.0,False,False
AI156,2,28,2026-04-18 07:39:41.703,2026-04-18 09:22:41.703,20260418,20260418,103.0,False,False
SJ128,1,22,2026-04-18 07:39:41.702,2026-04-18 10:42:41.702,20260418,20260418,183.0,False,False
AI104,2,19,2026-04-18 07:35:41.702,2026-04-18 09:20:41.702,20260418,20260418,105.0,False,False
6F225,4,15,2026-04-18 07:33:41.704,2026-04-18 12:12:41.704,20260418,20260418,279.0,False,False
6F033,4,4,2026-04-18 07:08:41.701,2026-04-18 09:08:41.701,20260418,20260418,120.0,False,False
6F244,4,21,2026-04-18 07:07:41.704,2026-04-18 08:31:41.704,20260418,20260418,84.0,False,False
UK137,3,16,2026-04-18 07:04:41.703,2026-04-18 09:14:41.703,20260418,20260418,130.0,False,False
AI063,2,24,2026-04-18 07:03:41.701,2026-04-18 11:26:41.701,20260418,20260418,263.0,False,False
SJ156,1,8,2026-04-18 06:59:41.703,2026-04-18 07:34:41.703,20260418,20260418,35.0,False,False
UK125,3,17,2026-04-18 06:58:41.702,2026-04-18 11:44:41.702,20260418,20260418,286.0,False,False
AI232,2,7,2026-04-18 06:43:41.704,2026-04-18 10:13:41.704,20260418,20260418,210.0,False,False
AI167,2,30,2026-04-18 06:43:41.703,2026-04-18 11:10:41.703,20260418,20260418,267.0,False,False
UK160,3,6,2026-04-18 06:42:41.703,2026-04-18 10:58:41.703,20260418,20260418,256.0,False,False
UK129,3,14,2026-04-18 06:29:41.702,2026-04-18 07:29:42.000,20260418,20260418,60.00496666666666,False,False
SJ230,1,2,2026-04-18 06:22:41.704,2026-04-18 10:57:41.704,20260418,20260418,275.0,False,False
SJ056,1,13,2026-04-18 06:11:41.701,2026-04-18 07:10:41.701,20260418,20260418,59.0,False,False
SJ137,1,12,2026-04-18 06:08:41.702,2026-04-18 10:14:41.702,20260418,20260418,246.0,False,False
6F081,4,23,2026-04-18 06:04:41.702,2026-04-18 07:43:41.702,20260418,20260418,99.0,False,False
6F088,4,22,2026-04-18 05:51:41.702,2026-04-18 08:22:41.702,20260418,20260418,151.0,False,False
6F121,4,14,2026-04-18 05:44:41.702,2026-04-18 10:42:41.702,20260418,20260418,298.0,False,False
UK214,3,13,2026-04-18 05:30:41.704,2026-04-18 09:10:41.704,20260418,20260418,220.0,False,False
6F060,4,7,2026-04-18 05:29:41.701,2026-04-18 07:29:42.000,20260418,20260418,120.00498333333333,False,False
SJ101,1,12,2026-04-18 05:17:41.702,2026-04-18 06:57:41.702,20260418,20260418,100.0,False,False
AI017,2,28,2026-04-18 05:15:41.701,2026-04-18 08:48:41.701,20260418,20260418,213.0,False,False
6F120,4,6,2026-04-18 05:14:41.702,2026-04-18 06:14:41.702,20260418,20260418,60.0,False,False
6F217,4,6,2026-04-18 05:13:41.704,2026-04-18 08:01:41.704,20260418,20260418,168.0,False,False
AI194,2,23,2026-04-18 05:09:41.703,2026-04-18 09:38:41.703,20260418,20260418,269.0,False,False
AI095,2,9,2026-04-18 05:00:41.702,2026-04-18 08:18:41.702,20260418,20260418,198.0,False,False
SJ190,1,2,2026-04-18 04:57:41.703,2026-04-18 09:25:41.703,20260418,20260418,268.0,False,False
6F139,4,14,2026-04-18 04:55:41.702,2026-04-18 08:17:41.702,20260418,20260418,202.0,False,False
6F062,4,12,2026-04-18 04:55:41.701,2026-04-18 06:22:41.701,20260418,20260418,87.0,False,False
UK011,3,12,2026-04-18 04:41:41.701,2026-04-18 06:25:41.701,20260418,20260418,104.0,False,False
6F100,4,26,2026-04-18 04:40:41.702,2026-04-18 07:49:41.702,20260418,20260418,189.0,False,False
6F228,4,14,2026-04-18 04:36:41.704,2026-04-18 09:27:41.704,20260418,20260418,291.0,False,False
UK033,3,13,2026-04-18 04:34:41.701,2026-04-18 09:18:41.701,20260418,20260418,284.0,False,False
SJ231,1,7,2026-04-18 04:23:41.704,2026-04-18 05:48:41.704,20260418,20260418,85.0,False,False
AI166,2,2,2026-04-18 04:20:41.703,2026-04-18 07:23:41.703,20260418,20260418,183.0,False,False
SJ176,1,10,2026-04-18 04:15:41.703,2026-04-18 06:17:41.703,20260418,20260418,122.0,False,False
SJ065,1,23,2026-04-18 04:10:41.701,2026-04-18 06:54:41.701,20260418,20260418,164.0,False,False
6F160,4,23,2026-04-18 04:09:41.703,2026-04-18 08:26:41.703,20260418,20260418,257.0,False,False
AI089,2,28,2026-04-18 04:05:41.702,2026-04-18 04:47:41.702,20260418,20260418,42.0,False,False
UK226,3,19,2026-04-18 03:58:41.704,2026-04-18 05:01:41.704,20260418,20260418,63.0,False,False
SJ123,1,2,2026-04-18 03:57:41.702,2026-04-18 05:25:41.702,20260418,20260418,88.0,False,False
AI054,2,15,2026-04-18 03:44:41.701,2026-04-18 08:10:41.701,20260418,20260418,266.0,False,False
UK019,3,5,2026-04-18 03:41:41.701,2026-04-18 04:35:41.701,20260418,20260418,54.0,False,False
UK032,3,6,2026-04-18 03:31:41.701,2026-04-18 07:28:41.701,20260418,20260418,237.0,False,False
SJ100,1,23,2026-04-18 03:28:41.702,2026-04-18 06:50:41.702,20260418,20260418,202.0,False,False
SJ094,1,19,2026-04-18 03:23:41.702,2026-04-18 08:07:41.702,20260418,20260418,284.0,False,False
6F101,4,16,2026-04-18 03:18:41.702,2026-04-18 08:15:41.702,20260418,20260418,297.0,False,False
6F006,4,26,2026-04-18 03:06:41.701,2026-04-18 05:06:42.000,20260418,20260418,120.00498333333333,False,False
AI006,2,26,2026-04-18 03:04:41.701,2026-04-18 05:54:41.701,20260418,20260418,170.0,False,False
AI195,2,1,2026-04-18 02:58:41.703,2026-04-18 04:57:41.703,20260418,20260418,119.0,False,False
UK072,3,26,2026-04-18 02:55:41.702,2026-04-18 05:55:42.000,20260418,20260418,180.0049666666667,False,False
AI244,2,6,2026-04-18 02:50:41.704,2026-04-18 03:25:41.704,20260418,20260418,35.0,False,False
SJ059,1,12,2026-04-18 02:50:41.701,2026-04-18 04:06:41.701,20260418,20260418,76.0,False,False
SJ009,1,22,2026-04-18 02:48:41.701,2026-04-18 04:23:41.701,20260418,20260418,95.0,False,False
AI121,2,14,2026-04-18 02:42:41.702,2026-04-18 06:11:41.702,20260418,20260418,209.0,False,False
6F265,5,4,2026-04-18 02:27:41.703,2026-04-18 03:24:41.703,20260418,20260418,57.0,False,False
6F110,4,13,2026-04-18 02:27:41.702,2026-04-18 05:48:41.702,20260418,20260418,201.0,False,False
UK018,3,2,2026-04-18 02:15:41.701,2026-04-18 04:08:41.701,20260418,20260418,113.0,False,False
6F072,4,25,2026-04-18 02:14:41.702,2026-04-18 03:11:41.702,20260418,20260418,57.0,False,False
6F159,4,28,2026-04-18 02:08:41.703,2026-04-18 02:43:41.703,20260418,20260418,35.0,False,False
6F095,4,27,2026-04-18 01:53:41.702,2026-04-18 05:34:41.702,20260418,20260418,221.0,False,False
SJ129,1,28,2026-04-18 01:48:41.702,2026-04-18 05:48:41.702,20260418,20260418,240.0,False,False
UK039,3,17,2026-04-18 01:40:41.701,2026-04-18 02:53:41.701,20260418,20260418,73.0,False,False
6F130,4,4,2026-04-18 01:27:41.702,2026-04-18 02:45:41.702,20260418,20260418,78.0,False,False
6F247,4,4,2026-04-18 01:27:41.702,2026-04-18 02:45:41.702,20260418,20260418,78.0,False,False
SJ233,1,4,2026-04-18 01:18:41.704,2026-04-18 02:56:41.704,20260418,20260418,98.0,False,False
6F231,4,14,2026-04-18 01:16:41.704,2026-04-18 05:43:41.704,20260418,20260418,267.0,False,False
AI125,5,12,2026-04-18 01:12:41.702,2026-04-18 04:51:41.702,20260418,20260418,219.0,False,False
6F102,4,14,2026-04-18 01:10:41.702,2026-04-18 02:24:41.702,20260418,20260418,74.0,False,False
UK078,3,5,2026-04-18 01:03:41.702,2026-04-18 04:32:41.702,20260418,20260418,209.0,False,False
UK043,5,4,2026-04-18 00:48:41.701,2026-04-18 04:52:41.701,20260418,20260418,244.0,False,False
AI144,2,3,2026-04-18 00:43:41.702,2026-04-18 03:36:41.702,20260418,20260418,173.0,False,False
UK054,3,6,2026-04-18 00:37:41.701,2026-04-18 05:30:41.701,20260418,20260418,293.0,False,False
UK108,3,7,2026-04-18 00:28:41.702,2026-04-18 03:46:41.702,20260418,20260418,198.0,False,False
6F008,4,10,2026-04-18 00:14:41.701,2026-04-18 04:59:41.701,20260418,20260418,285.0,False,False
6F106,4,2,2026-04-18 00:10:41.702,2026-04-18 01:52:41.702,20260418,20260418,102.0,False,False
AI203,2,2,2026-04-18 00:09:41.703,2026-04-18 02:56:41.703,20260418,20260418,167.0,False,False
AI065,5,23,2026-04-18 00:09:41.701,2026-04-18 05:00:41.701,20260418,20260418,291.0,False,False
UK053,3,6,2026-04-17 23:56:41.701,2026-04-18 02:46:41.701,20260417,20260418,170.0,True,False
UK086,3,22,2026-04-17 23:55:41.702,2026-04-18 02:27:41.702,20260417,20260418,152.0,True,False
SJ223,1,14,2026-04-17 23:54:41.703,2026-04-18 01:08:41.703,20260417,20260418,74.0,True,False
6F069,4,23,2026-04-17 23:44:41.701,2026-04-18 03:17:41.701,20260417,20260418,213.0,True,False
6F032,4,10,2026-04-17 23:43:41.701,2026-04-18 02:22:41.701,20260417,20260418,159.0,True,False
UK178,3,7,2026-04-17 23:41:41.703,2026-04-18 04:09:41.703,20260417,20260418,268.0,True,False
6F108,4,4,2026-04-17 23:41:41.702,2026-04-18 03:23:41.702,20260417,20260418,222.0,True,False
UK147,3,12,2026-04-17 23:35:41.703,2026-04-18 02:55:41.703,20260417,20260418,200.0,True,False
AI187,2,29,2026-04-17 23:32:41.703,2026-04-18 01:16:41.703,20260417,20260418,104.0,True,False
UK213,3,2,2026-04-17 23:21:41.704,2026-04-18 01:01:41.704,20260417,20260418,100.0,True,False
AI035,2,9,2026-04-17 23:17:41.701,2026-04-18 00:48:41.701,20260417,20260418,91.0,True,False
UK186,3,26,2026-04-17 23:05:41.703,2026-04-18 02:22:41.703,20260417,20260418,197.0,True,False
6F045,4,5,2026-04-17 23:04:41.701,2026-04-18 03:38:41.701,20260417,20260418,274.0,True,False
UK025,3,10,2026-04-17 22:55:41.701,2026-04-18 02:47:41.701,20260417,20260418,232.0,True,False
UK162,3,2,2026-04-17 22:47:41.703,2026-04-18 00:21:41.703,20260417,20260418,94.0,True,False
AI157,2,25,2026-04-17 22:45:41.703,2026-04-18 01:33:41.703,20260417,20260418,168.0,True,False
6F096,4,23,2026-04-17 22:45:41.702,2026-04-18 02:58:41.702,20260417,20260418,253.0,True,False
SJ229,1,12,2026-04-17 22:25:41.704,2026-04-18 00:27:41.704,20260417,20260418,122.0,True,False
AI214,2,12,2026-04-17 22:23:41.703,2026-04-18 02:49:41.703,20260417,20260418,266.0,True,False
6F205,4,17,2026-04-17 22:16:41.703,2026-04-18 00:02:41.703,20260417,20260418,106.0,True,False
SJ157,1,4,2026-04-17 22:11:41.703,2026-04-18 01:05:41.703,20260417,20260418,174.0,True,False
UK114,3,15,2026-04-17 22:10:41.702,2026-04-17 23:58:41.702,20260417,20260417,108.0,False,False
6F054,4,24,2026-04-17 22:00:41.701,2026-04-18 01:25:41.701,20260417,20260418,205.0,True,False
6F216,4,30,2026-04-17 21:58:41.704,2026-04-18 02:51:41.704,20260417,20260418,293.0,True,False
AI231,2,4,2026-04-17 21:52:41.704,2026-04-17 23:51:41.704,20260417,20260417,119.0,False,False
UK103,3,11,2026-04-17 21:52:41.702,2026-04-18 01:06:41.702,20260417,20260418,194.0,True,False
AI066,2,14,2026-04-17 21:51:41.701,2026-04-18 00:11:41.701,20260417,20260418,140.0,True,False
6F186,4,17,2026-04-17 21:48:41.703,2026-04-18 02:02:41.703,20260417,20260418,254.0,True,False
AI021,2,4,2026-04-17 21:39:41.701,2026-04-18 01:38:41.701,20260417,20260418,239.0,True,False
AI113,2,20,2026-04-17 21:21:41.702,2026-04-17 23:51:41.702,20260417,20260417,150.0,False,False
SJ031,1,10,2026-04-17 21:20:41.701,2026-04-17 22:29:41.701,20260417,20260417,69.0,False,False
UK217,3,21,2026-04-17 21:19:41.704,2026-04-17 22:14:41.704,20260417,20260417,55.0,False,False
SJ120,1,23,2026-04-17 21:19:41.702,2026-04-18 00:56:41.702,20260417,20260418,217.0,True,False
UK180,3,1,2026-04-17 21:18:41.703,2026-04-17 23:29:41.703,20260417,20260417,131.0,False,False
6F242,4,27,2026-04-17 21:10:41.704,2026-04-18 01:04:41.704,20260417,20260418,234.0,True,False
UK080,3,27,2026-04-17 21:09:41.702,2026-04-17 22:29:41.702,20260417,20260417,80.0,False,False
SJ124,1,13,2026-04-17 21:05:41.702,2026-04-18 01:12:41.702,20260417,20260418,247.0,True,False
SJ115,1,5,2026-04-17 21:05:41.702,2026-04-17 23:10:41.702,20260417,20260417,125.0,False,False
AI081,2,28,2026-04-17 21:03:41.702,2026-04-17 22:51:41.702,20260417,20260417,108.0,False,False
AI142,2,8,2026-04-17 20:49:41.702,2026-04-17 23:03:41.702,20260417,20260417,134.0,False,False
UK052,3,25,2026-04-17 20:48:41.701,2026-04-17 21:40:41.701,20260417,20260417,52.0,False,False
UK014,3,14,2026-04-17 20:41:41.701,2026-04-17 22:06:41.701,20260417,20260417,85.0,False,False
AI230,5,22,2026-04-17 20:37:41.704,2026-04-18 00:22:41.704,20260417,20260418,225.0,True,False
6F268,5,9,2026-04-17 20:29:41.701,2026-04-17 21:58:41.701,20260417,20260417,89.0,False,False
AI124,2,20,2026-04-17 20:28:41.702,2026-04-18 00:00:41.702,20260417,20260418,212.0,True,False
6F082,4,26,2026-04-17 20:26:41.702,2026-04-17 22:26:41.702,20260417,20260417,120.0,False,False
SJ035,1,12,2026-04-17 20:15:41.701,2026-04-17 21:15:42.000,20260417,20260417,60.004983333333335,False,False
SJ095,1,9,2026-04-17 20:09:41.702,2026-04-17 23:13:41.702,20260417,20260417,184.0,False,False
UK230,3,6,2026-04-17 20:02:41.704,2026-04-17 21:35:41.704,20260417,20260417,93.0,False,False
UK171,3,15,2026-04-17 19:59:41.703,2026-04-17 22:53:41.703,20260417,20260417,174.0,False,False
6F147,4,14,2026-04-17 19:57:41.703,2026-04-18 00:31:41.703,20260417,20260418,274.0,True,False
SJ212,5,23,2026-04-17 19:49:41.703,2026-04-17 21:44:41.703,20260417,20260417,115.0,False,False
6F080,4,14,2026-04-17 19:47:41.702,2026-04-17 23:13:41.702,20260417,20260417,206.0,False,False
UK049,3,17,2026-04-17 19:47:41.701,2026-04-17 20:32:41.701,20260417,20260417,45.0,False,False
AI152,2,25,2026-04-17 19:21:41.703,2026-04-17 20:26:41.703,20260417,20260417,65.0,False,False
AI162,2,11,2026-04-17 19:20:41.703,2026-04-17 22:40:41.703,20260417,20260417,200.0,False,False
SJ037,1,6,2026-04-17 19:14:41.701,2026-04-17 22:31:41.701,20260417,20260417,197.0,False,False
AI172,2,2,2026-04-17 19:08:41.703,2026-04-17 19:53:41.703,20260417,20260417,45.0,False,False
UK205,3,14,2026-04-17 18:57:41.703,2026-04-17 21:46:41.703,20260417,20260417,169.0,False,False
AI199,2,13,2026-04-17 18:47:41.703,2026-04-17 22:26:41.703,20260417,20260417,219.0,False,False
6F241,4,4,2026-04-17 18:27:41.704,2026-04-17 19:02:41.704,20260417,20260417,35.0,False,False
SJ041,1,20,2026-04-17 18:24:41.701,2026-04-17 22:59:41.701,20260417,20260417,275.0,False,False
AI064,2,27,2026-04-17 18:24:41.701,2026-04-17 20:07:41.701,20260417,20260417,103.0,False,False
UK169,3,13,2026-04-17 18:12:41.703,2026-04-17 23:01:41.703,20260417,20260417,289.0,False,False
UK144,3,2,2026-04-17 18:07:41.703,2026-04-17 20:59:41.703,20260417,20260417,172.0,False,False
AI118,2,14,2026-04-17 17:50:41.702,2026-04-17 19:59:41.702,20260417,20260417,129.0,False,False
SJ145,1,29,2026-04-17 17:41:41.702,2026-04-17 20:38:41.702,20260417,20260417,177.0,False,False
SJ077,1,27,2026-04-17 17:32:41.701,2026-04-17 19:40:41.701,20260417,20260417,128.0,False,False
AI126,2,19,2026-04-17 17:26:41.702,2026-04-17 20:48:41.702,20260417,20260417,202.0,False,False
SJ033,1,13,2026-04-17 17:26:41.701,2026-04-17 18:51:41.701,20260417,20260417,85.0,False,False
SJ180,1,15,2026-04-17 17:12:41.703,2026-04-17 22:00:41.703,20260417,20260417,288.0,False,False
6F183,4,19,2026-04-17 17:08:41.703,2026-04-17 19:52:41.703,20260417,20260417,164.0,False,False
AI145,5,10,2026-04-17 17:06:41.702,2026-04-17 21:31:41.702,20260417,20260417,265.0,False,False
6F089,4,4,2026-04-17 17:06:41.702,2026-04-17 19:10:41.702,20260417,20260417,124.0,False,False
6F207,4,5,2026-04-17 16:59:41.703,2026-04-17 21:00:41.703,20260417,20260417,241.0,False,False
AI229,2,14,2026-04-17 16:48:41.703,2026-04-17 18:40:41.703,20260417,20260417,112.0,False,False
6F223,4,23,2026-04-17 16:47:41.704,2026-04-17 17:21:41.704,20260417,20260417,34.0,False,False
6F116,4,21,2026-04-17 16:43:41.702,2026-04-17 19:02:41.702,20260417,20260417,139.0,False,False
SJ240,1,5,2026-04-17 16:42:41.704,2026-04-17 20:21:41.704,20260417,20260417,219.0,False,False
SJ184,1,12,2026-04-17 16:32:41.703,2026-04-17 21:00:41.703,20260417,20260417,268.0,False,False
AI087,2,11,2026-04-17 16:32:41.702,2026-04-17 20:30:41.702,20260417,20260417,238.0,False,False
UK148,3,17,2026-04-17 16:31:41.703,2026-04-17 18:43:41.703,20260417,20260417,132.0,False,False
AI210,2,6,2026-04-17 16:13:41.703,2026-04-17 18:50:41.703,20260417,20260417,157.0,False,False
6F093,4,12,2026-04-17 16:09:41.702,2026-04-17 20:00:41.702,20260417,20260417,231.0,False,False
SJ080,1,1,2026-04-17 16:04:41.702,2026-04-17 17:59:41.702,20260417,20260417,115.0,False,False
SJ005,1,9,2026-04-17 16:03:41.701,2026-04-17 17:24:41.701,20260417,20260417,81.0,False,False
6F040,4,15,2026-04-17 15:52:41.701,2026-04-17 20:33:41.701,20260417,20260417,281.0,False,False
AI212,2,18,2026-04-17 15:31:41.703,2026-04-17 20:13:41.703,20260417,20260417,282.0,False,False
AI154,2,14,2026-04-17 15:25:41.703,2026-04-17 19:16:41.703,20260417,20260417,231.0,False,False
6F239,4,28,2026-04-17 15:24:41.704,2026-04-17 17:37:41.704,20260417,20260417,133.0,False,False
UK199,3,2,2026-04-17 15:24:41.703,2026-04-17 18:55:41.703,20260417,20260417,211.0,False,False
6F218,4,6,2026-04-17 15:16:41.704,2026-04-17 19:03:41.704,20260417,20260417,227.0,False,False
6F011,4,23,2026-04-17 15:16:41.701,2026-04-17 17:16:42.000,20260417,20260417,120.00498333333333,False,False
UK106,3,2,2026-04-17 15:12:41.702,2026-04-17 17:23:41.702,20260417,20260417,131.0,False,False
UK030,3,12,2026-04-17 15:11:41.701,2026-04-17 19:38:41.701,20260417,20260417,267.0,False,False
6F090,4,24,2026-04-17 15:10:41.702,2026-04-17 19:22:41.702,20260417,20260417,252.0,False,False
AI184,2,2,2026-04-17 15:03:41.703,2026-04-17 17:03:42.000,20260417,20260417,120.00495,False,False
SJ232,1,23,2026-04-17 15:02:41.704,2026-04-17 19:22:41.704,20260417,20260417,260.0,False,False
AI153,2,2,2026-04-17 15:02:41.703,2026-04-17 16:30:41.703,20260417,20260417,88.0,False,False
UK101,3,4,2026-04-17 15:00:41.702,2026-04-17 17:43:41.702,20260417,20260417,163.0,False,False
6F200,4,13,2026-04-17 14:54:41.703,2026-04-17 19:41:41.703,20260417,20260417,287.0,False,False
6F162,4,28,2026-04-17 14:50:41.703,2026-04-17 17:44:41.703,20260417,20260417,174.0,False,False
SJ197,1,24,2026-04-17 14:49:41.703,2026-04-17 17:33:41.703,20260417,20260417,164.0,False,False
AI174,2,18,2026-04-17 14:45:41.703,2026-04-17 17:01:41.703,20260417,20260417,136.0,False,False
UK090,3,14,2026-04-17 14:44:41.702,2026-04-17 17:24:41.702,20260417,20260417,160.0,False,False
UK124,3,23,2026-04-17 14:35:41.702,2026-04-17 17:09:41.702,20260417,20260417,154.0,False,False
AI239,2,5,2026-04-17 14:33:41.704,2026-04-17 17:47:41.704,20260417,20260417,194.0,False,False
UK002,3,1,2026-04-17 14:28:41.700,2026-04-17 19:20:41.700,20260417,20260417,292.0,False,False
SJ055,1,14,2026-04-17 14:17:41.701,2026-04-17 17:56:41.701,20260417,20260417,219.0,False,False
UK132,3,8,2026-04-17 14:12:41.702,2026-04-17 16:19:41.702,20260417,20260417,127.0,False,False
6F002,4,27,2026-04-17 14:11:41.700,2026-04-17 17:34:41.700,20260417,20260417,203.0,False,False
UK005,3,16,2026-04-17 14:02:41.701,2026-04-17 18:14:41.701,20260417,20260417,252.0,False,False
6F258,5,8,2026-04-17 13:54:41.703,2026-04-17 16:49:41.703,20260417,20260417,175.0,False,False
SJ244,1,30,2026-04-17 13:51:41.704,2026-04-17 15:39:41.704,20260417,20260417,108.0,False,False
AI075,2,12,2026-04-17 13:51:41.702,2026-04-17 16:49:41.702,20260417,20260417,178.0,False,False
AI160,2,11,2026-04-17 13:41:41.703,2026-04-17 17:01:41.703,20260417,20260417,200.0,False,False
UK091,3,28,2026-04-17 13:37:41.702,2026-04-17 17:31:41.702,20260417,20260417,234.0,False,False
UK195,3,17,2026-04-17 13:35:41.703,2026-04-17 16:35:41.703,20260417,20260417,180.0,False,False
6F044,4,4,2026-04-17 13:25:41.701,2026-04-17 17:36:41.701,20260417,20260417,251.0,False,False
6F248,4,4,2026-04-17 13:25:41.701,2026-04-17 17:36:41.701,20260417,20260417,251.0,False,False
6F204,4,18,2026-04-17 13:23:41.703,2026-04-17 16:04:41.703,20260417,20260417,161.0,False,False
SJ092,1,27,2026-04-17 13:19:41.702,2026-04-17 17:56:41.702,20260417,20260417,277.0,False,False
AI119,2,23,2026-04-17 13:15:41.702,2026-04-17 15:57:41.702,20260417,20260417,162.0,False,False
AI151,2,19,2026-04-17 13:14:41.703,2026-04-17 14:10:41.703,20260417,20260417,56.0,False,False
UK107,3,17,2026-04-17 13:09:41.702,2026-04-17 14:25:41.702,20260417,20260417,76.0,False,False
SJ019,1,30,2026-04-17 13:07:41.701,2026-04-17 15:56:41.701,20260417,20260417,169.0,False,False
AI052,2,1,2026-04-17 13:06:41.701,2026-04-17 15:42:41.701,20260417,20260417,156.0,False,False
SJ177,1,2,2026-04-17 13:04:41.703,2026-04-17 17:37:41.703,20260417,20260417,273.0,False,False
6F215,4,7,2026-04-17 13:00:41.703,2026-04-17 17:30:41.703,20260417,20260417,270.0,False,False
AI223,2,2,2026-04-17 12:53:41.703,2026-04-17 14:42:41.703,20260417,20260417,109.0,False,False
SJ069,1,24,2026-04-17 12:53:41.701,2026-04-17 14:17:41.701,20260417,20260417,84.0,False,False
6F198,4,24,2026-04-17 12:40:41.703,2026-04-17 17:39:41.703,20260417,20260417,299.0,False,False
AI093,2,26,2026-04-17 12:35:41.702,2026-04-17 17:28:41.702,20260417,20260417,293.0,False,False
UK062,3,13,2026-04-17 12:33:41.701,2026-04-17 15:35:41.701,20260417,20260417,182.0,False,False
6F057,4,11,2026-04-17 12:32:41.701,2026-04-17 15:50:41.701,20260417,20260417,198.0,False,False
UK064,3,8,2026-04-17 12:25:41.701,2026-04-17 14:55:41.701,20260417,20260417,150.0,False,False
